{"strategy":{"FutureTrendV1":{"trades":[{"pair":"BTC/USDT:USDT","stake_amount":986.5699,"max_stake_amount":986.5699,"amount":0.0218,"open_date":"2024-01-02 06:30:00+00:00","close_date":"2024-01-03 11:55:00+00:00","open_rate":45255.5,"close_rate":43897.835,"fee_open":0.0002,"fee_close":0.0002,"trade_duration":1765,"profit_ratio":-0.03038792241490885,"profit_abs":-29.98580554,"exit_reason":"stop_loss","initial_stop_loss_abs":43897.835,"initial_stop_loss_ratio":-0.03,"stop_loss_abs":43897.835,"stop_loss_ratio":-0.03,"min_rate":43400.0,"max_rate":45900.0,"is_open":false,"enter_tag":"","leverage":1.0,"is_short":false,"open_timestamp":1704177000000,"close_timestamp":1704282900000,"orders":[{"amount":0.0218,"safe_price":45255.5,"ft_order_side":"buy","order_filled_timestamp":1704177000000,"ft_is_entry":true,"ft_order_tag":"","cost":986.76721398},{"amount":0.0218,"safe_price":43897.835,"ft_order_side":"sell","order_filled_timestamp":1704282900000,"ft_is_entry":false,"ft_order_tag":"stop_loss","cost":957.1641975606}],"funding_fees":0.0,"weekday":2},{"pair":"BTC/USDT:USDT","stake_amount":958.38487,"max_stake_amount":958.38487,"amount":0.0223,"open_date":"2024-01-03 16:00:00+00:00","close_date":"2024-01-08 12:10:00+00:00","open_rate":42976.9,"close_rate":45143.36905381076,"fee_open":0.0002,"fee_close":0.0002,"trade_duration":6970,"profit_ratio":0.049990001999600076,"profit_abs":47.9192435,"exit_reason":"roi","initial_stop_loss_abs":41687.593,"initial_stop_loss_ratio":-0.03,"stop_loss_abs":41687.593,"stop_loss_ratio":-0.03,"min_rate":41700.0,"max_rate":45175.2,"is_open":false,"enter_tag":"","leverage":1.0,"is_short":false,"open_timestamp":1704297600000,"close_timestamp":1704715800000,"orders":[{"amount":0.0223,"safe_price":42976.9,"ft_order_side":"buy","order_filled_timestamp":1704297600000,"ft_is_entry":true,"ft_order_tag":"","cost":958.576546974},{"amount":0.0223,"safe_price":45143.36905381076,"ft_order_side":"sell","order_filled_timestamp":1704715800000,"ft_is_entry":false,"ft_order_tag":"roi","cost":1006.89846932596}],"funding_fees":0.0,"weekday":0},{"pair":"BTC/USDT:USDT","stake_amount":1003.35282,"max_stake_amount":1003.35282,"amount":0.0223,"open_date":"2024-01-08 15:45:00+00:00","close_date":"2024-01-08 19:10:00+00:00","open_rate":44993.4,"close_rate":47261.52098419683,"fee_open":0.0002,"fee_close":0.0002,"trade_duration":205,"profit_ratio":0.04999000199960008,"profit_abs":50.167641,"exit_reason":"roi","initial_stop_loss_abs":43643.598,"initial_stop_loss_ratio":-0.03,"stop_loss_abs":43643.598,"stop_loss_ratio":-0.03,"min_rate":44787.4,"max_rate":47358.0,"is_open":false,"enter_tag":"","leverage":1.0,"is_short":false,"open_timestamp":1704728700000,"close_timestamp":1704741000000,"orders":[{"amount":0.0223,"safe_price":44993.4,"ft_order_side":"buy","order_filled_timestamp":1704728700000,"ft_is_entry":true,"ft_order_tag":"","cost":1003.5534905640001},{"amount":0.0223,"safe_price":47261.52098419683,"ft_order_side":"sell","order_filled_timestamp":1704741000000,"ft_is_entry":false,"ft_order_tag":"roi","cost":1054.142704331179}],"funding_fees":0.0,"weekday":0},{"pair":"BTC/USDT:USDT","stake_amount":1052.77725,"max_stake_amount":1052.77725,"amount":0.0225,"open_date":"2024-01-09 03:00:00+00:00","close_date":"2024-01-09 21:25:00+00:00","open_rate":46790.1,"close_rate":45386.397,"fee_open":0.0002,"fee_close":0.0002,"trade_duration":1105,"profit_ratio":-0.030387922418840772,"profit_abs":-31.99811174,"exit_reason":"stop_loss","initial_stop_loss_abs":45386.397,"initial_stop_loss_ratio":-0.03,"stop_loss_abs":45386.397,"stop_loss_ratio":-0.03,"min_rate":44634.6,"max_rate":48515.9,"is_open":false,"enter_tag":"","leverage":1.0,"is_short":false,"open_timestamp":1704769200000,"close_timestamp":1704835500000,"orders":[{"amount":0.0225,"safe_price":46790.1,"ft_order_side":"buy","order_filled_timestamp":1704769200000,"ft_is_entry":true,"ft_order_tag":"","cost":1052.9878054499998},{"amount":0.0225,"safe_price":45386.397,"ft_order_side":"sell","order_filled_timestamp":1704835500000,"ft_is_entry":false,"ft_order_tag":"stop_loss","cost":1021.3981712864999}],"funding_fees":0.0,"weekday":1},{"pair":"BTC/USDT:USDT","stake_amount":1021.2852,"max_stake_amount":1021.2852,"amount":0.0221,"open_date":"2024-01-10 00:15:00+00:00","close_date":"2024-01-10 12:45:00+00:00","open_rate":46212.0,"close_rate":44825.64,"fee_open":0.0002,"fee_close":0.0002,"trade_duration":750,"profit_ratio":-0.03038792241669165,"profit_abs":-31.04094237,"exit_reason":"stop_loss","initial_stop_loss_abs":44825.64,"initial_stop_loss_ratio":-0.03,"stop_loss_abs":44825.64,"stop_loss_ratio":-0.03,"min_rate":44764.0,"max_rate":46260.1,"is_open":false,"enter_tag":"","leverage":1.0,"is_short":false,"open_timestamp":1704845700000,"close_timestamp":1704890700000,"orders":[{"amount":0.0221,"safe_price":46212.0,"ft_order_side":"buy","order_filled_timestamp":1704845700000,"ft_is_entry":true,"ft_order_tag":"","cost":1021.48945704},{"amount":0.0221,"safe_price":44825.64,"ft_order_side":"sell","order_filled_timestamp":1704890700000,"ft_is_entry":false,"ft_order_tag":"stop_loss","cost":990.8447733288}],"funding_fees":0.0,"weekday":2},{"pair":"ETH/USDT:USDT","stake_amount":994.16096,"max_stake_amount":994.16096,"amount":0.416,"open_date":"2024-01-10 14:40:00+00:00","close_date":"2024-01-10 21:05:00+00:00","open_rate":2389.81,"close_rate":2510.2805181036206,"fee_open":0.0002,"fee_close":0.0002,"trade_duration":385,"profit_ratio":0.049990001999600076,"profit_abs":49.708048,"exit_reason":"roi","initial_stop_loss_abs":2318.1157,"initial_stop_loss_ratio":-0.03,"stop_loss_abs":2318.1157,"stop_loss_ratio":-0.03,"min_rate":2380.48,"max_rate":2517.87,"is_open":false,"enter_tag":"","leverage":1.0,"is_short":false,"open_timestamp":1704897600000,"close_timestamp":1704920700000,"orders":[{"amount":0.416,"safe_price":2389.81,"ft_order_side":"buy","order_filled_timestamp":1704897600000,"ft_is_entry":true,"ft_order_tag":"","cost":994.3597921919999},{"amount":0.416,"safe_price":2510.2805181036206,"ft_order_side":"sell","order_filled_timestamp":1704920700000,"ft_is_entry":false,"ft_order_tag":"roi","cost":1044.4855508702121}],"funding_fees":0.0,"weekday":2},{"pair":"BTC/USDT:USDT","stake_amount":1042.758,"max_stake_amount":1042.758,"amount":0.0225,"open_date":"2024-01-10 22:20:00+00:00","close_date":"2024-01-11 14:45:00+00:00","open_rate":46344.8,"close_rate":48681.04516903381,"fee_open":0.0002,"fee_close":0.0002,"trade_duration":985,"profit_ratio":0.04999000199960008,"profit_abs":52.1379,"exit_reason":"roi","initial_stop_loss_abs":44954.456,"initial_stop_loss_ratio":-0.03,"stop_loss_abs":44954.456,"stop_loss_ratio":-0.03,"min_rate":45602.9,"max_rate":48987.9,"is_open":false,"enter_tag":"","leverage":1.0,"is_short":false,"open_timestamp":1704925200000,"close_timestamp":1704984300000,"orders":[{"amount":0.0225,"safe_price":46344.8,"ft_order_side":"buy","order_filled_timestamp":1704925200000,"ft_is_entry":true,"ft_order_tag":"","cost":1042.9665516},{"amount":0.0225,"safe_price":48681.04516903381,"ft_order_side":"sell","order_filled_timestamp":1704984300000,"ft_is_entry":false,"ft_order_tag":"roi","cost":1095.5425810065212}],"funding_fees":0.0,"weekday":3},{"pair":"ETH/USDT:USDT","stake_amount":1094.23152,"max_stake_amount":1094.23152,"amount":0.408,"open_date":"2024-01-11 14:50:00+00:00","close_date":"2024-01-11 15:50:00+00:00","open_rate":2681.94,"close_rate":2601.4818,"fee_open":0.0002,"fee_close":0.0002,"trade_duration":60,"profit_ratio":-0.030387922416540245,"profit_abs":-33.25807282,"exit_reason":"stop_loss","initial_stop_loss_abs":2601.4818,"initial_stop_loss_ratio":-0.03,"stop_loss_abs":2601.4818,"stop_loss_ratio":-0.03,"min_rate":2596.7,"max_rate":2691.46,"is_open":false,"enter_tag":"","leverage":1.0,"is_short":false,"open_timestamp":1704984600000,"close_timestamp":1704988200000,"orders":[{"amount":0.408,"safe_price":2681.94,"ft_order_side":"buy","order_filled_timestamp":1704984600000,"ft_is_entry":true,"ft_order_tag":"","cost":1094.450366304},{"amount":0.408,"safe_price":2601.4818,"ft_order_side":"sell","order_filled_timestamp":1704988200000,"ft_is_entry":false,"ft_order_tag":"stop_loss","cost":1061.61685531488}],"funding_fees":0.0,"weekday":3},{"pair":"BTC/USDT:USDT","stake_amount":1060.56936,"max_stake_amount":1060.56936,"amount":0.0228,"open_date":"2024-01-11 18:55:00+00:00","close_date":"2024-01-12 15:15:00+00:00","open_rate":46516.2,"close_rate":45120.71399999999,"fee_open":0.0002,"fee_close":0.0002,"trade_duration":1220,"profit_ratio":-0.03038792241755313,"profit_abs":-32.23494513,"exit_reason":"stop_loss","initial_stop_loss_abs":45120.71399999999,"initial_stop_loss_ratio":-0.03,"stop_loss_abs":45120.71399999999,"stop_loss_ratio":-0.03,"min_rate":44961.1,"max_rate":46966.0,"is_open":false,"enter_tag":"","leverage":1.0,"is_short":false,"open_timestamp":1704999300000,"close_timestamp":1705072500000,"orders":[{"amount":0.0228,"safe_price":46516.2,"ft_order_side":"buy","order_filled_timestamp":1704999300000,"ft_is_entry":true,"ft_order_tag":"","cost":1060.7814738719999},{"amount":0.0228,"safe_price":45120.71399999999,"ft_order_side":"sell","order_filled_timestamp":1705072500000,"ft_is_entry":false,"ft_order_tag":"stop_loss","cost":1028.95802965584}],"funding_fees":0.0,"weekday":4},{"pair":"BTC/USDT:USDT","stake_amount":1029.864,"max_stake_amount":1029.864,"amount":0.0235,"open_date":"2024-01-12 20:30:00+00:00","close_date":"2024-01-12 22:00:00+00:00","open_rate":43824.0,"close_rate":42509.28,"fee_open":0.0002,"fee_close":0.0002,"trade_duration":90,"profit_ratio":-0.030387922419400127,"profit_abs":-31.30168642,"exit_reason":"stop_loss","initial_stop_loss_abs":42509.28,"initial_stop_loss_ratio":-0.03,"stop_loss_abs":42509.28,"stop_loss_ratio":-0.03,"min_rate":41773.9,"max_rate":43977.0,"is_open":false,"enter_tag":"","leverage":1.0,"is_short":false,"open_timestamp":1705091400000,"close_timestamp":1705096800000,"orders":[{"amount":0.0235,"safe_price":43824.0,"ft_order_side":"buy","order_filled_timestamp":1705091400000,"ft_is_entry":true,"ft_order_tag":"","cost":1030.0699728},{"amount":0.0235,"safe_price":42509.28,"ft_order_side":"sell","order_filled_timestamp":1705096800000,"ft_is_entry":false,"ft_order_tag":"stop_loss","cost":999.167873616}],"funding_fees":0.0,"weekday":4},{"pair":"ETH/USDT:USDT","stake_amount":999.9741,"max_stake_amount":999.9741,"amount":0.395,"open_date":"2024-01-13 00:10:00+00:00","close_date":"2024-01-18 18:10:00+00:00","open_rate":2531.58,"close_rate":2455.6326,"fee_open":0.0002,"fee_close":0.0002,"trade_duration":8280,"profit_ratio":-0.030387922420116096,"profit_abs":-30.3932128,"exit_reason":"stop_loss","initial_stop_loss_abs":2455.6326,"initial_stop_loss_ratio":-0.03,"stop_loss_abs":2455.6326,"stop_loss_ratio":-0.03,"min_rate":2455.02,"max_rate":2613.59,"is_open":false,"enter_tag":"","leverage":1.0,"is_short":false,"open_timestamp":1705104600000,"close_timestamp":1705601400000,"orders":[{"amount":0.395,"safe_price":2531.58,"ft_order_side":"buy","order_filled_timestamp":1705104600000,"ft_is_entry":true,"ft_order_tag":"","cost":1000.17409482},{"amount":0.395,"safe_price":2455.6326,"ft_order_side":"sell","order_filled_timestamp":1705601400000,"ft_is_entry":false,"ft_order_tag":"stop_loss","cost":970.1688719754}],"funding_fees":0.0,"weekday":3},{"pair":"ETH/USDT:USDT","stake_amount":967.97865,"max_stake_amount":967.97865,"amount":0.393,"open_date":"2024-01-18 21:50:00+00:00","close_date":"2024-01-22 09:50:00+00:00","open_rate":2463.05,"close_rate":2389.1585,"fee_open":0.0002,"fee_close":0.0002,"trade_duration":5040,"profit_ratio":-0.030387922417479358,"profit_abs":-29.42074309,"exit_reason":"stop_loss","initial_stop_loss_abs":2389.1585,"initial_stop_loss_ratio":-0.03,"stop_loss_abs":2389.1585,"stop_loss_ratio":-0.03,"min_rate":2388.43,"max_rate":2505.95,"is_open":false,"enter_tag":"","leverage":1.0,"is_short":false,"open_timestamp":1705614600000,"close_timestamp":1705917000000,"orders":[{"amount":0.393,"safe_price":2463.05,"ft_order_side":"buy","order_filled_timestamp":1705614600000,"ft_is_entry":true,"ft_order_tag":"","cost":968.1722457300001},{"amount":0.393,"safe_price":2389.1585,"ft_order_side":"sell","order_filled_timestamp":1705917000000,"ft_is_entry":false,"ft_order_tag":"stop_loss","cost":939.1270783581001}],"funding_fees":0.0,"weekday":0},{"pair":"BTC/USDT:USDT","stake_amount":940.1917,"max_stake_amount":940.1917,"amount":0.023,"open_date":"2024-01-22 11:50:00+00:00","close_date":"2024-01-22 18:45:00+00:00","open_rate":40877.9,"close_rate":39651.563,"fee_open":0.0002,"fee_close":0.0002,"trade_duration":415,"profit_ratio":-0.030387922415729577,"profit_abs":-28.57618653,"exit_reason":"stop_loss","initial_stop_loss_abs":39651.563,"initial_stop_loss_ratio":-0.03,"stop_loss_abs":39651.563,"stop_loss_ratio":-0.03,"min_rate":39614.0,"max_rate":41243.0,"is_open":false,"enter_tag":"","leverage":1.0,"is_short":false,"open_timestamp":1705924200000,"close_timestamp":1705949100000,"orders":[{"amount":0.023,"safe_price":40877.9,"ft_order_side":"buy","order_filled_timestamp":1705924200000,"ft_is_entry":true,"ft_order_tag":"","cost":940.3797383399999},{"amount":0.023,"safe_price":39651.563,"ft_order_side":"sell","order_filled_timestamp":1705949100000,"ft_is_entry":false,"ft_order_tag":"stop_loss","cost":912.1683461898}],"funding_fees":0.0,"weekday":0},{"pair":"ETH/USDT:USDT","stake_amount":910.97526,"max_stake_amount":910.97526,"amount":0.391,"open_date":"2024-01-23 00:35:00+00:00","close_date":"2024-01-23 09:25:00+00:00","open_rate":2329.86,"close_rate":2259.9642,"fee_open":0.0002,"fee_close":0.0002,"trade_duration":530,"profit_ratio":-0.030387922412838983,"profit_abs":-27.68818205,"exit_reason":"stop_loss","initial_stop_loss_abs":2259.9642,"initial_stop_loss_ratio":-0.03,"stop_loss_abs":2259.9642,"stop_loss_ratio":-0.03,"min_rate":2226.52,"max_rate":2351.55,"is_open":false,"enter_tag":"","leverage":1.0,"is_short":false,"open_timestamp":1705970100000,"close_timestamp":1706001900000,"orders":[{"amount":0.391,"safe_price":2329.86,"ft_order_side":"buy","order_filled_timestamp":1705970100000,"ft_is_entry":true,"ft_order_tag":"","cost":911.157455052},{"amount":0.391,"safe_price":2259.9642,"ft_order_side":"sell","order_filled_timestamp":1706001900000,"ft_is_entry":false,"ft_order_tag":"stop_loss","cost":883.82273140044}],"funding_fees":0.0,"weekday":1},{"pair":"BTC/USDT:USDT","stake_amount":884.44648,"max_stake_amount":884.44648,"amount":0.0227,"open_date":"2024-01-23 13:15:00+00:00","close_date":"2024-01-26 11:25:00+00:00","open_rate":38962.4,"close_rate":40926.49777955591,"fee_open":0.0002,"fee_close":0.0002,"trade_duration":4210,"profit_ratio":0.04999000199960008,"profit_abs":44.222324,"exit_reason":"roi","initial_stop_loss_abs":37793.528,"initial_stop_loss_ratio":-0.03,"stop_loss_abs":37793.528,"stop_loss_ratio":-0.03,"min_rate":38550.6,"max_rate":41035.7,"is_open":false,"enter_tag":"","leverage":1.0,"is_short":false,"open_timestamp":1706015700000,"close_timestamp":1706268300000,"orders":[{"amount":0.0227,"safe_price":38962.4,"ft_order_side":"buy","order_filled_timestamp":1706015700000,"ft_is_entry":true,"ft_order_tag":"","cost":884.6233692960001},{"amount":0.0227,"safe_price":40926.49777955591,"ft_order_side":"sell","order_filled_timestamp":1706268300000,"ft_is_entry":false,"ft_order_tag":"roi","cost":929.2173058958383}],"funding_fees":0.0,"weekday":4},{"pair":"ETH/USDT:USDT","stake_amount":928.23815,"max_stake_amount":928.23815,"amount":0.413,"open_date":"2024-01-26 14:15:00+00:00","close_date":"2024-01-30 16:25:00+00:00","open_rate":2247.55,"close_rate":2360.8491798359673,"fee_open":0.0002,"fee_close":0.0002,"trade_duration":5890,"profit_ratio":0.04999000199960008,"profit_abs":46.4119075,"exit_reason":"roi","initial_stop_loss_abs":2180.1235,"initial_stop_loss_ratio":-0.03,"stop_loss_abs":2180.1235,"stop_loss_ratio":-0.03,"min_rate":2233.05,"max_rate":2361.11,"is_open":false,"enter_tag":"","leverage":1.0,"is_short":false,"open_timestamp":1706278500000,"close_timestamp":1706631900000,"orders":[{"amount":0.413,"safe_price":2247.55,"ft_order_side":"buy","order_filled_timestamp":1706278500000,"ft_is_entry":true,"ft_order_tag":"","cost":928.42379763},{"amount":0.413,"safe_price":2360.8491798359673,"ft_order_side":"sell","order_filled_timestamp":1706631900000,"ft_is_entry":false,"ft_order_tag":"roi","cost":975.225717414509}],"funding_fees":0.0,"weekday":1},{"pair":"BTC/USDT:USDT","stake_amount":974.55008,"max_stake_amount":974.55008,"amount":0.0224,"open_date":"2024-01-30 17:00:00+00:00","close_date":"2024-01-31 00:00:00+00:00","open_rate":43506.7,"close_rate":42942.2,"fee_open":0.0002,"fee_close":0.0002,"trade_duration":420,"profit_ratio":-0.01336974409048882,"profit_abs":-13.03209107,"exit_reason":"force_exit","initial_stop_loss_abs":42201.498999999996,"initial_stop_loss_ratio":-0.03,"stop_loss_abs":42201.498999999996,"stop_loss_ratio":-0.03,"min_rate":42684.4,"max_rate":43775.0,"is_open":false,"enter_tag":"","leverage":1.0,"is_short":false,"open_timestamp":1706634000000,"close_timestamp":1706659200000,"orders":[{"amount":0.0224,"safe_price":43506.7,"ft_order_side":"buy","order_filled_timestamp":1706634000000,"ft_is_entry":true,"ft_order_tag":"","cost":974.744990016},{"amount":0.0224,"safe_price":42942.2,"ft_order_side":"sell","order_filled_timestamp":1706659200000,"ft_is_entry":false,"ft_order_tag":"force_exit","cost":962.0976610559999}],"funding_fees":0.0,"weekday":2}],"locks":[],"best_pair":{"key":"BTC/USDT:USDT","trades":11,"profit_mean":0.0003875208549806719,"profit_mean_pct":0.04,"profit_total_abs":-3.722660299999987,"profit_total":-0.003722660299999987,"profit_total_pct":-0.37,"duration_avg":"1 day, 3:29:00","wins":4,"draws":0,"losses":7,"winrate":0.36363636363636365,"cagr":-0.04745515013309631,"expectancy":-0.33842366363636245,"expectancy_ratio":-0.011954223188529789,"sortino":-0.4003964830497614,"sharpe":-0.06793493581224225,"calmar":-2.6336498179943346,"sqn":-0.0286,"profit_factor":0.9812147921323103,"max_drawdown_account":0.09644590218961649,"max_drawdown_abs":103.01397218999999},"worst_pair":{"key":"ETH/USDT:USDT","trades":6,"profit_mean":-0.0035952809446290882,"profit_mean_pct":-0.36,"profit_total_abs":-24.640255260000018,"profit_total":-0.024640255260000018,"profit_total_pct":-2.46,"duration_avg":"2 days, 8:04:00","wins":2,"draws":0,"losses":4,"winrate":0.3333333333333333,"cagr":-0.2776365145611831,"expectancy":-4.106709209999998,"expectancy_ratio":-0.1360285539137296,"sortino":-8.327225538827186,"sharpe":-0.4551745202128953,"calmar":-14.614308406739607,"sqn":-0.2486,"profit_factor":0.7959571691294057,"max_drawdown_account":0.11504171182652488,"max_drawdown_abs":120.76021076},"results_per_pair":[{"key":"BTC/USDT:USDT","trades":11,"profit_mean":0.0003875208549806719,"profit_mean_pct":0.04,"profit_total_abs":-3.722660299999987,"profit_total":-0.003722660299999987,"profit_total_pct":-0.37,"duration_avg":"1 day, 3:29:00","wins":4,"draws":0,"losses":7,"winrate":0.36363636363636365,"cagr":-0.04745515013309631,"expectancy":-0.33842366363636245,"expectancy_ratio":-0.011954223188529789,"sortino":-0.4003964830497614,"sharpe":-0.06793493581224225,"calmar":-2.6336498179943346,"sqn":-0.0286,"profit_factor":0.9812147921323103,"max_drawdown_account":0.09644590218961649,"max_drawdown_abs":103.01397218999999},{"key":"ETH/USDT:USDT","trades":6,"profit_mean":-0.0035952809446290882,"profit_mean_pct":-0.36,"profit_total_abs":-24.640255260000018,"profit_total":-0.024640255260000018,"profit_total_pct":-2.46,"duration_avg":"2 days, 8:04:00","wins":2,"draws":0,"losses":4,"winrate":0.3333333333333333,"cagr":-0.2776365145611831,"expectancy":-4.106709209999998,"expectancy_ratio":-0.1360285539137296,"sortino":-8.327225538827186,"sharpe":-0.4551745202128953,"calmar":-14.614308406739607,"sqn":-0.2486,"profit_factor":0.7959571691294057,"max_drawdown_account":0.11504171182652488,"max_drawdown_abs":120.76021076},{"key":"TOTAL","trades":17,"profit_mean":-0.001018173897822773,"profit_mean_pct":-0.1,"profit_total_abs":-28.362915559999998,"profit_total":-0.028362915559999997,"profit_total_pct":-2.84,"duration_avg":"1 day, 13:34:00","wins":6,"draws":0,"losses":11,"winrate":0.35294117647058826,"cagr":-0.31276260144560386,"expectancy":-1.6684067976470622,"expectancy_ratio":-0.05754389975955532,"sortino":-3.663177500087594,"sharpe":-0.5192022921030913,"calmar":-10.063062012484565,"sqn":-0.179,"profit_factor":0.9110685185534145,"max_drawdown_account":0.19231321307760338,"max_drawdown_abs":212.87302884}],"results_per_enter_tag":[{"key":"","trades":17,"profit_mean":-0.001018173897822773,"profit_mean_pct":-0.1,"profit_total_abs":-28.362915559999998,"profit_total":-0.028362915559999997,"profit_total_pct":-2.84,"duration_avg":"1 day, 13:34:00","wins":6,"draws":0,"losses":11,"winrate":0.35294117647058826,"cagr":-0.31276260144560386,"expectancy":-1.6684067976470622,"expectancy_ratio":-0.05754389975955532,"sortino":-3.663177500087594,"sharpe":-0.5192022921030913,"calmar":-10.063062012484565,"sqn":-0.179,"profit_factor":0.9110685185534145,"max_drawdown_account":0.19231321307760338,"max_drawdown_abs":212.87302884},{"key":"TOTAL","trades":17,"profit_mean":-0.001018173897822773,"profit_mean_pct":-0.1,"profit_total_abs":-28.362915559999998,"profit_total":-0.028362915559999997,"profit_total_pct":-2.84,"duration_avg":"1 day, 13:34:00","wins":6,"draws":0,"losses":11,"winrate":0.35294117647058826,"cagr":-0.31276260144560386,"expectancy":-1.6684067976470622,"expectancy_ratio":-0.05754389975955532,"sortino":-3.663177500087594,"sharpe":-0.5192022921030913,"calmar":-10.063062012484565,"sqn":-0.179,"profit_factor":0.9110685185534145,"max_drawdown_account":0.19231321307760338,"max_drawdown_abs":212.87302884}],"exit_reason_summary":[{"key":"roi","trades":6,"profit_mean":0.049990001999600076,"profit_mean_pct":5.0,"profit_total_abs":290.56706399999996,"profit_total":0.290567064,"profit_total_pct":29.06,"duration_avg":"2 days, 3:48:00","wins":6,"draws":0,"losses":0,"winrate":1.0,"cagr":26.803787226534727,"expectancy":48.42784399999999,"expectancy_ratio":100.0,"sortino":-100,"sharpe":76.36740553535013,"calmar":-100,"sqn":41.7113,"profit_factor":0.0,"max_drawdown_account":0.0,"max_drawdown_abs":0.0},{"key":"force_exit","trades":1,"profit_mean":-0.01336974409048882,"profit_mean_pct":-1.34,"profit_total_abs":-13.03209107,"profit_total":-0.01303209107,"profit_total_pct":-1.3,"duration_avg":"7:00:00","wins":0,"draws":0,"losses":1,"winrate":0.0,"cagr":-0.15717782892191745,"expectancy":-13.03209107,"expectancy_ratio":-1.0,"sortino":-100,"sharpe":-100,"calmar":-68.23204705193868,"sqn":-100.0,"profit_factor":0.0,"max_drawdown_account":0.013032091069999979,"max_drawdown_abs":13.03209107},{"key":"stop_loss","trades":10,"profit_mean":-0.030387922417009883,"profit_mean_pct":-3.04,"profit_total_abs":-305.89788849,"profit_total":-0.30589788849,"profit_total_pct":-30.59,"duration_avg":"1 day, 8:06:00","wins":0,"draws":0,"losses":10,"winrate":0.0,"cagr":-0.9914327724714248,"expectancy":-30.589788849,"expectancy_ratio":-1.0,"sortino":-127.58196107405469,"sharpe":-127.58196107405469,"calmar":-68.23204705193857,"sqn":-56.0947,"profit_factor":0.0,"max_drawdown_account":0.30589788849,"max_drawdown_abs":305.89788849},{"key":"TOTAL","trades":17,"profit_mean":-0.001018173897822773,"profit_mean_pct":-0.1,"profit_total_abs":-28.362915559999998,"profit_total":-0.028362915559999997,"profit_total_pct":-2.84,"duration_avg":"1 day, 13:34:00","wins":6,"draws":0,"losses":11,"winrate":0.35294117647058826,"cagr":-0.31276260144560386,"expectancy":-1.6684067976470622,"expectancy_ratio":-0.05754389975955532,"sortino":-3.663177500087594,"sharpe":-0.5192022921030913,"calmar":-10.063062012484565,"sqn":-0.179,"profit_factor":0.9110685185534145,"max_drawdown_account":0.19231321307760338,"max_drawdown_abs":212.87302884}],"mix_tag_stats":[{"key":["","roi"],"trades":6,"profit_mean":0.049990001999600076,"profit_mean_pct":5.0,"profit_total_abs":290.56706399999996,"profit_total":0.290567064,"profit_total_pct":29.06,"duration_avg":"2 days, 3:48:00","wins":6,"draws":0,"losses":0,"winrate":1.0,"cagr":26.803787226534727,"expectancy":48.42784399999999,"expectancy_ratio":100.0,"sortino":-100,"sharpe":76.36740553535013,"calmar":-100,"sqn":41.7113,"profit_factor":0.0,"max_drawdown_account":0.0,"max_drawdown_abs":0.0},{"key":["","force_exit"],"trades":1,"profit_mean":-0.01336974409048882,"profit_mean_pct":-1.34,"profit_total_abs":-13.03209107,"profit_total":-0.01303209107,"profit_total_pct":-1.3,"duration_avg":"7:00:00","wins":0,"draws":0,"losses":1,"winrate":0.0,"cagr":-0.15717782892191745,"expectancy":-13.03209107,"expectancy_ratio":-1.0,"sortino":-100,"sharpe":-100,"calmar":-68.23204705193868,"sqn":-100.0,"profit_factor":0.0,"max_drawdown_account":0.013032091069999979,"max_drawdown_abs":13.03209107},{"key":["","stop_loss"],"trades":10,"profit_mean":-0.030387922417009883,"profit_mean_pct":-3.04,"profit_total_abs":-305.89788849,"profit_total":-0.30589788849,"profit_total_pct":-30.59,"duration_avg":"1 day, 8:06:00","wins":0,"draws":0,"losses":10,"winrate":0.0,"cagr":-0.9914327724714248,"expectancy":-30.589788849,"expectancy_ratio":-1.0,"sortino":-127.58196107405469,"sharpe":-127.58196107405469,"calmar":-68.23204705193857,"sqn":-56.0947,"profit_factor":0.0,"max_drawdown_account":0.30589788849,"max_drawdown_abs":305.89788849},{"key":"TOTAL","trades":17,"profit_mean":-0.001018173897822773,"profit_mean_pct":-0.1,"profit_total_abs":-28.362915559999998,"profit_total":-0.028362915559999997,"profit_total_pct":-2.84,"duration_avg":"1 day, 13:34:00","wins":6,"draws":0,"losses":11,"winrate":0.35294117647058826,"cagr":-0.31276260144560386,"expectancy":-1.6684067976470622,"expectancy_ratio":-0.05754389975955532,"sortino":-3.663177500087594,"sharpe":-0.5192022921030913,"calmar":-10.063062012484565,"sqn":-0.179,"profit_factor":0.9110685185534145,"max_drawdown_account":0.19231321307760338,"max_drawdown_abs":212.87302884}],"left_open_trades":[{"key":"BTC/USDT:USDT","trades":1,"profit_mean":-0.01336974409048882,"profit_mean_pct":-1.34,"profit_total_abs":-13.03209107,"profit_total":-0.01303209107,"profit_total_pct":-1.3,"duration_avg":"7:00:00","wins":0,"draws":0,"losses":1,"winrate":0.0,"cagr":-0.15717782892191745,"expectancy":-13.03209107,"expectancy_ratio":-1.0,"sortino":-100,"sharpe":-100,"calmar":-68.23204705193868,"sqn":-100.0,"profit_factor":0.0,"max_drawdown_account":0.013032091069999979,"max_drawdown_abs":13.03209107},{"key":"TOTAL","trades":1,"profit_mean":-0.01336974409048882,"profit_mean_pct":-1.34,"profit_total_abs":-13.03209107,"profit_total":-0.01303209107,"profit_total_pct":-1.3,"duration_avg":"7:00:00","wins":0,"draws":0,"losses":1,"winrate":0.0,"cagr":-0.15717782892191745,"expectancy":-13.03209107,"expectancy_ratio":-1.0,"sortino":-100,"sharpe":-100,"calmar":-68.23204705193868,"sqn":-100.0,"profit_factor":0.0,"max_drawdown_account":0.013032091069999979,"max_drawdown_abs":13.03209107}],"total_trades":17,"trade_count_long":17,"trade_count_short":0,"total_volume":33685.72528024658,"avg_stake_amount":991.194605882353,"profit_mean":-0.001018173897822773,"profit_median":-0.03038792241490885,"profit_total":-0.028362915559999997,"profit_total_long":-0.028362915559999997,"profit_total_short":0.0,"profit_total_abs":-28.362915559999998,"profit_total_long_abs":-28.362915559999998,"profit_total_short_abs":0.0,"cagr":-0.31276260144560386,"expectancy":-1.6684067976470622,"expectancy_ratio":-0.05754389975955532,"sortino":-3.663177500087594,"sharpe":-0.5192022921030913,"calmar":-10.063062012484565,"sqn":-0.179,"profit_factor":0.9110685185534145,"backtest_start":"2024-01-02 01:00:00","backtest_start_ts":1704157200000,"backtest_end":"2024-01-31 00:00:00","backtest_end_ts":1706659200000,"backtest_days":28,"backtest_run_start_ts":1768470124,"backtest_run_end_ts":1768470125,"trades_per_day":0.61,"market_change":-0.03404607213420861,"pairlist":["BTC/USDT:USDT","ETH/USDT:USDT"],"stake_amount":"unlimited","stake_currency":"USDT","stake_currency_decimals":3,"starting_balance":1000,"dry_run_wallet":1000,"final_balance":971.63708444,"rejected_signals":147,"timedout_entry_orders":0,"timedout_exit_orders":0,"canceled_trade_entries":0,"canceled_entry_orders":0,"replaced_entry_orders":0,"max_open_trades":1,"max_open_trades_setting":1,"timeframe":"5m","timeframe_detail":"","timerange":"20240101-20240131","enable_protections":false,"strategy_name":"FutureTrendV1","freqaimodel":null,"freqai_identifier":null,"stoploss":-0.03,"trailing_stop":false,"trailing_stop_positive":0.01,"trailing_stop_positive_offset":0.02,"trailing_only_offset_is_reached":false,"use_custom_stoploss":false,"minimal_roi":{"0":0.05},"use_exit_signal":true,"exit_profit_only":false,"exit_profit_offset":0.0,"ignore_roi_if_entry_signal":false,"trading_mode":"futures","margin_mode":"isolated","periodic_breakdown":{"day":[{"date":"03/01/2024","date_ts":1704240000000,"profit_abs":-29.98580554,"wins":0,"draws":0,"losses":1,"trades":1,"profit_factor":0.0},{"date":"04/01/2024","date_ts":1704326400000,"profit_abs":0.0,"wins":0,"draws":0,"losses":0,"trades":0,"profit_factor":0.0},{"date":"05/01/2024","date_ts":1704412800000,"profit_abs":0.0,"wins":0,"draws":0,"losses":0,"trades":0,"profit_factor":0.0},{"date":"06/01/2024","date_ts":1704499200000,"profit_abs":0.0,"wins":0,"draws":0,"losses":0,"trades":0,"profit_factor":0.0},{"date":"07/01/2024","date_ts":1704585600000,"profit_abs":0.0,"wins":0,"draws":0,"losses":0,"trades":0,"profit_factor":0.0},{"date":"08/01/2024","date_ts":1704672000000,"profit_abs":98.0868845,"wins":2,"draws":0,"losses":0,"trades":2,"profit_factor":0.0},{"date":"09/01/2024","date_ts":1704758400000,"profit_abs":-31.99811174,"wins":0,"draws":0,"losses":1,"trades":1,"profit_factor":0.0},{"date":"10/01/2024","date_ts":1704844800000,"profit_abs":18.66710563,"wins":1,"draws":0,"losses":1,"trades":2,"profit_factor":1.60137045},{"date":"11/01/2024","date_ts":1704931200000,"profit_abs":18.87982718,"wins":1,"draws":0,"losses":1,"trades":2,"profit_factor":1.56767652},{"date":"12/01/2024","date_ts":1705017600000,"profit_abs":-63.53663155,"wins":0,"draws":0,"losses":2,"trades":2,"profit_factor":0.0},{"date":"13/01/2024","date_ts":1705104000000,"profit_abs":0.0,"wins":0,"draws":0,"losses":0,"trades":0,"profit_factor":0.0},{"date":"14/01/2024","date_ts":1705190400000,"profit_abs":0.0,"wins":0,"draws":0,"losses":0,"trades":0,"profit_factor":0.0},{"date":"15/01/2024","date_ts":1705276800000,"profit_abs":0.0,"wins":0,"draws":0,"losses":0,"trades":0,"profit_factor":0.0},{"date":"16/01/2024","date_ts":1705363200000,"profit_abs":0.0,"wins":0,"draws":0,"losses":0,"trades":0,"profit_factor":0.0},{"date":"17/01/2024","date_ts":1705449600000,"profit_abs":0.0,"wins":0,"draws":0,"losses":0,"trades":0,"profit_factor":0.0},{"date":"18/01/2024","date_ts":1705536000000,"profit_abs":-30.3932128,"wins":0,"draws":0,"losses":1,"trades":1,"profit_factor":0.0},{"date":"19/01/2024","date_ts":1705622400000,"profit_abs":0.0,"wins":0,"draws":0,"losses":0,"trades":0,"profit_factor":0.0},{"date":"20/01/2024","date_ts":1705708800000,"profit_abs":0.0,"wins":0,"draws":0,"losses":0,"trades":0,"profit_factor":0.0},{"date":"21/01/2024","date_ts":1705795200000,"profit_abs":0.0,"wins":0,"draws":0,"losses":0,"trades":0,"profit_factor":0.0},{"date":"22/01/2024","date_ts":1705881600000,"profit_abs":-57.99692962,"wins":0,"draws":0,"losses":2,"trades":2,"profit_factor":0.0},{"date":"23/01/2024","date_ts":1705968000000,"profit_abs":-27.68818205,"wins":0,"draws":0,"losses":1,"trades":1,"profit_factor":0.0},{"date":"24/01/2024","date_ts":1706054400000,"profit_abs":0.0,"wins":0,"draws":0,"losses":0,"trades":0,"profit_factor":0.0},{"date":"25/01/2024","date_ts":1706140800000,"profit_abs":0.0,"wins":0,"draws":0,"losses":0,"trades":0,"profit_factor":0.0},{"date":"26/01/2024","date_ts":1706227200000,"profit_abs":44.222324,"wins":1,"draws":0,"losses":0,"trades":1,"profit_factor":0.0},{"date":"27/01/2024","date_ts":1706313600000,"profit_abs":0.0,"wins":0,"draws":0,"losses":0,"trades":0,"profit_factor":0.0},{"date":"28/01/2024","date_ts":1706400000000,"profit_abs":0.0,"wins":0,"draws":0,"losses":0,"trades":0,"profit_factor":0.0},{"date":"29/01/2024","date_ts":1706486400000,"profit_abs":0.0,"wins":0,"draws":0,"losses":0,"trades":0,"profit_factor":0.0},{"date":"30/01/2024","date_ts":1706572800000,"profit_abs":46.4119075,"wins":1,"draws":0,"losses":0,"trades":1,"profit_factor":0.0},{"date":"31/01/2024","date_ts":1706659200000,"profit_abs":-13.03209107,"wins":0,"draws":0,"losses":1,"trades":1,"profit_factor":0.0}],"week":[{"date":"08/01/2024","date_ts":1704672000000,"profit_abs":68.10107896,"wins":2,"draws":0,"losses":1,"trades":3,"profit_factor":3.27111054},{"date":"15/01/2024","date_ts":1705276800000,"profit_abs":-57.98781048,"wins":2,"draws":0,"losses":5,"trades":7,"profit_factor":0.63719923},{"date":"22/01/2024","date_ts":1705881600000,"profit_abs":-88.39014242,"wins":0,"draws":0,"losses":3,"trades":3,"profit_factor":0.0},{"date":"29/01/2024","date_ts":1706486400000,"profit_abs":16.53414195,"wins":1,"draws":0,"losses":1,"trades":2,"profit_factor":1.5971552},{"date":"05/02/2024","date_ts":1707091200000,"profit_abs":33.37981643,"wins":1,"draws":0,"losses":1,"trades":2,"profit_factor":3.56135537}],"month":[{"date":"31/01/2024","date_ts":1706659200000,"profit_abs":-28.36291556,"wins":6,"draws":0,"losses":11,"trades":17,"profit_factor":0.91106852}],"year":[{"date":"31/12/2024","date_ts":1735603200000,"profit_abs":-28.36291556,"wins":6,"draws":0,"losses":11,"trades":17,"profit_factor":0.91106852}],"weekday":[{"date":"Monday","date_ts":0,"profit_abs":40.08995488,"wins":2,"draws":0,"losses":2,"trades":4,"profit_factor":1.69124271},{"date":"Tuesday","date_ts":1,"profit_abs":-13.27438629,"wins":1,"draws":0,"losses":2,"trades":3,"profit_factor":0.77759741},{"date":"Wednesday","date_ts":2,"profit_abs":-24.35079098,"wins":1,"draws":0,"losses":3,"trades":4,"profit_factor":0.6711967},{"date":"Thursday","date_ts":3,"profit_abs":-11.51338562,"wins":1,"draws":0,"losses":2,"trades":3,"profit_factor":0.81911778},{"date":"Friday","date_ts":4,"profit_abs":-19.31430755,"wins":1,"draws":0,"losses":2,"trades":3,"profit_factor":0.69601304}]},"backtest_best_day":0.09998000399920015,"backtest_worst_day":-0.06077584483695325,"backtest_best_day_abs":98.0868845,"backtest_worst_day_abs":-63.53663155,"winning_days":5,"draw_days":17,"losing_days":7,"daily_profit":[["2024-01-03",-29.98580554],["2024-01-04",0.0],["2024-01-05",0.0],["2024-01-06",0.0],["2024-01-07",0.0],["2024-01-08",98.0868845],["2024-01-09",-31.99811174],["2024-01-10",18.66710563],["2024-01-11",18.87982718],["2024-01-12",-63.53663155],["2024-01-13",0.0],["2024-01-14",0.0],["2024-01-15",0.0],["2024-01-16",0.0],["2024-01-17",0.0],["2024-01-18",-30.3932128],["2024-01-19",0.0],["2024-01-20",0.0],["2024-01-21",0.0],["2024-01-22",-57.99692962],["2024-01-23",-27.68818205],["2024-01-24",0.0],["2024-01-25",0.0],["2024-01-26",44.222324],["2024-01-27",0.0],["2024-01-28",0.0],["2024-01-29",0.0],["2024-01-30",46.4119075],["2024-01-31",-13.03209107]],"wins":6,"losses":11,"draws":0,"winrate":0.35294117647058826,"holding_avg":"1 day, 13:34:00","holding_avg_s":135240.0,"winner_holding_min":"0d 03:25","winner_holding_min_s":12300.0,"winner_holding_max":"4d 20:10","winner_holding_max_s":418200.0,"winner_holding_avg":"2d 03:48","winner_holding_avg_s":186480.0,"loser_holding_min":"0d 01:00","loser_holding_min_s":3600.0,"loser_holding_max":"5d 18:00","loser_holding_max_s":496800.0,"loser_holding_avg":"1d 05:49","loser_holding_avg_s":107340.0,"max_consecutive_wins":2,"max_consecutive_losses":7,"max_drawdown_account":0.19231321307760338,"max_relative_drawdown":0.19231321307760338,"max_drawdown_abs":212.87302884,"drawdown_start":"2024-01-11 14:45:00","drawdown_start_ts":1704984300000.0,"drawdown_end":"2024-01-23 09:25:00","drawdown_end_ts":1706001900000.0,"drawdown_duration":"11 days 18:40:00","drawdown_duration_s":1017600.0,"max_drawdown_low":-105.96505599,"max_drawdown_high":106.90797285,"csum_min":894.03494401,"csum_max":1106.90797285}},"strategy_comparison":[{"key":"FutureTrendV1","trades":17,"profit_mean":-0.001018173897822773,"profit_mean_pct":-0.1,"profit_total_abs":-28.362915559999998,"profit_total":-0.028362915559999997,"profit_total_pct":-2.84,"duration_avg":"1 day, 13:34:00","wins":6,"draws":0,"losses":11,"winrate":0.35294117647058826,"cagr":-0.31276260144560386,"expectancy":-1.6684067976470622,"expectancy_ratio":-0.05754389975955532,"sortino":-3.663177500087594,"sharpe":-0.5192022921030913,"calmar":-10.063062012484565,"sqn":-0.179,"profit_factor":0.9110685185534145,"max_drawdown_account":0.19231321307760338,"max_drawdown_abs":"212.873"}]}