{"strategy":{"FutureMeanRevV1":{"trades":[{"pair":"ETH/USDT:USDT","stake_amount":988.70936,"max_stake_amount":988.70936,"amount":0.412,"open_date":"2024-01-02 10:50:00+00:00","close_date":"2024-01-03 12:00:00+00:00","open_rate":2399.78,"close_rate":2279.791,"fee_open":0.0002,"fee_close":0.0002,"trade_duration":1510,"profit_ratio":-0.05037992401479247,"profit_abs":-49.82106465,"exit_reason":"stop_loss","initial_stop_loss_abs":2279.791,"initial_stop_loss_ratio":-0.05,"stop_loss_abs":2279.791,"stop_loss_ratio":-0.05,"min_rate":2184.38,"max_rate":2405.99,"is_open":false,"enter_tag":"","leverage":1.0,"is_short":false,"open_timestamp":1704192600000,"close_timestamp":1704283200000,"orders":[{"amount":0.412,"safe_price":2399.78,"ft_order_side":"buy","order_filled_timestamp":1704192600000,"ft_is_entry":true,"ft_order_tag":"","cost":988.907101872},{"amount":0.412,"safe_price":2279.791,"ft_order_side":"sell","order_filled_timestamp":1704283200000,"ft_is_entry":false,"ft_order_tag":"stop_loss","cost":939.4617467784}],"funding_fees":0.0,"weekday":2},{"pair":"BTC/USDT:USDT","stake_amount":939.6618,"max_stake_amount":939.6618,"amount":0.0215,"open_date":"2024-01-03 12:00:00+00:00","close_date":"2024-01-03 12:05:00+00:00","open_rate":43705.2,"close_rate":41519.939999999995,"fee_open":0.0002,"fee_close":0.0002,"trade_duration":5,"profit_ratio":-0.05037992401306897,"profit_abs":-47.3495581,"exit_reason":"stop_loss","initial_stop_loss_abs":41519.939999999995,"initial_stop_loss_ratio":-0.05,"stop_loss_abs":41519.939999999995,"stop_loss_ratio":-0.05,"min_rate":40250.7,"max_rate":43722.0,"is_open":false,"enter_tag":"","leverage":1.0,"is_short":false,"open_timestamp":1704283200000,"close_timestamp":1704283500000,"orders":[{"amount":0.0215,"safe_price":43705.2,"ft_order_side":"buy","order_filled_timestamp":1704283200000,"ft_is_entry":true,"ft_order_tag":"","cost":939.8497323599998},{"amount":0.0215,"safe_price":41519.939999999995,"ft_order_side":"sell","order_filled_timestamp":1704283500000,"ft_is_entry":false,"ft_order_tag":"stop_loss","cost":892.8572457419998}],"funding_fees":0.0,"weekday":2},{"pair":"ETH/USDT:USDT","stake_amount":893.3691,"max_stake_amount":893.3691,"amount":0.397,"open_date":"2024-01-03 12:05:00+00:00","close_date":"2024-01-03 12:05:00+00:00","open_rate":2250.3,"close_rate":2137.785,"fee_open":0.0002,"fee_close":0.0002,"trade_duration":0,"profit_ratio":-0.0503799240163161,"profit_abs":-45.01686895,"exit_reason":"stop_loss","initial_stop_loss_abs":2137.785,"initial_stop_loss_ratio":-0.05,"stop_loss_abs":2137.785,"stop_loss_ratio":-0.05,"min_rate":2057.27,"max_rate":2252.79,"is_open":false,"enter_tag":"","leverage":1.0,"is_short":false,"open_timestamp":1704283500000,"close_timestamp":1704283500000,"orders":[{"amount":0.397,"safe_price":2250.3,"ft_order_side":"buy","order_filled_timestamp":1704283500000,"ft_is_entry":true,"ft_order_tag":"","cost":893.5477738200001},{"amount":0.397,"safe_price":2137.785,"ft_order_side":"sell","order_filled_timestamp":1704283500000,"ft_is_entry":false,"ft_order_tag":"stop_loss","cost":848.8703851289999}],"funding_fees":0.0,"weekday":2},{"pair":"BTC/USDT:USDT","stake_amount":849.0006,"max_stake_amount":849.0006,"amount":0.021,"open_date":"2024-01-03 12:10:00+00:00","close_date":"2024-01-04 14:50:00+00:00","open_rate":40428.6,"close_rate":43679.70966193238,"fee_open":0.0002,"fee_close":0.0002,"trade_duration":1600,"profit_ratio":0.07998400319936012,"profit_abs":67.920048,"exit_reason":"roi","initial_stop_loss_abs":38407.17,"initial_stop_loss_ratio":-0.05,"stop_loss_abs":38407.17,"stop_loss_ratio":-0.05,"min_rate":40183.9,"max_rate":43778.5,"is_open":false,"enter_tag":"","leverage":1.0,"is_short":false,"open_timestamp":1704283800000,"close_timestamp":1704379800000,"orders":[{"amount":0.021,"safe_price":40428.6,"ft_order_side":"buy","order_filled_timestamp":1704283800000,"ft_is_entry":true,"ft_order_tag":"","cost":849.1704001200001},{"amount":0.021,"safe_price":43679.70966193238,"ft_order_side":"sell","order_filled_timestamp":1704379800000,"ft_is_entry":false,"ft_order_tag":"roi","cost":917.45735768116}],"funding_fees":0.0,"weekday":3},{"pair":"BTC/USDT:USDT","stake_amount":914.64464,"max_stake_amount":914.64464,"amount":0.0208,"open_date":"2024-01-05 01:20:00+00:00","close_date":"2024-01-09 21:10:00+00:00","open_rate":43973.3,"close_rate":47509.460552110424,"fee_open":0.0002,"fee_close":0.0002,"trade_duration":6950,"profit_ratio":0.07998400319936012,"profit_abs":73.1715712,"exit_reason":"roi","initial_stop_loss_abs":41774.635,"initial_stop_loss_ratio":-0.05,"stop_loss_abs":41774.635,"stop_loss_ratio":-0.05,"min_rate":42249.4,"max_rate":48515.9,"is_open":false,"enter_tag":"","leverage":1.0,"is_short":false,"open_timestamp":1704417600000,"close_timestamp":1704834600000,"orders":[{"amount":0.0208,"safe_price":43973.3,"ft_order_side":"buy","order_filled_timestamp":1704417600000,"ft_is_entry":true,"ft_order_tag":"","cost":914.827568928},{"amount":0.0208,"safe_price":47509.460552110424,"ft_order_side":"sell","order_filled_timestamp":1704834600000,"ft_is_entry":false,"ft_order_tag":"roi","cost":988.3944188397935}],"funding_fees":0.0,"weekday":1},{"pair":"BTC/USDT:USDT","stake_amount":986.27585,"max_stake_amount":986.27585,"amount":0.0217,"open_date":"2024-01-09 22:00:00+00:00","close_date":"2024-01-12 22:00:00+00:00","open_rate":45450.5,"close_rate":43177.975,"fee_open":0.0002,"fee_close":0.0002,"trade_duration":4320,"profit_ratio":-0.050379924013676386,"profit_abs":-49.69844008,"exit_reason":"stop_loss","initial_stop_loss_abs":43177.975,"initial_stop_loss_ratio":-0.05,"stop_loss_abs":43177.975,"stop_loss_ratio":-0.05,"min_rate":41773.9,"max_rate":49000.0,"is_open":false,"enter_tag":"","leverage":1.0,"is_short":false,"open_timestamp":1704837600000,"close_timestamp":1705096800000,"orders":[{"amount":0.0217,"safe_price":45450.5,"ft_order_side":"buy","order_filled_timestamp":1704837600000,"ft_is_entry":true,"ft_order_tag":"","cost":986.4731051699999},{"amount":0.0217,"safe_price":43177.975,"ft_order_side":"sell","order_filled_timestamp":1705096800000,"ft_is_entry":false,"ft_order_tag":"stop_loss","cost":937.1494499115}],"funding_fees":0.0,"weekday":4},{"pair":"BTC/USDT:USDT","stake_amount":939.05331,"max_stake_amount":939.05331,"amount":0.0221,"open_date":"2024-01-12 22:05:00+00:00","close_date":"2024-01-19 16:40:00+00:00","open_rate":42491.1,"close_rate":40366.545,"fee_open":0.0002,"fee_close":0.0002,"trade_duration":9755,"profit_ratio":-0.05037992401423874,"profit_abs":-47.31889629,"exit_reason":"stop_loss","initial_stop_loss_abs":40366.545,"initial_stop_loss_ratio":-0.05,"stop_loss_abs":40366.545,"stop_loss_ratio":-0.05,"min_rate":40302.3,"max_rate":43604.1,"is_open":false,"enter_tag":"","leverage":1.0,"is_short":false,"open_timestamp":1705097100000,"close_timestamp":1705682400000,"orders":[{"amount":0.0221,"safe_price":42491.1,"ft_order_side":"buy","order_filled_timestamp":1705097100000,"ft_is_entry":true,"ft_order_tag":"","cost":939.241120662},{"amount":0.0221,"safe_price":40366.545,"ft_order_side":"sell","order_filled_timestamp":1705682400000,"ft_is_entry":false,"ft_order_tag":"stop_loss","cost":892.2790646289001}],"funding_fees":0.0,"weekday":4},{"pair":"ETH/USDT:USDT","stake_amount":891.45034,"max_stake_amount":891.45034,"amount":0.367,"open_date":"2024-01-19 16:40:00+00:00","close_date":"2024-01-22 19:40:00+00:00","open_rate":2429.02,"close_rate":2307.569,"fee_open":0.0002,"fee_close":0.0002,"trade_duration":4500,"profit_ratio":-0.05037992401228095,"profit_abs":-44.92018263,"exit_reason":"stop_loss","initial_stop_loss_abs":2307.569,"initial_stop_loss_ratio":-0.05,"stop_loss_abs":2307.569,"stop_loss_ratio":-0.05,"min_rate":2304.5,"max_rate":2505.95,"is_open":false,"enter_tag":"","leverage":1.0,"is_short":false,"open_timestamp":1705682400000,"close_timestamp":1705952400000,"orders":[{"amount":0.367,"safe_price":2429.02,"ft_order_side":"buy","order_filled_timestamp":1705682400000,"ft_is_entry":true,"ft_order_tag":"","cost":891.628630068},{"amount":0.367,"safe_price":2307.569,"ft_order_side":"sell","order_filled_timestamp":1705952400000,"ft_is_entry":false,"ft_order_tag":"stop_loss","cost":847.0471985645999}],"funding_fees":0.0,"weekday":0},{"pair":"BTC/USDT:USDT","stake_amount":848.12553,"max_stake_amount":848.12553,"amount":0.0213,"open_date":"2024-01-22 19:40:00+00:00","close_date":"2024-01-29 16:20:00+00:00","open_rate":39818.1,"close_rate":43020.11564312862,"fee_open":0.0002,"fee_close":0.0002,"trade_duration":9880,"profit_ratio":0.07998400319936014,"profit_abs":67.8500424,"exit_reason":"roi","initial_stop_loss_abs":37827.195,"initial_stop_loss_ratio":-0.05,"stop_loss_abs":37827.195,"stop_loss_ratio":-0.05,"min_rate":38550.6,"max_rate":43038.2,"is_open":false,"enter_tag":"","leverage":1.0,"is_short":false,"open_timestamp":1705952400000,"close_timestamp":1706545200000,"orders":[{"amount":0.0213,"safe_price":39818.1,"ft_order_side":"buy","order_filled_timestamp":1705952400000,"ft_is_entry":true,"ft_order_tag":"","cost":848.2951551059999},{"amount":0.0213,"safe_price":43020.11564312862,"ft_order_side":"sell","order_filled_timestamp":1706545200000,"ft_is_entry":false,"ft_order_tag":"roi","cost":916.5117288912793}],"funding_fees":0.0,"weekday":0},{"pair":"ETH/USDT:USDT","stake_amount":915.17631,"max_stake_amount":915.17631,"amount":0.397,"open_date":"2024-01-30 05:50:00+00:00","close_date":"2024-01-31 00:00:00+00:00","open_rate":2305.23,"close_rate":2343.6,"fee_open":0.0002,"fee_close":0.0002,"trade_duration":1090,"profit_ratio":0.01623818337239524,"profit_abs":14.8637729,"exit_reason":"force_exit","initial_stop_loss_abs":2189.9685,"initial_stop_loss_ratio":-0.05,"stop_loss_abs":2189.9685,"stop_loss_ratio":-0.05,"min_rate":2295.55,"max_rate":2393.81,"is_open":false,"enter_tag":"","leverage":1.0,"is_short":false,"open_timestamp":1706593800000,"close_timestamp":1706659200000,"orders":[{"amount":0.397,"safe_price":2305.23,"ft_order_side":"buy","order_filled_timestamp":1706593800000,"ft_is_entry":true,"ft_order_tag":"","cost":915.359345262},{"amount":0.397,"safe_price":2343.6,"ft_order_side":"sell","order_filled_timestamp":1706659200000,"ft_is_entry":false,"ft_order_tag":"force_exit","cost":930.59528184}],"funding_fees":0.0,"weekday":2}],"locks":[],"best_pair":{"key":"BTC/USDT:USDT","trades":6,"profit_mean":0.014802039592849382,"profit_mean_pct":1.48,"profit_total_abs":64.57476713000001,"profit_total":0.06457476713000002,"profit_total_pct":6.46,"duration_avg":"3 days, 18:18:00","wins":3,"draws":0,"losses":3,"winrate":0.5,"cagr":1.2607928124261205,"expectancy":10.762461188333337,"expectancy_ratio":0.22364811325708356,"sortino":39.53152199786745,"sharpe":0.7478510002945485,"calmar":49.672591277413574,"sqn":0.4085,"profit_factor":1.4472962265141671,"max_drawdown_account":0.08870220851928061,"max_drawdown_abs":97.01733637},"worst_pair":{"key":"ETH/USDT:USDT","trades":4,"profit_mean":-0.03372539716774857,"profit_mean_pct":-3.37,"profit_total_abs":-124.89434332999998,"profit_total":-0.12489434332999999,"profit_total_pct":-12.49,"duration_avg":"1 day, 5:35:00","wins":1,"draws":0,"losses":3,"winrate":0.25,"cagr":-0.8243221060455104,"expectancy":-31.223585832499996,"expectancy_ratio":-0.670234831609679,"sortino":-37.24806860264536,"sharpe":-3.1938116380432935,"calmar":-60.975326088319626,"sqn":-2.0268,"profit_factor":0.10635355785376131,"max_drawdown_account":0.13975811623000003,"max_drawdown_abs":139.75811622999998},"results_per_pair":[{"key":"BTC/USDT:USDT","trades":6,"profit_mean":0.014802039592849382,"profit_mean_pct":1.48,"profit_total_abs":64.57476713000001,"profit_total":0.06457476713000002,"profit_total_pct":6.46,"duration_avg":"3 days, 18:18:00","wins":3,"draws":0,"losses":3,"winrate":0.5,"cagr":1.2607928124261205,"expectancy":10.762461188333337,"expectancy_ratio":0.22364811325708356,"sortino":39.53152199786745,"sharpe":0.7478510002945485,"calmar":49.672591277413574,"sqn":0.4085,"profit_factor":1.4472962265141671,"max_drawdown_account":0.08870220851928061,"max_drawdown_abs":97.01733637},{"key":"ETH/USDT:USDT","trades":4,"profit_mean":-0.03372539716774857,"profit_mean_pct":-3.37,"profit_total_abs":-124.89434332999998,"profit_total":-0.12489434332999999,"profit_total_pct":-12.49,"duration_avg":"1 day, 5:35:00","wins":1,"draws":0,"losses":3,"winrate":0.25,"cagr":-0.8243221060455104,"expectancy":-31.223585832499996,"expectancy_ratio":-0.670234831609679,"sortino":-37.24806860264536,"sharpe":-3.1938116380432935,"calmar":-60.975326088319626,"sqn":-2.0268,"profit_factor":0.10635355785376131,"max_drawdown_account":0.13975811623000003,"max_drawdown_abs":139.75811622999998},{"key":"TOTAL","trades":10,"profit_mean":-0.004608935111389797,"profit_mean_pct":-0.46,"profit_total_abs":-60.319576199999986,"profit_total":-0.06031957619999999,"profit_total_pct":-6.03,"duration_avg":"2 days, 18:01:00","wins":4,"draws":0,"losses":6,"winrate":0.4,"cagr":-0.555596635564791,"expectancy":-6.03195762,"expectancy_ratio":-0.1273796545782232,"sortino":-21.035099655625608,"sharpe":-0.7791167779107094,"calmar":-28.774596744644715,"sqn":-0.3426,"profit_factor":0.787700575702961,"max_drawdown_account":0.1430333915,"max_drawdown_abs":143.0333915}],"results_per_enter_tag":[{"key":"","trades":10,"profit_mean":-0.004608935111389797,"profit_mean_pct":-0.46,"profit_total_abs":-60.319576199999986,"profit_total":-0.06031957619999999,"profit_total_pct":-6.03,"duration_avg":"2 days, 18:01:00","wins":4,"draws":0,"losses":6,"winrate":0.4,"cagr":-0.555596635564791,"expectancy":-6.03195762,"expectancy_ratio":-0.1273796545782232,"sortino":-21.035099655625608,"sharpe":-0.7791167779107094,"calmar":-28.774596744644715,"sqn":-0.3426,"profit_factor":0.787700575702961,"max_drawdown_account":0.1430333915,"max_drawdown_abs":143.0333915},{"key":"TOTAL","trades":10,"profit_mean":-0.004608935111389797,"profit_mean_pct":-0.46,"profit_total_abs":-60.319576199999986,"profit_total":-0.06031957619999999,"profit_total_pct":-6.03,"duration_avg":"2 days, 18:01:00","wins":4,"draws":0,"losses":6,"winrate":0.4,"cagr":-0.555596635564791,"expectancy":-6.03195762,"expectancy_ratio":-0.1273796545782232,"sortino":-21.035099655625608,"sharpe":-0.7791167779107094,"calmar":-28.774596744644715,"sqn":-0.3426,"profit_factor":0.787700575702961,"max_drawdown_account":0.1430333915,"max_drawdown_abs":143.0333915}],"exit_reason_summary":[{"key":"roi","trades":3,"profit_mean":0.07998400319936012,"profit_mean_pct":8.0,"profit_total_abs":208.9416616,"profit_total":0.2089416616,"profit_total_pct":20.89,"duration_avg":"4 days, 6:23:00","wins":3,"draws":0,"losses":0,"winrate":1.0,"cagr":10.86349146167536,"expectancy":69.64722053333334,"expectancy_ratio":100.0,"sortino":-100,"sharpe":57.20325902519222,"calmar":-100,"sqn":39.5208,"profit_factor":0.0,"max_drawdown_account":0.0,"max_drawdown_abs":0.0},{"key":"force_exit","trades":1,"profit_mean":0.01623818337239524,"profit_mean_pct":1.62,"profit_total_abs":14.8637729,"profit_total":0.0148637729,"profit_total_pct":1.49,"duration_avg":"18:10:00","wins":1,"draws":0,"losses":0,"winrate":1.0,"cagr":0.21207529125570912,"expectancy":14.8637729,"expectancy_ratio":100.0,"sortino":-100,"sharpe":-100,"calmar":-100,"sqn":-100.0,"profit_factor":0.0,"max_drawdown_account":0.0,"max_drawdown_abs":0.0},{"key":"stop_loss","trades":6,"profit_mean":-0.05037992401406227,"profit_mean_pct":-5.04,"profit_total_abs":-284.1250107,"profit_total":-0.2841250107,"profit_total_pct":-28.41,"duration_avg":"2 days, 7:48:00","wins":0,"draws":0,"losses":6,"winrate":0.0,"cagr":-0.987185576312728,"expectancy":-47.35416845,"expectancy_ratio":-1.0,"sortino":-99.0822265546719,"sharpe":-99.0822265546719,"calmar":-68.23204705193857,"sqn":-54.1179,"profit_factor":0.0,"max_drawdown_account":0.28412501070000007,"max_drawdown_abs":284.1250107},{"key":"TOTAL","trades":10,"profit_mean":-0.004608935111389797,"profit_mean_pct":-0.46,"profit_total_abs":-60.319576199999986,"profit_total":-0.06031957619999999,"profit_total_pct":-6.03,"duration_avg":"2 days, 18:01:00","wins":4,"draws":0,"losses":6,"winrate":0.4,"cagr":-0.555596635564791,"expectancy":-6.03195762,"expectancy_ratio":-0.1273796545782232,"sortino":-21.035099655625608,"sharpe":-0.7791167779107094,"calmar":-28.774596744644715,"sqn":-0.3426,"profit_factor":0.787700575702961,"max_drawdown_account":0.1430333915,"max_drawdown_abs":143.0333915}],"mix_tag_stats":[{"key":["","roi"],"trades":3,"profit_mean":0.07998400319936012,"profit_mean_pct":8.0,"profit_total_abs":208.9416616,"profit_total":0.2089416616,"profit_total_pct":20.89,"duration_avg":"4 days, 6:23:00","wins":3,"draws":0,"losses":0,"winrate":1.0,"cagr":10.86349146167536,"expectancy":69.64722053333334,"expectancy_ratio":100.0,"sortino":-100,"sharpe":57.20325902519222,"calmar":-100,"sqn":39.5208,"profit_factor":0.0,"max_drawdown_account":0.0,"max_drawdown_abs":0.0},{"key":["","force_exit"],"trades":1,"profit_mean":0.01623818337239524,"profit_mean_pct":1.62,"profit_total_abs":14.8637729,"profit_total":0.0148637729,"profit_total_pct":1.49,"duration_avg":"18:10:00","wins":1,"draws":0,"losses":0,"winrate":1.0,"cagr":0.21207529125570912,"expectancy":14.8637729,"expectancy_ratio":100.0,"sortino":-100,"sharpe":-100,"calmar":-100,"sqn":-100.0,"profit_factor":0.0,"max_drawdown_account":0.0,"max_drawdown_abs":0.0},{"key":["","stop_loss"],"trades":6,"profit_mean":-0.05037992401406227,"profit_mean_pct":-5.04,"profit_total_abs":-284.1250107,"profit_total":-0.2841250107,"profit_total_pct":-28.41,"duration_avg":"2 days, 7:48:00","wins":0,"draws":0,"losses":6,"winrate":0.0,"cagr":-0.987185576312728,"expectancy":-47.35416845,"expectancy_ratio":-1.0,"sortino":-99.0822265546719,"sharpe":-99.0822265546719,"calmar":-68.23204705193857,"sqn":-54.1179,"profit_factor":0.0,"max_drawdown_account":0.28412501070000007,"max_drawdown_abs":284.1250107},{"key":"TOTAL","trades":10,"profit_mean":-0.004608935111389797,"profit_mean_pct":-0.46,"profit_total_abs":-60.319576199999986,"profit_total":-0.06031957619999999,"profit_total_pct":-6.03,"duration_avg":"2 days, 18:01:00","wins":4,"draws":0,"losses":6,"winrate":0.4,"cagr":-0.555596635564791,"expectancy":-6.03195762,"expectancy_ratio":-0.1273796545782232,"sortino":-21.035099655625608,"sharpe":-0.7791167779107094,"calmar":-28.774596744644715,"sqn":-0.3426,"profit_factor":0.787700575702961,"max_drawdown_account":0.1430333915,"max_drawdown_abs":143.0333915}],"left_open_trades":[{"key":"ETH/USDT:USDT","trades":1,"profit_mean":0.01623818337239524,"profit_mean_pct":1.62,"profit_total_abs":14.8637729,"profit_total":0.0148637729,"profit_total_pct":1.49,"duration_avg":"18:10:00","wins":1,"draws":0,"losses":0,"winrate":1.0,"cagr":0.21207529125570912,"expectancy":14.8637729,"expectancy_ratio":100.0,"sortino":-100,"sharpe":-100,"calmar":-100,"sqn":-100.0,"profit_factor":0.0,"max_drawdown_account":0.0,"max_drawdown_abs":0.0},{"key":"TOTAL","trades":1,"profit_mean":0.01623818337239524,"profit_mean_pct":1.62,"profit_total_abs":14.8637729,"profit_total":0.0148637729,"profit_total_pct":1.49,"duration_avg":"18:10:00","wins":1,"draws":0,"losses":0,"winrate":1.0,"cagr":0.21207529125570912,"expectancy":14.8637729,"expectancy_ratio":100.0,"sortino":-100,"sharpe":-100,"calmar":-100,"sqn":-100.0,"profit_factor":0.0,"max_drawdown_account":0.0,"max_drawdown_abs":0.0}],"total_trades":10,"trade_count_long":10,"trade_count_short":0,"total_volume":18277.923811374632,"avg_stake_amount":916.5466840000001,"profit_mean":-0.004608935111389797,"profit_median":-0.05037992401267496,"profit_total":-0.06031957619999999,"profit_total_long":-0.06031957619999999,"profit_total_short":0.0,"profit_total_abs":-60.319576199999986,"profit_total_long_abs":-60.319576199999986,"profit_total_short_abs":0.0,"cagr":-0.555596635564791,"expectancy":-6.03195762,"expectancy_ratio":-0.1273796545782232,"sortino":-21.035099655625608,"sharpe":-0.7791167779107094,"calmar":-28.774596744644715,"sqn":-0.3426,"profit_factor":0.787700575702961,"backtest_start":"2024-01-02 01:00:00","backtest_start_ts":1704157200000,"backtest_end":"2024-01-31 00:00:00","backtest_end_ts":1706659200000,"backtest_days":28,"backtest_run_start_ts":1768470109,"backtest_run_end_ts":1768470109,"trades_per_day":0.36,"market_change":-0.03404607213420861,"pairlist":["BTC/USDT:USDT","ETH/USDT:USDT"],"stake_amount":"unlimited","stake_currency":"USDT","stake_currency_decimals":3,"starting_balance":1000,"dry_run_wallet":1000,"final_balance":939.6804238,"rejected_signals":381,"timedout_entry_orders":0,"timedout_exit_orders":0,"canceled_trade_entries":0,"canceled_entry_orders":0,"replaced_entry_orders":0,"max_open_trades":1,"max_open_trades_setting":1,"timeframe":"5m","timeframe_detail":"","timerange":"20240101-20240131","enable_protections":false,"strategy_name":"FutureMeanRevV1","freqaimodel":null,"freqai_identifier":null,"stoploss":-0.05,"trailing_stop":false,"trailing_stop_positive":0.02,"trailing_stop_positive_offset":0.03,"trailing_only_offset_is_reached":false,"use_custom_stoploss":false,"minimal_roi":{"0":0.08},"use_exit_signal":true,"exit_profit_only":false,"exit_profit_offset":0.0,"ignore_roi_if_entry_signal":false,"trading_mode":"futures","margin_mode":"isolated","periodic_breakdown":{"day":[{"date":"03/01/2024","date_ts":1704240000000,"profit_abs":-142.1874917,"wins":0,"draws":0,"losses":3,"trades":3,"profit_factor":0.0},{"date":"04/01/2024","date_ts":1704326400000,"profit_abs":67.920048,"wins":1,"draws":0,"losses":0,"trades":1,"profit_factor":0.0},{"date":"05/01/2024","date_ts":1704412800000,"profit_abs":0.0,"wins":0,"draws":0,"losses":0,"trades":0,"profit_factor":0.0},{"date":"06/01/2024","date_ts":1704499200000,"profit_abs":0.0,"wins":0,"draws":0,"losses":0,"trades":0,"profit_factor":0.0},{"date":"07/01/2024","date_ts":1704585600000,"profit_abs":0.0,"wins":0,"draws":0,"losses":0,"trades":0,"profit_factor":0.0},{"date":"08/01/2024","date_ts":1704672000000,"profit_abs":0.0,"wins":0,"draws":0,"losses":0,"trades":0,"profit_factor":0.0},{"date":"09/01/2024","date_ts":1704758400000,"profit_abs":73.1715712,"wins":1,"draws":0,"losses":0,"trades":1,"profit_factor":0.0},{"date":"10/01/2024","date_ts":1704844800000,"profit_abs":0.0,"wins":0,"draws":0,"losses":0,"trades":0,"profit_factor":0.0},{"date":"11/01/2024","date_ts":1704931200000,"profit_abs":0.0,"wins":0,"draws":0,"losses":0,"trades":0,"profit_factor":0.0},{"date":"12/01/2024","date_ts":1705017600000,"profit_abs":-49.69844008,"wins":0,"draws":0,"losses":1,"trades":1,"profit_factor":0.0},{"date":"13/01/2024","date_ts":1705104000000,"profit_abs":0.0,"wins":0,"draws":0,"losses":0,"trades":0,"profit_factor":0.0},{"date":"14/01/2024","date_ts":1705190400000,"profit_abs":0.0,"wins":0,"draws":0,"losses":0,"trades":0,"profit_factor":0.0},{"date":"15/01/2024","date_ts":1705276800000,"profit_abs":0.0,"wins":0,"draws":0,"losses":0,"trades":0,"profit_factor":0.0},{"date":"16/01/2024","date_ts":1705363200000,"profit_abs":0.0,"wins":0,"draws":0,"losses":0,"trades":0,"profit_factor":0.0},{"date":"17/01/2024","date_ts":1705449600000,"profit_abs":0.0,"wins":0,"draws":0,"losses":0,"trades":0,"profit_factor":0.0},{"date":"18/01/2024","date_ts":1705536000000,"profit_abs":0.0,"wins":0,"draws":0,"losses":0,"trades":0,"profit_factor":0.0},{"date":"19/01/2024","date_ts":1705622400000,"profit_abs":-47.31889629,"wins":0,"draws":0,"losses":1,"trades":1,"profit_factor":0.0},{"date":"20/01/2024","date_ts":1705708800000,"profit_abs":0.0,"wins":0,"draws":0,"losses":0,"trades":0,"profit_factor":0.0},{"date":"21/01/2024","date_ts":1705795200000,"profit_abs":0.0,"wins":0,"draws":0,"losses":0,"trades":0,"profit_factor":0.0},{"date":"22/01/2024","date_ts":1705881600000,"profit_abs":-44.92018263,"wins":0,"draws":0,"losses":1,"trades":1,"profit_factor":0.0},{"date":"23/01/2024","date_ts":1705968000000,"profit_abs":0.0,"wins":0,"draws":0,"losses":0,"trades":0,"profit_factor":0.0},{"date":"24/01/2024","date_ts":1706054400000,"profit_abs":0.0,"wins":0,"draws":0,"losses":0,"trades":0,"profit_factor":0.0},{"date":"25/01/2024","date_ts":1706140800000,"profit_abs":0.0,"wins":0,"draws":0,"losses":0,"trades":0,"profit_factor":0.0},{"date":"26/01/2024","date_ts":1706227200000,"profit_abs":0.0,"wins":0,"draws":0,"losses":0,"trades":0,"profit_factor":0.0},{"date":"27/01/2024","date_ts":1706313600000,"profit_abs":0.0,"wins":0,"draws":0,"losses":0,"trades":0,"profit_factor":0.0},{"date":"28/01/2024","date_ts":1706400000000,"profit_abs":0.0,"wins":0,"draws":0,"losses":0,"trades":0,"profit_factor":0.0},{"date":"29/01/2024","date_ts":1706486400000,"profit_abs":67.8500424,"wins":1,"draws":0,"losses":0,"trades":1,"profit_factor":0.0},{"date":"30/01/2024","date_ts":1706572800000,"profit_abs":0.0,"wins":0,"draws":0,"losses":0,"trades":0,"profit_factor":0.0},{"date":"31/01/2024","date_ts":1706659200000,"profit_abs":14.8637729,"wins":1,"draws":0,"losses":0,"trades":1,"profit_factor":0.0}],"week":[{"date":"08/01/2024","date_ts":1704672000000,"profit_abs":-74.2674437,"wins":1,"draws":0,"losses":3,"trades":4,"profit_factor":0.47767949},{"date":"15/01/2024","date_ts":1705276800000,"profit_abs":23.47313112,"wins":1,"draws":0,"losses":1,"trades":2,"profit_factor":1.47231123},{"date":"22/01/2024","date_ts":1705881600000,"profit_abs":-92.23907892,"wins":0,"draws":0,"losses":2,"trades":2,"profit_factor":0.0},{"date":"29/01/2024","date_ts":1706486400000,"profit_abs":67.8500424,"wins":1,"draws":0,"losses":0,"trades":1,"profit_factor":0.0},{"date":"05/02/2024","date_ts":1707091200000,"profit_abs":14.8637729,"wins":1,"draws":0,"losses":0,"trades":1,"profit_factor":0.0}],"month":[{"date":"31/01/2024","date_ts":1706659200000,"profit_abs":-60.3195762,"wins":4,"draws":0,"losses":6,"trades":10,"profit_factor":0.78770058}],"year":[{"date":"31/12/2024","date_ts":1735603200000,"profit_abs":-60.3195762,"wins":4,"draws":0,"losses":6,"trades":10,"profit_factor":0.78770058}],"weekday":[{"date":"Monday","date_ts":0,"profit_abs":22.92985977,"wins":1,"draws":0,"losses":1,"trades":2,"profit_factor":1.51045785},{"date":"Tuesday","date_ts":1,"profit_abs":73.1715712,"wins":1,"draws":0,"losses":0,"trades":1,"profit_factor":0.0},{"date":"Wednesday","date_ts":2,"profit_abs":-127.3237188,"wins":1,"draws":0,"losses":3,"trades":4,"profit_factor":0.10453643},{"date":"Thursday","date_ts":3,"profit_abs":67.920048,"wins":1,"draws":0,"losses":0,"trades":1,"profit_factor":0.0},{"date":"Friday","date_ts":4,"profit_abs":-97.01733637,"wins":0,"draws":0,"losses":2,"trades":2,"profit_factor":0.0}]},"backtest_best_day":0.07998400319936014,"backtest_worst_day":-0.15113977204417756,"backtest_best_day_abs":73.1715712,"backtest_worst_day_abs":-142.1874917,"winning_days":4,"draw_days":21,"losing_days":4,"daily_profit":[["2024-01-03",-142.1874917],["2024-01-04",67.920048],["2024-01-05",0.0],["2024-01-06",0.0],["2024-01-07",0.0],["2024-01-08",0.0],["2024-01-09",73.1715712],["2024-01-10",0.0],["2024-01-11",0.0],["2024-01-12",-49.69844008],["2024-01-13",0.0],["2024-01-14",0.0],["2024-01-15",0.0],["2024-01-16",0.0],["2024-01-17",0.0],["2024-01-18",0.0],["2024-01-19",-47.31889629],["2024-01-20",0.0],["2024-01-21",0.0],["2024-01-22",-44.92018263],["2024-01-23",0.0],["2024-01-24",0.0],["2024-01-25",0.0],["2024-01-26",0.0],["2024-01-27",0.0],["2024-01-28",0.0],["2024-01-29",67.8500424],["2024-01-30",0.0],["2024-01-31",14.8637729]],"wins":4,"losses":6,"draws":0,"winrate":0.4,"holding_avg":"2 days, 18:01:00","holding_avg_s":237660.0,"winner_holding_min":"0d 18:10","winner_holding_min_s":65400.0,"winner_holding_max":"6d 20:40","winner_holding_max_s":592800.0,"winner_holding_avg":"3d 09:20","winner_holding_avg_s":292800.0,"loser_holding_min":"0d 00:00","loser_holding_min_s":0.0,"loser_holding_max":"6d 18:35","loser_holding_max_s":585300.0,"loser_holding_avg":"2d 07:48","loser_holding_avg_s":200880.0,"max_consecutive_wins":2,"max_consecutive_losses":3,"max_drawdown_account":0.1430333915,"max_relative_drawdown":0.1430333915,"max_drawdown_abs":143.0333915,"drawdown_start":"2024-01-03 12:00:00","drawdown_start_ts":1704283200000.0,"drawdown_end":"2024-01-22 19:40:00","drawdown_end_ts":1705952400000.0,"drawdown_duration":"19 days 07:40:00","drawdown_duration_s":1669200.0,"max_drawdown_low":-143.0333915,"max_drawdown_high":0.0,"csum_min":856.9666085,"csum_max":998.9041275}},"strategy_comparison":[{"key":"FutureMeanRevV1","trades":10,"profit_mean":-0.004608935111389797,"profit_mean_pct":-0.46,"profit_total_abs":-60.319576199999986,"profit_total":-0.06031957619999999,"profit_total_pct":-6.03,"duration_avg":"2 days, 18:01:00","wins":4,"draws":0,"losses":6,"winrate":0.4,"cagr":-0.555596635564791,"expectancy":-6.03195762,"expectancy_ratio":-0.1273796545782232,"sortino":-21.035099655625608,"sharpe":-0.7791167779107094,"calmar":-28.774596744644715,"sqn":-0.3426,"profit_factor":0.787700575702961,"max_drawdown_account":0.1430333915,"max_drawdown_abs":"143.033"}]}