{"strategy":{"FutureHighFreqV1":{"trades":[{"pair":"LTC/USDT:USDT","stake_amount":95.732,"max_stake_amount":95.732,"amount":1.3,"open_date":"2024-01-01 13:56:00+00:00","close_date":"2024-01-01 18:21:00+00:00","open_rate":73.64,"close_rate":74.03773554710943,"fee_open":0.0002,"fee_close":0.0002,"trade_duration":265,"profit_ratio":0.004999000199960008,"profit_abs":0.47866,"exit_reason":"roi","initial_stop_loss_abs":73.05088,"initial_stop_loss_ratio":-0.008,"stop_loss_abs":73.05088,"stop_loss_ratio":-0.008,"min_rate":73.17,"max_rate":74.04,"is_open":false,"enter_tag":"","leverage":1.0,"is_short":false,"open_timestamp":1704117360000,"close_timestamp":1704133260000,"orders":[{"amount":1.3,"safe_price":73.64,"ft_order_side":"buy","order_filled_timestamp":1704117360000,"ft_is_entry":true,"ft_order_tag":"","cost":95.7511464},{"amount":1.3,"safe_price":74.03773554710943,"ft_order_side":"sell","order_filled_timestamp":1704133260000,"ft_is_entry":false,"ft_order_tag":"roi","cost":96.26830602248451}],"funding_fees":0.0,"weekday":0},{"pair":"BTC/USDT:USDT","stake_amount":94.92956,"max_stake_amount":94.92956,"amount":0.0022,"open_date":"2024-01-01 19:03:00+00:00","close_date":"2024-01-01 20:03:00+00:00","open_rate":43149.8,"close_rate":43617.7,"fee_open":0.0002,"fee_close":0.0002,"trade_duration":60,"profit_ratio":0.010439362609288023,"profit_abs":0.9912023,"exit_reason":"roi","initial_stop_loss_abs":42804.6016,"initial_stop_loss_ratio":-0.008,"stop_loss_abs":43525.2,"stop_loss_ratio":-0.004,"min_rate":43136.1,"max_rate":43700.0,"is_open":false,"enter_tag":"","leverage":1.0,"is_short":false,"open_timestamp":1704135780000,"close_timestamp":1704139380000,"orders":[{"amount":0.0022,"safe_price":43149.8,"ft_order_side":"buy","order_filled_timestamp":1704135780000,"ft_is_entry":true,"ft_order_tag":"","cost":94.948545912},{"amount":0.0022,"safe_price":43617.7,"ft_order_side":"sell","order_filled_timestamp":1704139380000,"ft_is_entry":false,"ft_order_tag":"roi","cost":95.978131788}],"funding_fees":0.0,"weekday":0},{"pair":"UNI/USDT:USDT","stake_amount":95.265,"max_stake_amount":95.265,"amount":15.0,"open_date":"2024-01-06 14:54:00+00:00","close_date":"2024-01-06 15:08:00+00:00","open_rate":6.351,"close_rate":6.367,"fee_open":0.0002,"fee_close":0.0002,"trade_duration":14,"profit_ratio":0.002118360771240493,"profit_abs":0.201846,"exit_reason":"trailing_stop_loss","initial_stop_loss_abs":6.301,"initial_stop_loss_ratio":-0.008,"stop_loss_abs":6.367,"stop_loss_ratio":-0.004,"min_rate":6.347,"max_rate":6.392,"is_open":false,"enter_tag":"","leverage":1.0,"is_short":false,"open_timestamp":1704552840000,"close_timestamp":1704553680000,"orders":[{"amount":15.0,"safe_price":6.351,"ft_order_side":"buy","order_filled_timestamp":1704552840000,"ft_is_entry":true,"ft_order_tag":"","cost":95.284053},{"amount":15.0,"safe_price":6.367,"ft_order_side":"sell","order_filled_timestamp":1704553680000,"ft_is_entry":false,"ft_order_tag":"trailing_stop_loss","cost":95.52410099999999}],"funding_fees":0.0,"weekday":5},{"pair":"SOL/USDT:USDT","stake_amount":98.23,"max_stake_amount":98.23,"amount":1.0,"open_date":"2024-01-08 18:58:00+00:00","close_date":"2024-01-08 19:11:00+00:00","open_rate":98.23,"close_rate":98.66376,"fee_open":0.0002,"fee_close":0.0002,"trade_duration":13,"profit_ratio":0.004014072987092493,"profit_abs":0.39438125,"exit_reason":"trailing_stop_loss","initial_stop_loss_abs":97.44416,"initial_stop_loss_ratio":-0.008,"stop_loss_abs":98.66376,"stop_loss_ratio":-0.004,"min_rate":97.65,"max_rate":99.06,"is_open":false,"enter_tag":"","leverage":1.0,"is_short":false,"open_timestamp":1704740280000,"close_timestamp":1704741060000,"orders":[{"amount":1.0,"safe_price":98.23,"ft_order_side":"buy","order_filled_timestamp":1704740280000,"ft_is_entry":true,"ft_order_tag":"","cost":98.249646},{"amount":1.0,"safe_price":98.66376,"ft_order_side":"sell","order_filled_timestamp":1704741060000,"ft_is_entry":false,"ft_order_tag":"trailing_stop_loss","cost":98.68349275199999}],"funding_fees":0.0,"weekday":0},{"pair":"UNI/USDT:USDT","stake_amount":98.944,"max_stake_amount":98.944,"amount":16.0,"open_date":"2024-01-09 05:09:00+00:00","close_date":"2024-01-09 05:26:00+00:00","open_rate":6.184,"close_rate":6.135,"fee_open":0.0002,"fee_close":0.0002,"trade_duration":17,"profit_ratio":-0.00832042517757768,"profit_abs":-0.8234208,"exit_reason":"stop_loss","initial_stop_loss_abs":6.135,"initial_stop_loss_ratio":-0.008,"stop_loss_abs":6.135,"stop_loss_ratio":-0.008,"min_rate":6.135,"max_rate":6.184,"is_open":false,"enter_tag":"","leverage":1.0,"is_short":false,"open_timestamp":1704776940000,"close_timestamp":1704777960000,"orders":[{"amount":16.0,"safe_price":6.184,"ft_order_side":"buy","order_filled_timestamp":1704776940000,"ft_is_entry":true,"ft_order_tag":"","cost":98.9637888},{"amount":16.0,"safe_price":6.135,"ft_order_side":"sell","order_filled_timestamp":1704777960000,"ft_is_entry":false,"ft_order_tag":"stop_loss","cost":98.179632}],"funding_fees":0.0,"weekday":1},{"pair":"BTC/USDT:USDT","stake_amount":95.27868,"max_stake_amount":95.27868,"amount":0.0021,"open_date":"2024-01-10 16:09:00+00:00","close_date":"2024-01-10 17:37:00+00:00","open_rate":45370.8,"close_rate":45842.75071014203,"fee_open":0.0002,"fee_close":0.0002,"trade_duration":88,"profit_ratio":0.009998000399920015,"profit_abs":0.9527868,"exit_reason":"roi","initial_stop_loss_abs":45007.833600000005,"initial_stop_loss_ratio":-0.008,"stop_loss_abs":45709.129199999996,"stop_loss_ratio":-0.004,"min_rate":45188.2,"max_rate":45892.7,"is_open":false,"enter_tag":"","leverage":1.0,"is_short":false,"open_timestamp":1704902940000,"close_timestamp":1704908220000,"orders":[{"amount":0.0021,"safe_price":45370.8,"ft_order_side":"buy","order_filled_timestamp":1704902940000,"ft_is_entry":true,"ft_order_tag":"","cost":95.29773573599999},{"amount":0.0021,"safe_price":45842.75071014203,"ft_order_side":"sell","order_filled_timestamp":1704908220000,"ft_is_entry":false,"ft_order_tag":"roi","cost":96.2890304465965}],"funding_fees":0.0,"weekday":2},{"pair":"UNI/USDT:USDT","stake_amount":93.54,"max_stake_amount":93.54,"amount":15.0,"open_date":"2024-01-10 18:14:00+00:00","close_date":"2024-01-10 19:08:00+00:00","open_rate":6.236,"close_rate":6.259,"fee_open":0.0002,"fee_close":0.0002,"trade_duration":54,"profit_ratio":0.0032868666805445836,"profit_abs":0.307515,"exit_reason":"trailing_stop_loss","initial_stop_loss_abs":6.187,"initial_stop_loss_ratio":-0.008,"stop_loss_abs":6.259,"stop_loss_ratio":-0.004,"min_rate":6.214,"max_rate":6.284,"is_open":false,"enter_tag":"","leverage":1.0,"is_short":false,"open_timestamp":1704910440000,"close_timestamp":1704913680000,"orders":[{"amount":15.0,"safe_price":6.236,"ft_order_side":"buy","order_filled_timestamp":1704910440000,"ft_is_entry":true,"ft_order_tag":"","cost":93.558708},{"amount":15.0,"safe_price":6.259,"ft_order_side":"sell","order_filled_timestamp":1704913680000,"ft_is_entry":false,"ft_order_tag":"trailing_stop_loss","cost":93.903777}],"funding_fees":0.0,"weekday":2},{"pair":"ETH/USDT:USDT","stake_amount":96.81198,"max_stake_amount":96.81198,"amount":0.037,"open_date":"2024-01-12 06:39:00+00:00","close_date":"2024-01-12 07:50:00+00:00","open_rate":2616.54,"close_rate":2595.60768,"fee_open":0.0002,"fee_close":0.0002,"trade_duration":71,"profit_ratio":-0.008396720626622098,"profit_abs":-0.81306573,"exit_reason":"stop_loss","initial_stop_loss_abs":2595.60768,"initial_stop_loss_ratio":-0.008,"stop_loss_abs":2595.60768,"stop_loss_ratio":-0.008,"min_rate":2594.0,"max_rate":2622.84,"is_open":false,"enter_tag":"","leverage":1.0,"is_short":false,"open_timestamp":1705041540000,"close_timestamp":1705045800000,"orders":[{"amount":0.037,"safe_price":2616.54,"ft_order_side":"buy","order_filled_timestamp":1705041540000,"ft_is_entry":true,"ft_order_tag":"","cost":96.83134239599998},{"amount":0.037,"safe_price":2595.60768,"ft_order_side":"sell","order_filled_timestamp":1705045800000,"ft_is_entry":false,"ft_order_tag":"stop_loss","cost":96.05669165683199}],"funding_fees":0.0,"weekday":4},{"pair":"LINK/USDT:USDT","stake_amount":97.7802,"max_stake_amount":97.7802,"amount":6.2,"open_date":"2024-01-15 03:45:00+00:00","close_date":"2024-01-15 03:49:00+00:00","open_rate":15.771,"close_rate":15.644832000000001,"fee_open":0.0002,"fee_close":0.0002,"trade_duration":4,"profit_ratio":-0.00839672063869087,"profit_abs":-0.82119723,"exit_reason":"stop_loss","initial_stop_loss_abs":15.644832000000001,"initial_stop_loss_ratio":-0.008,"stop_loss_abs":15.644832000000001,"stop_loss_ratio":-0.008,"min_rate":15.636,"max_rate":15.788,"is_open":false,"enter_tag":"","leverage":1.0,"is_short":false,"open_timestamp":1705290300000,"close_timestamp":1705290540000,"orders":[{"amount":6.2,"safe_price":15.771,"ft_order_side":"buy","order_filled_timestamp":1705290300000,"ft_is_entry":true,"ft_order_tag":"","cost":97.79975604},{"amount":6.2,"safe_price":15.644832000000001,"ft_order_side":"sell","order_filled_timestamp":1705290540000,"ft_is_entry":false,"ft_order_tag":"stop_loss","cost":97.01735799168}],"funding_fees":0.0,"weekday":0},{"pair":"ETH/USDT:USDT","stake_amount":96.54926,"max_stake_amount":96.54926,"amount":0.038,"open_date":"2024-01-15 13:06:00+00:00","close_date":"2024-01-15 14:27:00+00:00","open_rate":2540.77,"close_rate":2520.44384,"fee_open":0.0002,"fee_close":0.0002,"trade_duration":81,"profit_ratio":-0.008396720705740126,"profit_abs":-0.81085931,"exit_reason":"stop_loss","initial_stop_loss_abs":2520.44384,"initial_stop_loss_ratio":-0.008,"stop_loss_abs":2520.44384,"stop_loss_ratio":-0.008,"min_rate":2520.25,"max_rate":2549.33,"is_open":false,"enter_tag":"","leverage":1.0,"is_short":false,"open_timestamp":1705323960000,"close_timestamp":1705328820000,"orders":[{"amount":0.038,"safe_price":2540.77,"ft_order_side":"buy","order_filled_timestamp":1705323960000,"ft_is_entry":true,"ft_order_tag":"","cost":96.568569852},{"amount":0.038,"safe_price":2520.44384,"ft_order_side":"sell","order_filled_timestamp":1705328820000,"ft_is_entry":false,"ft_order_tag":"stop_loss","cost":95.79602129318398}],"funding_fees":0.0,"weekday":0},{"pair":"XRP/USDT:USDT","stake_amount":98.986,"max_stake_amount":98.986,"amount":172.0,"open_date":"2024-01-16 07:21:00+00:00","close_date":"2024-01-16 13:21:00+00:00","open_rate":0.5755,"close_rate":0.578,"fee_open":0.0002,"fee_close":0.0002,"trade_duration":360,"profit_ratio":0.00394239136534118,"profit_abs":0.3903196,"exit_reason":"roi","initial_stop_loss_abs":0.5709,"initial_stop_loss_ratio":-0.008,"stop_loss_abs":0.5709,"stop_loss_ratio":-0.008,"min_rate":0.5727,"max_rate":0.5785,"is_open":false,"enter_tag":"","leverage":1.0,"is_short":false,"open_timestamp":1705389660000,"close_timestamp":1705411260000,"orders":[{"amount":172.0,"safe_price":0.5755,"ft_order_side":"buy","order_filled_timestamp":1705389660000,"ft_is_entry":true,"ft_order_tag":"","cost":99.0057972},{"amount":172.0,"safe_price":0.578,"ft_order_side":"sell","order_filled_timestamp":1705411260000,"ft_is_entry":false,"ft_order_tag":"roi","cost":99.43588319999999}],"funding_fees":0.0,"weekday":1},{"pair":"XRP/USDT:USDT","stake_amount":98.9919,"max_stake_amount":98.9919,"amount":171.0,"open_date":"2024-01-16 22:10:00+00:00","close_date":"2024-01-17 00:31:00+00:00","open_rate":0.5789,"close_rate":0.5743,"fee_open":0.0002,"fee_close":0.0002,"trade_duration":141,"profit_ratio":-0.008342846890977652,"profit_abs":-0.82603944,"exit_reason":"stop_loss","initial_stop_loss_abs":0.5743,"initial_stop_loss_ratio":-0.008,"stop_loss_abs":0.5743,"stop_loss_ratio":-0.008,"min_rate":0.5739,"max_rate":0.5796,"is_open":false,"enter_tag":"","leverage":1.0,"is_short":false,"open_timestamp":1705443000000,"close_timestamp":1705451460000,"orders":[{"amount":171.0,"safe_price":0.5789,"ft_order_side":"buy","order_filled_timestamp":1705443000000,"ft_is_entry":true,"ft_order_tag":"","cost":99.01169838},{"amount":171.0,"safe_price":0.5743,"ft_order_side":"sell","order_filled_timestamp":1705451460000,"ft_is_entry":false,"ft_order_tag":"stop_loss","cost":98.22494106}],"funding_fees":0.0,"weekday":2},{"pair":"SOL/USDT:USDT","stake_amount":98.6566,"max_stake_amount":98.6566,"amount":0.98,"open_date":"2024-01-17 19:49:00+00:00","close_date":"2024-01-17 20:40:00+00:00","open_rate":100.67,"close_rate":101.38284,"fee_open":0.0002,"fee_close":0.0002,"trade_duration":51,"profit_ratio":0.006678205717468094,"profit_abs":0.65898084,"exit_reason":"trailing_stop_loss","initial_stop_loss_abs":99.86464,"initial_stop_loss_ratio":-0.008,"stop_loss_abs":101.38284,"stop_loss_ratio":-0.004,"min_rate":100.32,"max_rate":101.79,"is_open":false,"enter_tag":"","leverage":1.0,"is_short":false,"open_timestamp":1705520940000,"close_timestamp":1705524000000,"orders":[{"amount":0.98,"safe_price":100.67,"ft_order_side":"buy","order_filled_timestamp":1705520940000,"ft_is_entry":true,"ft_order_tag":"","cost":98.67633131999999},{"amount":0.98,"safe_price":101.38284,"ft_order_side":"sell","order_filled_timestamp":1705524000000,"ft_is_entry":false,"ft_order_tag":"trailing_stop_loss","cost":99.37505423664}],"funding_fees":0.0,"weekday":2},{"pair":"LINK/USDT:USDT","stake_amount":98.2345,"max_stake_amount":98.2345,"amount":6.5,"open_date":"2024-01-19 18:16:00+00:00","close_date":"2024-01-19 18:27:00+00:00","open_rate":15.113,"close_rate":15.189,"fee_open":0.0002,"fee_close":0.0002,"trade_duration":11,"profit_ratio":0.004626852039768715,"profit_abs":0.4546074,"exit_reason":"trailing_stop_loss","initial_stop_loss_abs":14.992096,"initial_stop_loss_ratio":-0.008,"stop_loss_abs":15.189,"stop_loss_ratio":-0.004,"min_rate":15.056,"max_rate":15.25,"is_open":false,"enter_tag":"","leverage":1.0,"is_short":false,"open_timestamp":1705688160000,"close_timestamp":1705688820000,"orders":[{"amount":6.5,"safe_price":15.113,"ft_order_side":"buy","order_filled_timestamp":1705688160000,"ft_is_entry":true,"ft_order_tag":"","cost":98.2541469},{"amount":6.5,"safe_price":15.189,"ft_order_side":"sell","order_filled_timestamp":1705688820000,"ft_is_entry":false,"ft_order_tag":"trailing_stop_loss","cost":98.7482457}],"funding_fees":0.0,"weekday":4},{"pair":"SOL/USDT:USDT","stake_amount":98.766,"max_stake_amount":98.766,"amount":1.08,"open_date":"2024-01-20 17:37:00+00:00","close_date":"2024-01-20 17:55:00+00:00","open_rate":91.45,"close_rate":92.15988,"fee_open":0.0002,"fee_close":0.0002,"trade_duration":18,"profit_ratio":0.007359468814578011,"profit_abs":0.72701067,"exit_reason":"trailing_stop_loss","initial_stop_loss_abs":90.7184,"initial_stop_loss_ratio":-0.008,"stop_loss_abs":92.15988,"stop_loss_ratio":-0.004,"min_rate":91.01,"max_rate":92.53,"is_open":false,"enter_tag":"","leverage":1.0,"is_short":false,"open_timestamp":1705772220000,"close_timestamp":1705773300000,"orders":[{"amount":1.08,"safe_price":91.45,"ft_order_side":"buy","order_filled_timestamp":1705772220000,"ft_is_entry":true,"ft_order_tag":"","cost":98.7857532},{"amount":1.08,"safe_price":92.15988,"ft_order_side":"sell","order_filled_timestamp":1705773300000,"ft_is_entry":false,"ft_order_tag":"trailing_stop_loss","cost":99.55257693408001}],"funding_fees":0.0,"weekday":5},{"pair":"LINK/USDT:USDT","stake_amount":98.301,"max_stake_amount":98.301,"amount":6.2,"open_date":"2024-01-20 17:56:00+00:00","close_date":"2024-01-20 18:44:00+00:00","open_rate":15.855,"close_rate":15.72816,"fee_open":0.0002,"fee_close":0.0002,"trade_duration":48,"profit_ratio":-0.00839672067214211,"profit_abs":-0.82557112,"exit_reason":"stop_loss","initial_stop_loss_abs":15.72816,"initial_stop_loss_ratio":-0.008,"stop_loss_abs":15.72816,"stop_loss_ratio":-0.008,"min_rate":15.728,"max_rate":15.892,"is_open":false,"enter_tag":"","leverage":1.0,"is_short":false,"open_timestamp":1705773360000,"close_timestamp":1705776240000,"orders":[{"amount":6.2,"safe_price":15.855,"ft_order_side":"buy","order_filled_timestamp":1705773360000,"ft_is_entry":true,"ft_order_tag":"","cost":98.3206602},{"amount":6.2,"safe_price":15.72816,"ft_order_side":"sell","order_filled_timestamp":1705776240000,"ft_is_entry":false,"ft_order_tag":"stop_loss","cost":97.5340949184}],"funding_fees":0.0,"weekday":5},{"pair":"SOL/USDT:USDT","stake_amount":98.739,"max_stake_amount":98.739,"amount":1.06,"open_date":"2024-01-21 10:10:00+00:00","close_date":"2024-01-21 10:27:00+00:00","open_rate":93.15,"close_rate":93.38496,"fee_open":0.0002,"fee_close":0.0002,"trade_duration":17,"profit_ratio":0.0021214545006614594,"profit_abs":0.20951219,"exit_reason":"trailing_stop_loss","initial_stop_loss_abs":92.40480000000001,"initial_stop_loss_ratio":-0.008,"stop_loss_abs":93.38496,"stop_loss_ratio":-0.004,"min_rate":93.0,"max_rate":93.76,"is_open":false,"enter_tag":"","leverage":1.0,"is_short":false,"open_timestamp":1705831800000,"close_timestamp":1705832820000,"orders":[{"amount":1.06,"safe_price":93.15,"ft_order_side":"buy","order_filled_timestamp":1705831800000,"ft_is_entry":true,"ft_order_tag":"","cost":98.75874780000001},{"amount":1.06,"safe_price":93.38496,"ft_order_side":"sell","order_filled_timestamp":1705832820000,"ft_is_entry":false,"ft_order_tag":"trailing_stop_loss","cost":99.00785521152002}],"funding_fees":0.0,"weekday":6},{"pair":"LINK/USDT:USDT","stake_amount":98.4942,"max_stake_amount":98.4942,"amount":6.3,"open_date":"2024-01-22 03:53:00+00:00","close_date":"2024-01-22 04:05:00+00:00","open_rate":15.634,"close_rate":15.508928000000001,"fee_open":0.0002,"fee_close":0.0002,"trade_duration":12,"profit_ratio":-0.00839672066317744,"profit_abs":-0.82719369,"exit_reason":"stop_loss","initial_stop_loss_abs":15.508928000000001,"initial_stop_loss_ratio":-0.008,"stop_loss_abs":15.508928000000001,"stop_loss_ratio":-0.008,"min_rate":15.489,"max_rate":15.639,"is_open":false,"enter_tag":"","leverage":1.0,"is_short":false,"open_timestamp":1705895580000,"close_timestamp":1705896300000,"orders":[{"amount":6.3,"safe_price":15.634,"ft_order_side":"buy","order_filled_timestamp":1705895580000,"ft_is_entry":true,"ft_order_tag":"","cost":98.51389884000001},{"amount":6.3,"safe_price":15.508928000000001,"ft_order_side":"sell","order_filled_timestamp":1705896300000,"ft_is_entry":false,"ft_order_tag":"stop_loss","cost":97.72578764928}],"funding_fees":0.0,"weekday":0},{"pair":"SOL/USDT:USDT","stake_amount":98.1592,"max_stake_amount":98.1592,"amount":1.16,"open_date":"2024-01-23 00:34:00+00:00","close_date":"2024-01-23 00:41:00+00:00","open_rate":84.62,"close_rate":83.94304000000001,"fee_open":0.0002,"fee_close":0.0002,"trade_duration":7,"profit_ratio":-0.008396720703944363,"profit_abs":-0.82438023,"exit_reason":"stop_loss","initial_stop_loss_abs":83.94304000000001,"initial_stop_loss_ratio":-0.008,"stop_loss_abs":83.94304000000001,"stop_loss_ratio":-0.008,"min_rate":83.89,"max_rate":84.81,"is_open":false,"enter_tag":"","leverage":1.0,"is_short":false,"open_timestamp":1705970040000,"close_timestamp":1705970460000,"orders":[{"amount":1.16,"safe_price":84.62,"ft_order_side":"buy","order_filled_timestamp":1705970040000,"ft_is_entry":true,"ft_order_tag":"","cost":98.17883184},{"amount":1.16,"safe_price":83.94304000000001,"ft_order_side":"sell","order_filled_timestamp":1705970460000,"ft_is_entry":false,"ft_order_tag":"stop_loss","cost":97.39340118528}],"funding_fees":0.0,"weekday":1},{"pair":"XRP/USDT:USDT","stake_amount":98.43,"max_stake_amount":98.43,"amount":193.0,"open_date":"2024-01-23 20:36:00+00:00","close_date":"2024-01-23 22:43:00+00:00","open_rate":0.51,"close_rate":0.5153050610122024,"fee_open":0.0002,"fee_close":0.0002,"trade_duration":127,"profit_ratio":0.009998000399920015,"profit_abs":0.9843,"exit_reason":"roi","initial_stop_loss_abs":0.506,"initial_stop_loss_ratio":-0.008,"stop_loss_abs":0.5138,"stop_loss_ratio":-0.004,"min_rate":0.5061,"max_rate":0.5158,"is_open":false,"enter_tag":"","leverage":1.0,"is_short":false,"open_timestamp":1706042160000,"close_timestamp":1706049780000,"orders":[{"amount":193.0,"safe_price":0.51,"ft_order_side":"buy","order_filled_timestamp":1706042160000,"ft_is_entry":true,"ft_order_tag":"","cost":98.449686},{"amount":193.0,"safe_price":0.5153050610122024,"ft_order_side":"sell","order_filled_timestamp":1706049780000,"ft_is_entry":false,"ft_order_tag":"roi","cost":99.47376755071014}],"funding_fees":0.0,"weekday":1},{"pair":"ETH/USDT:USDT","stake_amount":98.60048,"max_stake_amount":98.60048,"amount":0.044,"open_date":"2024-01-24 09:26:00+00:00","close_date":"2024-01-24 10:45:00+00:00","open_rate":2240.92,"close_rate":2253.93804,"fee_open":0.0002,"fee_close":0.0002,"trade_duration":79,"profit_ratio":0.005406995823177487,"profit_abs":0.53323901,"exit_reason":"trailing_stop_loss","initial_stop_loss_abs":2222.99264,"initial_stop_loss_ratio":-0.008,"stop_loss_abs":2253.93804,"stop_loss_ratio":-0.004,"min_rate":2233.24,"max_rate":2262.99,"is_open":false,"enter_tag":"","leverage":1.0,"is_short":false,"open_timestamp":1706088360000,"close_timestamp":1706093100000,"orders":[{"amount":0.044,"safe_price":2240.92,"ft_order_side":"buy","order_filled_timestamp":1706088360000,"ft_is_entry":true,"ft_order_tag":"","cost":98.620200096},{"amount":0.044,"safe_price":2253.93804,"ft_order_side":"sell","order_filled_timestamp":1706093100000,"ft_is_entry":false,"ft_order_tag":"trailing_stop_loss","cost":99.193108414752}],"funding_fees":0.0,"weekday":2},{"pair":"DOGE/USDT:USDT","stake_amount":98.4186,"max_stake_amount":98.4186,"amount":1260.0,"open_date":"2024-01-26 08:34:00+00:00","close_date":"2024-01-26 10:57:00+00:00","open_rate":0.07811,"close_rate":0.07892250650130025,"fee_open":0.0002,"fee_close":0.0002,"trade_duration":143,"profit_ratio":0.009998000399920015,"profit_abs":0.984186,"exit_reason":"roi","initial_stop_loss_abs":0.07749,"initial_stop_loss_ratio":-0.008,"stop_loss_abs":0.07865,"stop_loss_ratio":-0.004,"min_rate":0.07791,"max_rate":0.07896,"is_open":false,"enter_tag":"","leverage":1.0,"is_short":false,"open_timestamp":1706258040000,"close_timestamp":1706266620000,"orders":[{"amount":1260.0,"safe_price":0.07811,"ft_order_side":"buy","order_filled_timestamp":1706258040000,"ft_is_entry":true,"ft_order_tag":"","cost":98.43828372},{"amount":1260.0,"safe_price":0.07892250650130025,"ft_order_side":"sell","order_filled_timestamp":1706266620000,"ft_is_entry":false,"ft_order_tag":"roi","cost":99.46224666327664}],"funding_fees":0.0,"weekday":4},{"pair":"XRP/USDT:USDT","stake_amount":98.9791,"max_stake_amount":98.9791,"amount":187.0,"open_date":"2024-01-27 18:10:00+00:00","close_date":"2024-01-27 22:31:00+00:00","open_rate":0.5293,"close_rate":0.5321587917583517,"fee_open":0.0002,"fee_close":0.0002,"trade_duration":261,"profit_ratio":0.004999000199960008,"profit_abs":0.4948955,"exit_reason":"roi","initial_stop_loss_abs":0.5251,"initial_stop_loss_ratio":-0.008,"stop_loss_abs":0.5251,"stop_loss_ratio":-0.008,"min_rate":0.5282,"max_rate":0.5323,"is_open":false,"enter_tag":"","leverage":1.0,"is_short":false,"open_timestamp":1706379000000,"close_timestamp":1706394660000,"orders":[{"amount":187.0,"safe_price":0.5293,"ft_order_side":"buy","order_filled_timestamp":1706379000000,"ft_is_entry":true,"ft_order_tag":"","cost":98.99889582},{"amount":187.0,"safe_price":0.5321587917583517,"ft_order_side":"sell","order_filled_timestamp":1706394660000,"ft_is_entry":false,"ft_order_tag":"roi","cost":99.53359679762353}],"funding_fees":0.0,"weekday":5},{"pair":"BTC/USDT:USDT","stake_amount":96.46154,"max_stake_amount":96.46154,"amount":0.0023,"open_date":"2024-01-27 20:02:00+00:00","close_date":"2024-01-28 01:17:00+00:00","open_rate":41939.8,"close_rate":42166.32022404481,"fee_open":0.0002,"fee_close":0.0002,"trade_duration":315,"profit_ratio":0.004999000199960008,"profit_abs":0.4823077,"exit_reason":"roi","initial_stop_loss_abs":41604.2816,"initial_stop_loss_ratio":-0.008,"stop_loss_abs":41604.2816,"stop_loss_ratio":-0.008,"min_rate":41929.1,"max_rate":42200.0,"is_open":false,"enter_tag":"","leverage":1.0,"is_short":false,"open_timestamp":1706385720000,"close_timestamp":1706404620000,"orders":[{"amount":0.0023,"safe_price":41939.8,"ft_order_side":"buy","order_filled_timestamp":1706385720000,"ft_is_entry":true,"ft_order_tag":"","cost":96.480832308},{"amount":0.0023,"safe_price":42166.32022404481,"ft_order_side":"sell","order_filled_timestamp":1706404620000,"ft_is_entry":false,"ft_order_tag":"roi","cost":97.00193302260611}],"funding_fees":0.0,"weekday":6},{"pair":"BTC/USDT:USDT","stake_amount":99.13506,"max_stake_amount":99.13506,"amount":0.0023,"open_date":"2024-02-02 11:08:00+00:00","close_date":"2024-02-02 13:30:00+00:00","open_rate":43102.2,"close_rate":42757.382399999995,"fee_open":0.0002,"fee_close":0.0002,"trade_duration":142,"profit_ratio":-0.00839672067700747,"profit_abs":-0.83257589,"exit_reason":"stop_loss","initial_stop_loss_abs":42757.382399999995,"initial_stop_loss_ratio":-0.008,"stop_loss_abs":42757.382399999995,"stop_loss_ratio":-0.008,"min_rate":42750.0,"max_rate":43249.5,"is_open":false,"enter_tag":"","leverage":1.0,"is_short":false,"open_timestamp":1706872080000,"close_timestamp":1706880600000,"orders":[{"amount":0.0023,"safe_price":43102.2,"ft_order_side":"buy","order_filled_timestamp":1706872080000,"ft_is_entry":true,"ft_order_tag":"","cost":99.15488701199999},{"amount":0.0023,"safe_price":42757.382399999995,"ft_order_side":"sell","order_filled_timestamp":1706880600000,"ft_is_entry":false,"ft_order_tag":"stop_loss","cost":98.36164791590397}],"funding_fees":0.0,"weekday":4},{"pair":"SOL/USDT:USDT","stake_amount":98.8515,"max_stake_amount":98.8515,"amount":0.99,"open_date":"2024-02-03 06:27:00+00:00","close_date":"2024-02-03 07:47:00+00:00","open_rate":99.85,"close_rate":99.0512,"fee_open":0.0002,"fee_close":0.0002,"trade_duration":80,"profit_ratio":-0.008396720680142813,"profit_abs":-0.83019444,"exit_reason":"stop_loss","initial_stop_loss_abs":99.0512,"initial_stop_loss_ratio":-0.008,"stop_loss_abs":99.0512,"stop_loss_ratio":-0.008,"min_rate":98.88,"max_rate":99.96,"is_open":false,"enter_tag":"","leverage":1.0,"is_short":false,"open_timestamp":1706941620000,"close_timestamp":1706946420000,"orders":[{"amount":0.99,"safe_price":99.85,"ft_order_side":"buy","order_filled_timestamp":1706941620000,"ft_is_entry":true,"ft_order_tag":"","cost":98.87127029999999},{"amount":0.99,"safe_price":99.0512,"ft_order_side":"sell","order_filled_timestamp":1706946420000,"ft_is_entry":false,"ft_order_tag":"stop_loss","cost":98.08030013759999}],"funding_fees":0.0,"weekday":5},{"pair":"BTC/USDT:USDT","stake_amount":98.3733,"max_stake_amount":98.3733,"amount":0.0023,"open_date":"2024-02-06 02:34:00+00:00","close_date":"2024-02-06 08:15:00+00:00","open_rate":42771.0,"close_rate":43002.009601920385,"fee_open":0.0002,"fee_close":0.0002,"trade_duration":341,"profit_ratio":0.004999000199960009,"profit_abs":0.4918665,"exit_reason":"roi","initial_stop_loss_abs":42428.832,"initial_stop_loss_ratio":-0.008,"stop_loss_abs":42428.832,"stop_loss_ratio":-0.008,"min_rate":42662.8,"max_rate":43018.9,"is_open":false,"enter_tag":"","leverage":1.0,"is_short":false,"open_timestamp":1707186840000,"close_timestamp":1707207300000,"orders":[{"amount":0.0023,"safe_price":42771.0,"ft_order_side":"buy","order_filled_timestamp":1707186840000,"ft_is_entry":true,"ft_order_tag":"","cost":98.39297466},{"amount":0.0023,"safe_price":43002.009601920385,"ft_order_side":"sell","order_filled_timestamp":1707207300000,"ft_is_entry":false,"ft_order_tag":"roi","cost":98.92440300883376}],"funding_fees":0.0,"weekday":1},{"pair":"XRP/USDT:USDT","stake_amount":98.8624,"max_stake_amount":98.8624,"amount":194.0,"open_date":"2024-02-06 21:54:00+00:00","close_date":"2024-02-06 23:18:00+00:00","open_rate":0.5096,"close_rate":0.5056,"fee_open":0.0002,"fee_close":0.0002,"trade_duration":84,"profit_ratio":-0.008246074489968568,"profit_abs":-0.81538976,"exit_reason":"stop_loss","initial_stop_loss_abs":0.5056,"initial_stop_loss_ratio":-0.008,"stop_loss_abs":0.5056,"stop_loss_ratio":-0.008,"min_rate":0.5046,"max_rate":0.51,"is_open":false,"enter_tag":"","leverage":1.0,"is_short":false,"open_timestamp":1707256440000,"close_timestamp":1707261480000,"orders":[{"amount":194.0,"safe_price":0.5096,"ft_order_side":"buy","order_filled_timestamp":1707256440000,"ft_is_entry":true,"ft_order_tag":"","cost":98.88217248000001},{"amount":194.0,"safe_price":0.5056,"ft_order_side":"sell","order_filled_timestamp":1707261480000,"ft_is_entry":false,"ft_order_tag":"stop_loss","cost":98.10601728}],"funding_fees":0.0,"weekday":1},{"pair":"BTC/USDT:USDT","stake_amount":94.9509,"max_stake_amount":94.9509,"amount":0.0022,"open_date":"2024-02-07 01:43:00+00:00","close_date":"2024-02-07 03:52:00+00:00","open_rate":43159.5,"close_rate":42814.224,"fee_open":0.0002,"fee_close":0.0002,"trade_duration":129,"profit_ratio":-0.008396720671031527,"profit_abs":-0.79743564,"exit_reason":"stop_loss","initial_stop_loss_abs":42814.224,"initial_stop_loss_ratio":-0.008,"stop_loss_abs":42814.224,"stop_loss_ratio":-0.008,"min_rate":42812.0,"max_rate":43159.6,"is_open":false,"enter_tag":"","leverage":1.0,"is_short":false,"open_timestamp":1707270180000,"close_timestamp":1707277920000,"orders":[{"amount":0.0022,"safe_price":43159.5,"ft_order_side":"buy","order_filled_timestamp":1707270180000,"ft_is_entry":true,"ft_order_tag":"","cost":94.96989018000001},{"amount":0.0022,"safe_price":42814.224,"ft_order_side":"sell","order_filled_timestamp":1707277920000,"ft_is_entry":false,"ft_order_tag":"stop_loss","cost":94.21013105856001}],"funding_fees":0.0,"weekday":2},{"pair":"BTC/USDT:USDT","stake_amount":98.44714,"max_stake_amount":98.44714,"amount":0.0022,"open_date":"2024-02-08 10:28:00+00:00","close_date":"2024-02-08 13:58:00+00:00","open_rate":44748.7,"close_rate":44990.39131826364,"fee_open":0.0002,"fee_close":0.0002,"trade_duration":210,"profit_ratio":0.004999000199960008,"profit_abs":0.4922357,"exit_reason":"roi","initial_stop_loss_abs":44390.710399999996,"initial_stop_loss_ratio":-0.008,"stop_loss_abs":44390.710399999996,"stop_loss_ratio":-0.008,"min_rate":44605.8,"max_rate":44998.9,"is_open":false,"enter_tag":"","leverage":1.0,"is_short":false,"open_timestamp":1707388080000,"close_timestamp":1707400680000,"orders":[{"amount":0.0022,"safe_price":44748.7,"ft_order_side":"buy","order_filled_timestamp":1707388080000,"ft_is_entry":true,"ft_order_tag":"","cost":98.466829428},{"amount":0.0022,"safe_price":44990.39131826364,"ft_order_side":"sell","order_filled_timestamp":1707400680000,"ft_is_entry":false,"ft_order_tag":"roi","cost":98.99865667236004}],"funding_fees":0.0,"weekday":3},{"pair":"DOGE/USDT:USDT","stake_amount":98.7239,"max_stake_amount":98.7239,"amount":1210.0,"open_date":"2024-02-09 08:15:00+00:00","close_date":"2024-02-09 11:55:00+00:00","open_rate":0.08159,"close_rate":0.08203067413482697,"fee_open":0.0002,"fee_close":0.0002,"trade_duration":220,"profit_ratio":0.004999000199960008,"profit_abs":0.4936195,"exit_reason":"roi","initial_stop_loss_abs":0.08094,"initial_stop_loss_ratio":-0.008,"stop_loss_abs":0.08094,"stop_loss_ratio":-0.008,"min_rate":0.08127,"max_rate":0.08211,"is_open":false,"enter_tag":"","leverage":1.0,"is_short":false,"open_timestamp":1707466500000,"close_timestamp":1707479700000,"orders":[{"amount":1210.0,"safe_price":0.08159,"ft_order_side":"buy","order_filled_timestamp":1707466500000,"ft_is_entry":true,"ft_order_tag":"","cost":98.74364478},{"amount":1210.0,"safe_price":0.08203067413482697,"ft_order_side":"sell","order_filled_timestamp":1707479700000,"ft_is_entry":false,"ft_order_tag":"roi","cost":99.27696712628125}],"funding_fees":0.0,"weekday":4},{"pair":"UNI/USDT:USDT","stake_amount":92.694,"max_stake_amount":92.694,"amount":14.0,"open_date":"2024-02-11 16:21:00+00:00","close_date":"2024-02-11 17:21:00+00:00","open_rate":6.621,"close_rate":6.692,"fee_open":0.0002,"fee_close":0.0002,"trade_duration":60,"profit_ratio":0.010319247130788311,"profit_abs":0.9567236,"exit_reason":"roi","initial_stop_loss_abs":6.568032,"initial_stop_loss_ratio":-0.008,"stop_loss_abs":6.677184,"stop_loss_ratio":-0.004,"min_rate":6.618,"max_rate":6.704,"is_open":false,"enter_tag":"","leverage":1.0,"is_short":false,"open_timestamp":1707668460000,"close_timestamp":1707672060000,"orders":[{"amount":14.0,"safe_price":6.621,"ft_order_side":"buy","order_filled_timestamp":1707668460000,"ft_is_entry":true,"ft_order_tag":"","cost":92.7125388},{"amount":14.0,"safe_price":6.692,"ft_order_side":"sell","order_filled_timestamp":1707672060000,"ft_is_entry":false,"ft_order_tag":"roi","cost":93.7067376}],"funding_fees":0.0,"weekday":6},{"pair":"XRP/USDT:USDT","stake_amount":99.0948,"max_stake_amount":99.0948,"amount":188.0,"open_date":"2024-02-12 16:09:00+00:00","close_date":"2024-02-12 17:31:00+00:00","open_rate":0.5271,"close_rate":0.5325829365873175,"fee_open":0.0002,"fee_close":0.0002,"trade_duration":82,"profit_ratio":0.009998000399920017,"profit_abs":0.990948,"exit_reason":"roi","initial_stop_loss_abs":0.5229,"initial_stop_loss_ratio":-0.008,"stop_loss_abs":0.531,"stop_loss_ratio":-0.004,"min_rate":0.5244,"max_rate":0.5331,"is_open":false,"enter_tag":"","leverage":1.0,"is_short":false,"open_timestamp":1707754140000,"close_timestamp":1707759060000,"orders":[{"amount":188.0,"safe_price":0.5271,"ft_order_side":"buy","order_filled_timestamp":1707754140000,"ft_is_entry":true,"ft_order_tag":"","cost":99.11461896},{"amount":188.0,"safe_price":0.5325829365873175,"ft_order_side":"sell","order_filled_timestamp":1707759060000,"ft_is_entry":false,"ft_order_tag":"roi","cost":100.14561719683137}],"funding_fees":0.0,"weekday":0},{"pair":"XRP/USDT:USDT","stake_amount":99.1872,"max_stake_amount":99.1872,"amount":189.0,"open_date":"2024-02-14 05:05:00+00:00","close_date":"2024-02-14 08:55:00+00:00","open_rate":0.5248,"close_rate":0.5276344868973795,"fee_open":0.0002,"fee_close":0.0002,"trade_duration":230,"profit_ratio":0.004999000199960009,"profit_abs":0.495936,"exit_reason":"roi","initial_stop_loss_abs":0.5207,"initial_stop_loss_ratio":-0.008,"stop_loss_abs":0.5264,"stop_loss_ratio":-0.004,"min_rate":0.5219,"max_rate":0.5285,"is_open":false,"enter_tag":"","leverage":1.0,"is_short":false,"open_timestamp":1707887100000,"close_timestamp":1707900900000,"orders":[{"amount":189.0,"safe_price":0.5248,"ft_order_side":"buy","order_filled_timestamp":1707887100000,"ft_is_entry":true,"ft_order_tag":"","cost":99.20703744000001},{"amount":189.0,"safe_price":0.5276344868973795,"ft_order_side":"sell","order_filled_timestamp":1707900900000,"ft_is_entry":false,"ft_order_tag":"roi","cost":99.74286260720943}],"funding_fees":0.0,"weekday":2},{"pair":"UNI/USDT:USDT","stake_amount":94.024,"max_stake_amount":94.024,"amount":14.0,"open_date":"2024-02-14 08:34:00+00:00","close_date":"2024-02-14 09:12:00+00:00","open_rate":6.716,"close_rate":6.818616,"fee_open":0.0002,"fee_close":0.0002,"trade_duration":38,"profit_ratio":0.014873302460243083,"profit_abs":1.39872708,"exit_reason":"trailing_stop_loss","initial_stop_loss_abs":6.662272,"initial_stop_loss_ratio":-0.008,"stop_loss_abs":6.818616,"stop_loss_ratio":-0.004,"min_rate":6.711,"max_rate":6.846,"is_open":false,"enter_tag":"","leverage":1.0,"is_short":false,"open_timestamp":1707899640000,"close_timestamp":1707901920000,"orders":[{"amount":14.0,"safe_price":6.716,"ft_order_side":"buy","order_filled_timestamp":1707899640000,"ft_is_entry":true,"ft_order_tag":"","cost":94.0428048},{"amount":14.0,"safe_price":6.818616,"ft_order_side":"sell","order_filled_timestamp":1707901920000,"ft_is_entry":false,"ft_order_tag":"trailing_stop_loss","cost":95.47971612479999}],"funding_fees":0.0,"weekday":2},{"pair":"XRP/USDT:USDT","stake_amount":98.9691,"max_stake_amount":98.9691,"amount":179.0,"open_date":"2024-02-15 03:40:00+00:00","close_date":"2024-02-15 04:14:00+00:00","open_rate":0.5529,"close_rate":0.5554,"fee_open":0.0002,"fee_close":0.0002,"trade_duration":34,"profit_ratio":0.00411988501196487,"profit_abs":0.40782286,"exit_reason":"trailing_stop_loss","initial_stop_loss_abs":0.5485,"initial_stop_loss_ratio":-0.008,"stop_loss_abs":0.5554,"stop_loss_ratio":-0.004,"min_rate":0.5518,"max_rate":0.5576,"is_open":false,"enter_tag":"","leverage":1.0,"is_short":false,"open_timestamp":1707968400000,"close_timestamp":1707970440000,"orders":[{"amount":179.0,"safe_price":0.5529,"ft_order_side":"buy","order_filled_timestamp":1707968400000,"ft_is_entry":true,"ft_order_tag":"","cost":98.98889382},{"amount":179.0,"safe_price":0.5554,"ft_order_side":"sell","order_filled_timestamp":1707970440000,"ft_is_entry":false,"ft_order_tag":"trailing_stop_loss","cost":99.43648332}],"funding_fees":0.0,"weekday":3},{"pair":"LINK/USDT:USDT","stake_amount":98.7105,"max_stake_amount":98.7105,"amount":4.9,"open_date":"2024-02-15 09:35:00+00:00","close_date":"2024-02-15 12:11:00+00:00","open_rate":20.145,"close_rate":19.98384,"fee_open":0.0002,"fee_close":0.0002,"trade_duration":156,"profit_ratio":-0.008396720623457279,"profit_abs":-0.82901026,"exit_reason":"stop_loss","initial_stop_loss_abs":19.98384,"initial_stop_loss_ratio":-0.008,"stop_loss_abs":19.98384,"stop_loss_ratio":-0.008,"min_rate":19.978,"max_rate":20.249,"is_open":false,"enter_tag":"","leverage":1.0,"is_short":false,"open_timestamp":1707989700000,"close_timestamp":1707999060000,"orders":[{"amount":4.9,"safe_price":20.145,"ft_order_side":"buy","order_filled_timestamp":1707989700000,"ft_is_entry":true,"ft_order_tag":"","cost":98.73024210000001},{"amount":4.9,"safe_price":19.98384,"ft_order_side":"sell","order_filled_timestamp":1707999060000,"ft_is_entry":false,"ft_order_tag":"stop_loss","cost":97.94040016320001}],"funding_fees":0.0,"weekday":3},{"pair":"LTC/USDT:USDT","stake_amount":98.658,"max_stake_amount":98.658,"amount":1.4,"open_date":"2024-02-16 06:14:00+00:00","close_date":"2024-02-16 07:05:00+00:00","open_rate":70.47,"close_rate":69.90624,"fee_open":0.0002,"fee_close":0.0002,"trade_duration":51,"profit_ratio":-0.008396720684244022,"profit_abs":-0.82856935,"exit_reason":"stop_loss","initial_stop_loss_abs":69.90624,"initial_stop_loss_ratio":-0.008,"stop_loss_abs":69.90624,"stop_loss_ratio":-0.008,"min_rate":69.9,"max_rate":70.61,"is_open":false,"enter_tag":"","leverage":1.0,"is_short":false,"open_timestamp":1708064040000,"close_timestamp":1708067100000,"orders":[{"amount":1.4,"safe_price":70.47,"ft_order_side":"buy","order_filled_timestamp":1708064040000,"ft_is_entry":true,"ft_order_tag":"","cost":98.67773159999999},{"amount":1.4,"safe_price":69.90624,"ft_order_side":"sell","order_filled_timestamp":1708067100000,"ft_is_entry":false,"ft_order_tag":"stop_loss","cost":97.88830974719998}],"funding_fees":0.0,"weekday":4},{"pair":"XRP/USDT:USDT","stake_amount":99.1377,"max_stake_amount":99.1377,"amount":177.0,"open_date":"2024-02-17 06:31:00+00:00","close_date":"2024-02-17 08:48:00+00:00","open_rate":0.5601,"close_rate":0.5557,"fee_open":0.0002,"fee_close":0.0002,"trade_duration":137,"profit_ratio":-0.008252518394732051,"profit_abs":-0.81829932,"exit_reason":"stop_loss","initial_stop_loss_abs":0.5557,"initial_stop_loss_ratio":-0.008,"stop_loss_abs":0.5557,"stop_loss_ratio":-0.008,"min_rate":0.5557,"max_rate":0.5618,"is_open":false,"enter_tag":"","leverage":1.0,"is_short":false,"open_timestamp":1708151460000,"close_timestamp":1708159680000,"orders":[{"amount":177.0,"safe_price":0.5601,"ft_order_side":"buy","order_filled_timestamp":1708151460000,"ft_is_entry":true,"ft_order_tag":"","cost":99.15752754},{"amount":177.0,"safe_price":0.5557,"ft_order_side":"sell","order_filled_timestamp":1708159680000,"ft_is_entry":false,"ft_order_tag":"stop_loss","cost":98.37857177999999}],"funding_fees":0.0,"weekday":5},{"pair":"SOL/USDT:USDT","stake_amount":99.2036,"max_stake_amount":99.2036,"amount":0.92,"open_date":"2024-02-17 19:45:00+00:00","close_date":"2024-02-17 21:24:00+00:00","open_rate":107.83,"close_rate":108.95165633126624,"fee_open":0.0002,"fee_close":0.0002,"trade_duration":99,"profit_ratio":0.009998000399920017,"profit_abs":0.992036,"exit_reason":"roi","initial_stop_loss_abs":106.96736,"initial_stop_loss_ratio":-0.008,"stop_loss_abs":108.54408000000001,"stop_loss_ratio":-0.004,"min_rate":107.71,"max_rate":108.98,"is_open":false,"enter_tag":"","leverage":1.0,"is_short":false,"open_timestamp":1708199100000,"close_timestamp":1708205040000,"orders":[{"amount":0.92,"safe_price":107.83,"ft_order_side":"buy","order_filled_timestamp":1708199100000,"ft_is_entry":true,"ft_order_tag":"","cost":99.22344072000001},{"amount":0.92,"safe_price":108.95165633126624,"ft_order_side":"sell","order_filled_timestamp":1708205040000,"ft_is_entry":false,"ft_order_tag":"roi","cost":100.2555709295299}],"funding_fees":0.0,"weekday":5},{"pair":"SOL/USDT:USDT","stake_amount":98.361,"max_stake_amount":98.361,"amount":0.9,"open_date":"2024-02-17 22:00:00+00:00","close_date":"2024-02-18 01:45:00+00:00","open_rate":109.29,"close_rate":108.41568000000001,"fee_open":0.0002,"fee_close":0.0002,"trade_duration":225,"profit_ratio":-0.00839672063147379,"profit_abs":-0.82607502,"exit_reason":"stop_loss","initial_stop_loss_abs":108.41568000000001,"initial_stop_loss_ratio":-0.008,"stop_loss_abs":108.41568000000001,"stop_loss_ratio":-0.008,"min_rate":108.16,"max_rate":109.85,"is_open":false,"enter_tag":"","leverage":1.0,"is_short":false,"open_timestamp":1708207200000,"close_timestamp":1708220700000,"orders":[{"amount":0.9,"safe_price":109.29,"ft_order_side":"buy","order_filled_timestamp":1708207200000,"ft_is_entry":true,"ft_order_tag":"","cost":98.3806722},{"amount":0.9,"safe_price":108.41568000000001,"ft_order_side":"sell","order_filled_timestamp":1708220700000,"ft_is_entry":false,"ft_order_tag":"stop_loss","cost":97.59362682240001}],"funding_fees":0.0,"weekday":6},{"pair":"UNI/USDT:USDT","stake_amount":91.848,"max_stake_amount":91.848,"amount":12.0,"open_date":"2024-02-18 21:59:00+00:00","close_date":"2024-02-18 22:23:00+00:00","open_rate":7.654,"close_rate":7.673184,"fee_open":0.0002,"fee_close":0.0002,"trade_duration":24,"profit_ratio":0.0021054795225085286,"profit_abs":0.19342276,"exit_reason":"trailing_stop_loss","initial_stop_loss_abs":7.592768,"initial_stop_loss_ratio":-0.008,"stop_loss_abs":7.673184,"stop_loss_ratio":-0.004,"min_rate":7.645,"max_rate":7.704,"is_open":false,"enter_tag":"","leverage":1.0,"is_short":false,"open_timestamp":1708293540000,"close_timestamp":1708294980000,"orders":[{"amount":12.0,"safe_price":7.654,"ft_order_side":"buy","order_filled_timestamp":1708293540000,"ft_is_entry":true,"ft_order_tag":"","cost":91.8663696},{"amount":12.0,"safe_price":7.673184,"ft_order_side":"sell","order_filled_timestamp":1708294980000,"ft_is_entry":false,"ft_order_tag":"trailing_stop_loss","cost":92.0966236416}],"funding_fees":0.0,"weekday":6},{"pair":"UNI/USDT:USDT","stake_amount":91.992,"max_stake_amount":91.992,"amount":12.0,"open_date":"2024-02-19 02:29:00+00:00","close_date":"2024-02-19 03:40:00+00:00","open_rate":7.666,"close_rate":7.745742348469695,"fee_open":0.0002,"fee_close":0.0002,"trade_duration":71,"profit_ratio":0.009998000399920015,"profit_abs":0.91992,"exit_reason":"roi","initial_stop_loss_abs":7.604672,"initial_stop_loss_ratio":-0.008,"stop_loss_abs":7.716012,"stop_loss_ratio":-0.004,"min_rate":7.641,"max_rate":7.747,"is_open":false,"enter_tag":"","leverage":1.0,"is_short":false,"open_timestamp":1708309740000,"close_timestamp":1708314000000,"orders":[{"amount":12.0,"safe_price":7.666,"ft_order_side":"buy","order_filled_timestamp":1708309740000,"ft_is_entry":true,"ft_order_tag":"","cost":92.0103984},{"amount":12.0,"safe_price":7.745742348469695,"ft_order_side":"sell","order_filled_timestamp":1708314000000,"ft_is_entry":false,"ft_order_tag":"roi","cost":92.96749796327266}],"funding_fees":0.0,"weekday":0},{"pair":"LINK/USDT:USDT","stake_amount":98.0245,"max_stake_amount":98.0245,"amount":4.9,"open_date":"2024-02-19 09:45:00+00:00","close_date":"2024-02-19 10:25:00+00:00","open_rate":20.005,"close_rate":19.84496,"fee_open":0.0002,"fee_close":0.0002,"trade_duration":40,"profit_ratio":-0.008396720647709233,"profit_abs":-0.82324896,"exit_reason":"stop_loss","initial_stop_loss_abs":19.84496,"initial_stop_loss_ratio":-0.008,"stop_loss_abs":19.84496,"stop_loss_ratio":-0.008,"min_rate":19.785,"max_rate":20.011,"is_open":false,"enter_tag":"","leverage":1.0,"is_short":false,"open_timestamp":1708335900000,"close_timestamp":1708338300000,"orders":[{"amount":4.9,"safe_price":20.005,"ft_order_side":"buy","order_filled_timestamp":1708335900000,"ft_is_entry":true,"ft_order_tag":"","cost":98.04410490000001},{"amount":4.9,"safe_price":19.84496,"ft_order_side":"sell","order_filled_timestamp":1708338300000,"ft_is_entry":false,"ft_order_tag":"stop_loss","cost":97.25975206080001}],"funding_fees":0.0,"weekday":0},{"pair":"ETH/USDT:USDT","stake_amount":98.94884,"max_stake_amount":98.94884,"amount":0.034,"open_date":"2024-02-21 20:44:00+00:00","close_date":"2024-02-21 23:01:00+00:00","open_rate":2910.26,"close_rate":2940.5327585517102,"fee_open":0.0002,"fee_close":0.0002,"trade_duration":137,"profit_ratio":0.009998000399920017,"profit_abs":0.9894884,"exit_reason":"roi","initial_stop_loss_abs":2886.9779200000003,"initial_stop_loss_ratio":-0.008,"stop_loss_abs":2932.8215999999998,"stop_loss_ratio":-0.004,"min_rate":2900.15,"max_rate":2944.6,"is_open":false,"enter_tag":"","leverage":1.0,"is_short":false,"open_timestamp":1708548240000,"close_timestamp":1708556460000,"orders":[{"amount":0.034,"safe_price":2910.26,"ft_order_side":"buy","order_filled_timestamp":1708548240000,"ft_is_entry":true,"ft_order_tag":"","cost":98.96862976800001},{"amount":0.034,"safe_price":2940.5327585517102,"ft_order_side":"sell","order_filled_timestamp":1708556460000,"ft_is_entry":false,"ft_order_tag":"roi","cost":99.9981094135163}],"funding_fees":0.0,"weekday":2},{"pair":"LINK/USDT:USDT","stake_amount":98.3044,"max_stake_amount":98.3044,"amount":5.3,"open_date":"2024-02-22 20:51:00+00:00","close_date":"2024-02-22 21:17:00+00:00","open_rate":18.548,"close_rate":18.399615999999998,"fee_open":0.0002,"fee_close":0.0002,"trade_duration":26,"profit_ratio":-0.008396720625764293,"profit_abs":-0.82559967,"exit_reason":"stop_loss","initial_stop_loss_abs":18.399615999999998,"initial_stop_loss_ratio":-0.008,"stop_loss_abs":18.399615999999998,"stop_loss_ratio":-0.008,"min_rate":18.391,"max_rate":18.59,"is_open":false,"enter_tag":"","leverage":1.0,"is_short":false,"open_timestamp":1708635060000,"close_timestamp":1708636620000,"orders":[{"amount":5.3,"safe_price":18.548,"ft_order_side":"buy","order_filled_timestamp":1708635060000,"ft_is_entry":true,"ft_order_tag":"","cost":98.32406087999999},{"amount":5.3,"safe_price":18.399615999999998,"ft_order_side":"sell","order_filled_timestamp":1708636620000,"ft_is_entry":false,"ft_order_tag":"stop_loss","cost":97.53746839295998}],"funding_fees":0.0,"weekday":3},{"pair":"SOL/USDT:USDT","stake_amount":98.512,"max_stake_amount":98.512,"amount":0.94,"open_date":"2024-02-22 20:53:00+00:00","close_date":"2024-02-22 21:33:00+00:00","open_rate":104.8,"close_rate":103.96159999999999,"fee_open":0.0002,"fee_close":0.0002,"trade_duration":40,"profit_ratio":-0.00839672064774961,"profit_abs":-0.82734318,"exit_reason":"stop_loss","initial_stop_loss_abs":103.96159999999999,"initial_stop_loss_ratio":-0.008,"stop_loss_abs":103.96159999999999,"stop_loss_ratio":-0.008,"min_rate":103.89,"max_rate":105.2,"is_open":false,"enter_tag":"","leverage":1.0,"is_short":false,"open_timestamp":1708635180000,"close_timestamp":1708637580000,"orders":[{"amount":0.94,"safe_price":104.8,"ft_order_side":"buy","order_filled_timestamp":1708635180000,"ft_is_entry":true,"ft_order_tag":"","cost":98.53170239999999},{"amount":0.94,"safe_price":103.96159999999999,"ft_order_side":"sell","order_filled_timestamp":1708637580000,"ft_is_entry":false,"ft_order_tag":"stop_loss","cost":97.7434487808}],"funding_fees":0.0,"weekday":3},{"pair":"XRP/USDT:USDT","stake_amount":99.09,"max_stake_amount":99.09,"amount":180.0,"open_date":"2024-02-22 20:51:00+00:00","close_date":"2024-02-22 21:34:00+00:00","open_rate":0.5505,"close_rate":0.5461,"fee_open":0.0002,"fee_close":0.0002,"trade_duration":43,"profit_ratio":-0.008389457440028798,"profit_abs":-0.8314776,"exit_reason":"stop_loss","initial_stop_loss_abs":0.5461,"initial_stop_loss_ratio":-0.008,"stop_loss_abs":0.5461,"stop_loss_ratio":-0.008,"min_rate":0.5436,"max_rate":0.5515,"is_open":false,"enter_tag":"","leverage":1.0,"is_short":false,"open_timestamp":1708635060000,"close_timestamp":1708637640000,"orders":[{"amount":180.0,"safe_price":0.5505,"ft_order_side":"buy","order_filled_timestamp":1708635060000,"ft_is_entry":true,"ft_order_tag":"","cost":99.109818},{"amount":180.0,"safe_price":0.5461,"ft_order_side":"sell","order_filled_timestamp":1708637640000,"ft_is_entry":false,"ft_order_tag":"stop_loss","cost":98.3176596}],"funding_fees":0.0,"weekday":3},{"pair":"UNI/USDT:USDT","stake_amount":99.063,"max_stake_amount":99.063,"amount":9.0,"open_date":"2024-02-23 20:28:00+00:00","close_date":"2024-02-23 20:35:00+00:00","open_rate":11.007,"close_rate":11.053608,"fee_open":0.0002,"fee_close":0.0002,"trade_duration":7,"profit_ratio":0.0038327829018450776,"profit_abs":0.37976291,"exit_reason":"trailing_stop_loss","initial_stop_loss_abs":10.918944,"initial_stop_loss_ratio":-0.008,"stop_loss_abs":11.053608,"stop_loss_ratio":-0.004,"min_rate":10.996,"max_rate":11.098,"is_open":false,"enter_tag":"","leverage":1.0,"is_short":false,"open_timestamp":1708720080000,"close_timestamp":1708720500000,"orders":[{"amount":9.0,"safe_price":11.007,"ft_order_side":"buy","order_filled_timestamp":1708720080000,"ft_is_entry":true,"ft_order_tag":"","cost":99.0828126},{"amount":9.0,"safe_price":11.053608,"ft_order_side":"sell","order_filled_timestamp":1708720500000,"ft_is_entry":false,"ft_order_tag":"trailing_stop_loss","cost":99.5023684944}],"funding_fees":0.0,"weekday":4},{"pair":"ETH/USDT:USDT","stake_amount":97.33312,"max_stake_amount":97.33312,"amount":0.032,"open_date":"2024-02-25 06:38:00+00:00","close_date":"2024-02-25 08:55:00+00:00","open_rate":3041.66,"close_rate":3017.32672,"fee_open":0.0002,"fee_close":0.0002,"trade_duration":137,"profit_ratio":-0.008396720707146354,"profit_abs":-0.81744248,"exit_reason":"stop_loss","initial_stop_loss_abs":3017.32672,"initial_stop_loss_ratio":-0.008,"stop_loss_abs":3017.32672,"stop_loss_ratio":-0.008,"min_rate":3017.02,"max_rate":3041.79,"is_open":false,"enter_tag":"","leverage":1.0,"is_short":false,"open_timestamp":1708843080000,"close_timestamp":1708851300000,"orders":[{"amount":0.032,"safe_price":3041.66,"ft_order_side":"buy","order_filled_timestamp":1708843080000,"ft_is_entry":true,"ft_order_tag":"","cost":97.352586624},{"amount":0.032,"safe_price":3017.32672,"ft_order_side":"sell","order_filled_timestamp":1708851300000,"ft_is_entry":false,"ft_order_tag":"stop_loss","cost":96.57376593100801}],"funding_fees":0.0,"weekday":6},{"pair":"UNI/USDT:USDT","stake_amount":94.491,"max_stake_amount":94.491,"amount":9.0,"open_date":"2024-02-25 08:48:00+00:00","close_date":"2024-02-25 08:59:00+00:00","open_rate":10.499,"close_rate":10.526724000000002,"fee_open":0.0002,"fee_close":0.0002,"trade_duration":11,"profit_ratio":0.0022396564172788413,"profit_abs":0.2116697,"exit_reason":"trailing_stop_loss","initial_stop_loss_abs":10.415008,"initial_stop_loss_ratio":-0.008,"stop_loss_abs":10.526724000000002,"stop_loss_ratio":-0.004,"min_rate":10.477,"max_rate":10.569,"is_open":false,"enter_tag":"","leverage":1.0,"is_short":false,"open_timestamp":1708850880000,"close_timestamp":1708851540000,"orders":[{"amount":9.0,"safe_price":10.499,"ft_order_side":"buy","order_filled_timestamp":1708850880000,"ft_is_entry":true,"ft_order_tag":"","cost":94.5098982},{"amount":9.0,"safe_price":10.526724000000002,"ft_order_side":"sell","order_filled_timestamp":1708851540000,"ft_is_entry":false,"ft_order_tag":"trailing_stop_loss","cost":94.75946410320002}],"funding_fees":0.0,"weekday":6},{"pair":"LTC/USDT:USDT","stake_amount":94.588,"max_stake_amount":94.588,"amount":1.3,"open_date":"2024-02-26 21:58:00+00:00","close_date":"2024-02-26 22:31:00+00:00","open_rate":72.76,"close_rate":72.17792,"fee_open":0.0002,"fee_close":0.0002,"trade_duration":33,"profit_ratio":-0.008396720664324866,"profit_abs":-0.79438786,"exit_reason":"stop_loss","initial_stop_loss_abs":72.17792,"initial_stop_loss_ratio":-0.008,"stop_loss_abs":72.17792,"stop_loss_ratio":-0.008,"min_rate":72.17,"max_rate":72.78,"is_open":false,"enter_tag":"","leverage":1.0,"is_short":false,"open_timestamp":1708984680000,"close_timestamp":1708986660000,"orders":[{"amount":1.3,"safe_price":72.76,"ft_order_side":"buy","order_filled_timestamp":1708984680000,"ft_is_entry":true,"ft_order_tag":"","cost":94.6069176},{"amount":1.3,"safe_price":72.17792,"ft_order_side":"sell","order_filled_timestamp":1708986660000,"ft_is_entry":false,"ft_order_tag":"stop_loss","cost":93.8500622592}],"funding_fees":0.0,"weekday":0},{"pair":"BTC/USDT:USDT","stake_amount":93.16365,"max_stake_amount":93.16365,"amount":0.0015,"open_date":"2024-02-29 20:48:00+00:00","close_date":"2024-02-29 21:05:00+00:00","open_rate":62109.1,"close_rate":61612.2272,"fee_open":0.0002,"fee_close":0.0002,"trade_duration":17,"profit_ratio":-0.00839672067561507,"profit_abs":-0.7824256,"exit_reason":"stop_loss","initial_stop_loss_abs":61612.2272,"initial_stop_loss_ratio":-0.008,"stop_loss_abs":61612.2272,"stop_loss_ratio":-0.008,"min_rate":61458.3,"max_rate":62308.7,"is_open":false,"enter_tag":"","leverage":1.0,"is_short":false,"open_timestamp":1709239680000,"close_timestamp":1709240700000,"orders":[{"amount":0.0015,"safe_price":62109.1,"ft_order_side":"buy","order_filled_timestamp":1709239680000,"ft_is_entry":true,"ft_order_tag":"","cost":93.18228273},{"amount":0.0015,"safe_price":61612.2272,"ft_order_side":"sell","order_filled_timestamp":1709240700000,"ft_is_entry":false,"ft_order_tag":"stop_loss","cost":92.43682446816001}],"funding_fees":0.0,"weekday":3}],"locks":[],"best_pair":{"key":"UNI/USDT:USDT","trades":9,"profit_mean":0.004494807900754584,"profit_mean_pct":0.45,"profit_total_abs":3.74616625,"profit_total":0.00374616625,"profit_total_pct":0.37,"duration_avg":"0:33:00","wins":8,"draws":0,"losses":1,"winrate":0.8888888888888888,"cagr":0.02340175664611155,"expectancy":0.41624069444444445,"expectancy_ratio":0.5055017974338811,"sortino":-100,"sharpe":2.034846528977548,"calmar":147.349031601962,"sqn":1.9749,"profit_factor":5.549516176904931,"max_drawdown_account":0.0008232546293460931,"max_drawdown_abs":0.8234208},"worst_pair":{"key":"LINK/USDT:USDT","trades":7,"profit_mean":-0.006536210261596072,"profit_mean_pct":-0.65,"profit_total_abs":-4.49721353,"profit_total":-0.0044972135299999995,"profit_total_pct":-0.45,"duration_avg":"0:42:00","wins":1,"draws":0,"losses":6,"winrate":0.14285714285714285,"cagr":-0.02749930912850329,"expectancy":-0.6424590757142856,"expectancy_ratio":-0.7784519086569058,"sortino":-574.4791271923119,"sharpe":-3.25143179299672,"calmar":-32.38131046532711,"sqn":-3.5136,"profit_factor":0.09180610656694324,"max_drawdown_account":0.0044972135299999536,"max_drawdown_abs":4.49721353},"results_per_pair":[{"key":"UNI/USDT:USDT","trades":9,"profit_mean":0.004494807900754584,"profit_mean_pct":0.45,"profit_total_abs":3.74616625,"profit_total":0.00374616625,"profit_total_pct":0.37,"duration_avg":"0:33:00","wins":8,"draws":0,"losses":1,"winrate":0.8888888888888888,"cagr":0.02340175664611155,"expectancy":0.41624069444444445,"expectancy_ratio":0.5055017974338811,"sortino":-100,"sharpe":2.034846528977548,"calmar":147.349031601962,"sqn":1.9749,"profit_factor":5.549516176904931,"max_drawdown_account":0.0008232546293460931,"max_drawdown_abs":0.8234208},{"key":"DOGE/USDT:USDT","trades":2,"profit_mean":0.007498500299940012,"profit_mean_pct":0.75,"profit_total_abs":1.4778055,"profit_total":0.0014778055000000002,"profit_total_pct":0.15,"duration_avg":"3:02:00","wins":2,"draws":0,"losses":0,"winrate":1.0,"cagr":0.009177464422544857,"expectancy":0.73890275,"expectancy_ratio":100.0,"sortino":-100,"sharpe":1.9509395241161993,"calmar":-100,"sqn":3.0124,"profit_factor":0.0,"max_drawdown_account":0.0,"max_drawdown_abs":0.0},{"key":"BTC/USDT:USDT","trades":8,"profit_mean":0.0012805251981792489,"profit_mean_pct":0.13,"profit_total_abs":0.9979618699999999,"profit_total":0.00099796187,"profit_total_pct":0.1,"duration_avg":"2:43:00","wins":5,"draws":0,"losses":3,"winrate":0.625,"cagr":0.00618983165192688,"expectancy":0.12474523375000013,"expectancy_ratio":0.15512764937836954,"sortino":15.376258608990678,"sharpe":0.4345600263957691,"calmar":22.679358325223298,"sqn":0.4438,"profit_factor":1.4136737316756522,"max_drawdown_account":0.0014248777536658946,"max_drawdown_abs":1.42833493},{"key":"XRP/USDT:USDT","trades":10,"profit_mean":0.00048253803613590283,"profit_mean_pct":0.05,"profit_total_abs":0.47301583999999985,"profit_total":0.00047301583999999987,"profit_total_pct":0.05,"duration_avg":"2:30:00","wins":6,"draws":0,"losses":4,"winrate":0.6,"cagr":0.002929876284999855,"expectancy":0.04730158399999995,"expectancy_ratio":0.05748844924972363,"sortino":24.14558719974908,"sharpe":0.20755097239587544,"calmar":9.303916869366342,"sqn":0.1923,"profit_factor":1.1437211231243092,"max_drawdown_account":0.0016462822040563343,"max_drawdown_abs":1.6497769199999999},{"key":"SOL/USDT:USDT","trades":9,"profit_mean":-0.0003795200270656114,"profit_mean_pct":-0.04,"profit_total_abs":-0.3260719200000002,"profit_total":-0.00032607192000000016,"profit_total_pct":-0.03,"duration_avg":"1:01:00","wins":5,"draws":0,"losses":4,"winrate":0.5555555555555556,"cagr":-0.002015519648400854,"expectancy":-0.03623021333333326,"expectancy_ratio":-0.04380930039106545,"sortino":-49.71731189431859,"sharpe":-0.14353317113718872,"calmar":-4.568153528076838,"sqn":-0.1393,"profit_factor":0.9014290741201024,"max_drawdown_account":0.0023113575344282083,"max_drawdown_abs":2.31595687},{"key":"ETH/USDT:USDT","trades":5,"profit_mean":-0.001957033163282215,"profit_mean_pct":-0.2,"profit_total_abs":-0.91864011,"profit_total":-0.00091864011,"profit_total_pct":-0.09,"duration_avg":"1:41:00","wins":2,"draws":0,"losses":3,"winrate":0.4,"cagr":-0.005669591371308513,"expectancy":-0.183728022,"expectancy_ratio":-0.22576857498292602,"sortino":-108.7307645203432,"sharpe":-0.3789208687173564,"calmar":-18.31782248262618,"sqn":-0.4681,"profit_factor":0.6237190416951234,"max_drawdown_account":0.0016239250400000174,"max_drawdown_abs":1.62392504},{"key":"LTC/USDT:USDT","trades":3,"profit_mean":-0.003931480382869627,"profit_mean_pct":-0.39,"profit_total_abs":-1.14429721,"profit_total":-0.0011442972099999999,"profit_total_pct":-0.11,"duration_avg":"1:56:00","wins":1,"draws":0,"losses":2,"winrate":0.3333333333333333,"cagr":-0.0070581536158474956,"expectancy":-0.3814324033333333,"expectancy_ratio":-0.4700461613936616,"sortino":-21.68064834014974,"sharpe":-0.6091003583973689,"calmar":-22.84199434574995,"sqn":-0.8867,"profit_factor":0.2949307579095076,"max_drawdown_account":0.0016221807369684242,"max_drawdown_abs":1.62295721},{"key":"LINK/USDT:USDT","trades":7,"profit_mean":-0.006536210261596072,"profit_mean_pct":-0.65,"profit_total_abs":-4.49721353,"profit_total":-0.0044972135299999995,"profit_total_pct":-0.45,"duration_avg":"0:42:00","wins":1,"draws":0,"losses":6,"winrate":0.14285714285714285,"cagr":-0.02749930912850329,"expectancy":-0.6424590757142856,"expectancy_ratio":-0.7784519086569058,"sortino":-574.4791271923119,"sharpe":-3.25143179299672,"calmar":-32.38131046532711,"sqn":-3.5136,"profit_factor":0.09180610656694324,"max_drawdown_account":0.0044972135299999536,"max_drawdown_abs":4.49721353},{"key":"TOTAL","trades":53,"profit_mean":-4.318969553182378e-06,"profit_mean_pct":-0.0,"profit_total_abs":-0.19127331000000003,"profit_total":-0.00019127331000000003,"profit_total_pct":-0.02,"duration_avg":"1:37:00","wins":30,"draws":0,"losses":23,"winrate":0.5660377358490566,"cagr":-0.0011827142085695241,"expectancy":-0.0036089303773585435,"expectancy_ratio":-0.004403188514207068,"sortino":-4.972315942764053,"sharpe":-0.08238055495941674,"calmar":-1.170726474753547,"sqn":-0.0346,"profit_factor":0.9898535221194361,"max_drawdown_account":0.005290459017034311,"max_drawdown_abs":5.31757953}],"results_per_enter_tag":[{"key":"","trades":53,"profit_mean":-4.318969553182378e-06,"profit_mean_pct":-0.0,"profit_total_abs":-0.19127331000000003,"profit_total":-0.00019127331000000003,"profit_total_pct":-0.02,"duration_avg":"1:37:00","wins":30,"draws":0,"losses":23,"winrate":0.5660377358490566,"cagr":-0.0011827142085695241,"expectancy":-0.0036089303773585435,"expectancy_ratio":-0.004403188514207068,"sortino":-4.972315942764053,"sharpe":-0.08238055495941674,"calmar":-1.170726474753547,"sqn":-0.0346,"profit_factor":0.9898535221194361,"max_drawdown_account":0.005290459017034311,"max_drawdown_abs":5.31757953},{"key":"TOTAL","trades":53,"profit_mean":-4.318969553182378e-06,"profit_mean_pct":-0.0,"profit_total_abs":-0.19127331000000003,"profit_total":-0.00019127331000000003,"profit_total_pct":-0.02,"duration_avg":"1:37:00","wins":30,"draws":0,"losses":23,"winrate":0.5660377358490566,"cagr":-0.0011827142085695241,"expectancy":-0.0036089303773585435,"expectancy_ratio":-0.004403188514207068,"sortino":-4.972315942764053,"sharpe":-0.08238055495941674,"calmar":-1.170726474753547,"sqn":-0.0346,"profit_factor":0.9898535221194361,"max_drawdown_account":0.005290459017034311,"max_drawdown_abs":5.31757953}],"exit_reason_summary":[{"key":"roi","trades":17,"profit_mean":0.007628235606151629,"profit_mean_pct":0.76,"profit_total_abs":12.5814316,"profit_total":0.0125814316,"profit_total_pct":1.26,"duration_avg":"3:01:00","wins":17,"draws":0,"losses":0,"winrate":1.0,"cagr":0.08041876936532177,"expectancy":0.7400842117647058,"expectancy_ratio":100.0,"sortino":-100,"sharpe":16.345770811547123,"calmar":-100,"sqn":11.8774,"profit_factor":0.0,"max_drawdown_account":0.0,"max_drawdown_abs":0.0},{"key":"trailing_stop_loss","trades":13,"profit_mean":0.004829491049874749,"profit_mean_pct":0.48,"profit_total_abs":6.07849767,"profit_total":0.00607849767,"profit_total_pct":0.61,"duration_avg":"0:29:00","wins":13,"draws":0,"losses":0,"winrate":1.0,"cagr":0.0382020692913525,"expectancy":0.46757674384615383,"expectancy_ratio":100.0,"sortino":-100,"sharpe":6.234909974897455,"calmar":-100,"sqn":5.1308,"profit_factor":0.0,"max_drawdown_account":0.0,"max_drawdown_abs":0.0},{"key":"stop_loss","trades":23,"profit_mean":-0.008377925840837743,"profit_mean_pct":-0.84,"profit_total_abs":-18.851202580000002,"profit_total":-0.018851202580000004,"profit_total_pct":-1.89,"duration_avg":"1:15:00","wins":0,"draws":0,"losses":23,"winrate":0.0,"cagr":-0.11106849204415303,"expectancy":-0.819617503478261,"expectancy_ratio":-1.0,"sortino":-490.0533959955461,"sharpe":-490.0533959955461,"calmar":-32.38131046532688,"sqn":-308.626,"profit_factor":0.0,"max_drawdown_account":0.01885120257999995,"max_drawdown_abs":18.851202580000002},{"key":"TOTAL","trades":53,"profit_mean":-4.318969553182378e-06,"profit_mean_pct":-0.0,"profit_total_abs":-0.19127331000000003,"profit_total":-0.00019127331000000003,"profit_total_pct":-0.02,"duration_avg":"1:37:00","wins":30,"draws":0,"losses":23,"winrate":0.5660377358490566,"cagr":-0.0011827142085695241,"expectancy":-0.0036089303773585435,"expectancy_ratio":-0.004403188514207068,"sortino":-4.972315942764053,"sharpe":-0.08238055495941674,"calmar":-1.170726474753547,"sqn":-0.0346,"profit_factor":0.9898535221194361,"max_drawdown_account":0.005290459017034311,"max_drawdown_abs":5.31757953}],"mix_tag_stats":[{"key":["","roi"],"trades":17,"profit_mean":0.007628235606151629,"profit_mean_pct":0.76,"profit_total_abs":12.5814316,"profit_total":0.0125814316,"profit_total_pct":1.26,"duration_avg":"3:01:00","wins":17,"draws":0,"losses":0,"winrate":1.0,"cagr":0.08041876936532177,"expectancy":0.7400842117647058,"expectancy_ratio":100.0,"sortino":-100,"sharpe":16.345770811547123,"calmar":-100,"sqn":11.8774,"profit_factor":0.0,"max_drawdown_account":0.0,"max_drawdown_abs":0.0},{"key":["","trailing_stop_loss"],"trades":13,"profit_mean":0.004829491049874749,"profit_mean_pct":0.48,"profit_total_abs":6.07849767,"profit_total":0.00607849767,"profit_total_pct":0.61,"duration_avg":"0:29:00","wins":13,"draws":0,"losses":0,"winrate":1.0,"cagr":0.0382020692913525,"expectancy":0.46757674384615383,"expectancy_ratio":100.0,"sortino":-100,"sharpe":6.234909974897455,"calmar":-100,"sqn":5.1308,"profit_factor":0.0,"max_drawdown_account":0.0,"max_drawdown_abs":0.0},{"key":["","stop_loss"],"trades":23,"profit_mean":-0.008377925840837743,"profit_mean_pct":-0.84,"profit_total_abs":-18.851202580000002,"profit_total":-0.018851202580000004,"profit_total_pct":-1.89,"duration_avg":"1:15:00","wins":0,"draws":0,"losses":23,"winrate":0.0,"cagr":-0.11106849204415303,"expectancy":-0.819617503478261,"expectancy_ratio":-1.0,"sortino":-490.0533959955461,"sharpe":-490.0533959955461,"calmar":-32.38131046532688,"sqn":-308.626,"profit_factor":0.0,"max_drawdown_account":0.01885120257999995,"max_drawdown_abs":18.851202580000002},{"key":"TOTAL","trades":53,"profit_mean":-4.318969553182378e-06,"profit_mean_pct":-0.0,"profit_total_abs":-0.19127331000000003,"profit_total":-0.00019127331000000003,"profit_total_pct":-0.02,"duration_avg":"1:37:00","wins":30,"draws":0,"losses":23,"winrate":0.5660377358490566,"cagr":-0.0011827142085695241,"expectancy":-0.0036089303773585435,"expectancy_ratio":-0.004403188514207068,"sortino":-4.972315942764053,"sharpe":-0.08238055495941674,"calmar":-1.170726474753547,"sqn":-0.0346,"profit_factor":0.9898535221194361,"max_drawdown_account":0.005290459017034311,"max_drawdown_abs":5.31757953}],"left_open_trades":[{"key":"TOTAL","trades":0,"profit_mean":0.0,"profit_mean_pct":0.0,"profit_total_abs":0.0,"profit_total":0.0,"profit_total_pct":0.0,"duration_avg":"0:00","wins":0,"draws":0,"losses":0,"winrate":0.0,"cagr":0.0,"expectancy":0.0,"expectancy_ratio":100.0,"sortino":0,"sharpe":0,"calmar":0,"sqn":0.0,"profit_factor":0.0,"max_drawdown_account":0.0,"max_drawdown_abs":0.0}],"total_trades":53,"trade_count_long":53,"trade_count_short":0,"total_volume":10327.981913376572,"avg_stake_amount":97.39663037735849,"profit_mean":-4.318969553182378e-06,"profit_median":0.0022396564172788413,"profit_total":-0.00019127331000000003,"profit_total_long":-0.00019127331000000003,"profit_total_short":0.0,"profit_total_abs":-0.19127331000000003,"profit_total_long_abs":-0.19127331000000003,"profit_total_short_abs":0.0,"cagr":-0.0011827142085695241,"expectancy":-0.0036089303773585435,"expectancy_ratio":-0.004403188514207068,"sortino":-4.972315942764053,"sharpe":-0.08238055495941674,"calmar":-1.170726474753547,"sqn":-0.0346,"profit_factor":0.9898535221194361,"backtest_start":"2024-01-01 03:20:00","backtest_start_ts":1704079200000,"backtest_end":"2024-03-01 00:00:00","backtest_end_ts":1709251200000,"backtest_days":59,"backtest_run_start_ts":1768476849,"backtest_run_end_ts":1768476854,"trades_per_day":0.9,"market_change":0.28910683609128573,"pairlist":["BTC/USDT:USDT","ETH/USDT:USDT","SOL/USDT:USDT","XRP/USDT:USDT","DOGE/USDT:USDT","LTC/USDT:USDT","LINK/USDT:USDT","UNI/USDT:USDT"],"stake_amount":"unlimited","stake_currency":"USDT","stake_currency_decimals":3,"starting_balance":1000,"dry_run_wallet":1000,"final_balance":999.80872669,"rejected_signals":0,"timedout_entry_orders":0,"timedout_exit_orders":0,"canceled_trade_entries":0,"canceled_entry_orders":0,"replaced_entry_orders":0,"max_open_trades":8,"max_open_trades_setting":10,"timeframe":"1m","timeframe_detail":"","timerange":"20240101-20240301","enable_protections":false,"strategy_name":"FutureHighFreqV1","freqaimodel":null,"freqai_identifier":null,"stoploss":-0.008,"trailing_stop":true,"trailing_stop_positive":0.004,"trailing_stop_positive_offset":0.006,"trailing_only_offset_is_reached":true,"use_custom_stoploss":false,"minimal_roi":{"0":0.02,"60":0.01,"180":0.005,"360":0},"use_exit_signal":true,"exit_profit_only":false,"exit_profit_offset":0.0,"ignore_roi_if_entry_signal":false,"trading_mode":"futures","margin_mode":"isolated","periodic_breakdown":{"day":[{"date":"01/01/2024","date_ts":1704067200000,"profit_abs":1.4698623,"wins":2,"draws":0,"losses":0,"trades":2,"profit_factor":0.0},{"date":"02/01/2024","date_ts":1704153600000,"profit_abs":0.0,"wins":0,"draws":0,"losses":0,"trades":0,"profit_factor":0.0},{"date":"03/01/2024","date_ts":1704240000000,"profit_abs":0.0,"wins":0,"draws":0,"losses":0,"trades":0,"profit_factor":0.0},{"date":"04/01/2024","date_ts":1704326400000,"profit_abs":0.0,"wins":0,"draws":0,"losses":0,"trades":0,"profit_factor":0.0},{"date":"05/01/2024","date_ts":1704412800000,"profit_abs":0.0,"wins":0,"draws":0,"losses":0,"trades":0,"profit_factor":0.0},{"date":"06/01/2024","date_ts":1704499200000,"profit_abs":0.201846,"wins":1,"draws":0,"losses":0,"trades":1,"profit_factor":0.0},{"date":"07/01/2024","date_ts":1704585600000,"profit_abs":0.0,"wins":0,"draws":0,"losses":0,"trades":0,"profit_factor":0.0},{"date":"08/01/2024","date_ts":1704672000000,"profit_abs":0.39438125,"wins":1,"draws":0,"losses":0,"trades":1,"profit_factor":0.0},{"date":"09/01/2024","date_ts":1704758400000,"profit_abs":-0.8234208,"wins":0,"draws":0,"losses":1,"trades":1,"profit_factor":0.0},{"date":"10/01/2024","date_ts":1704844800000,"profit_abs":1.2603018,"wins":2,"draws":0,"losses":0,"trades":2,"profit_factor":0.0},{"date":"11/01/2024","date_ts":1704931200000,"profit_abs":0.0,"wins":0,"draws":0,"losses":0,"trades":0,"profit_factor":0.0},{"date":"12/01/2024","date_ts":1705017600000,"profit_abs":-0.81306573,"wins":0,"draws":0,"losses":1,"trades":1,"profit_factor":0.0},{"date":"13/01/2024","date_ts":1705104000000,"profit_abs":0.0,"wins":0,"draws":0,"losses":0,"trades":0,"profit_factor":0.0},{"date":"14/01/2024","date_ts":1705190400000,"profit_abs":0.0,"wins":0,"draws":0,"losses":0,"trades":0,"profit_factor":0.0},{"date":"15/01/2024","date_ts":1705276800000,"profit_abs":-1.63205654,"wins":0,"draws":0,"losses":2,"trades":2,"profit_factor":0.0},{"date":"16/01/2024","date_ts":1705363200000,"profit_abs":0.3903196,"wins":1,"draws":0,"losses":0,"trades":1,"profit_factor":0.0},{"date":"17/01/2024","date_ts":1705449600000,"profit_abs":-0.1670586,"wins":1,"draws":0,"losses":1,"trades":2,"profit_factor":0.79775954},{"date":"18/01/2024","date_ts":1705536000000,"profit_abs":0.0,"wins":0,"draws":0,"losses":0,"trades":0,"profit_factor":0.0},{"date":"19/01/2024","date_ts":1705622400000,"profit_abs":0.4546074,"wins":1,"draws":0,"losses":0,"trades":1,"profit_factor":0.0},{"date":"20/01/2024","date_ts":1705708800000,"profit_abs":-0.09856045,"wins":1,"draws":0,"losses":1,"trades":2,"profit_factor":0.88061543},{"date":"21/01/2024","date_ts":1705795200000,"profit_abs":0.20951219,"wins":1,"draws":0,"losses":0,"trades":1,"profit_factor":0.0},{"date":"22/01/2024","date_ts":1705881600000,"profit_abs":-0.82719369,"wins":0,"draws":0,"losses":1,"trades":1,"profit_factor":0.0},{"date":"23/01/2024","date_ts":1705968000000,"profit_abs":0.15991977,"wins":1,"draws":0,"losses":1,"trades":2,"profit_factor":1.19398788},{"date":"24/01/2024","date_ts":1706054400000,"profit_abs":0.53323901,"wins":1,"draws":0,"losses":0,"trades":1,"profit_factor":0.0},{"date":"25/01/2024","date_ts":1706140800000,"profit_abs":0.0,"wins":0,"draws":0,"losses":0,"trades":0,"profit_factor":0.0},{"date":"26/01/2024","date_ts":1706227200000,"profit_abs":0.984186,"wins":1,"draws":0,"losses":0,"trades":1,"profit_factor":0.0},{"date":"27/01/2024","date_ts":1706313600000,"profit_abs":0.4948955,"wins":1,"draws":0,"losses":0,"trades":1,"profit_factor":0.0},{"date":"28/01/2024","date_ts":1706400000000,"profit_abs":0.4823077,"wins":1,"draws":0,"losses":0,"trades":1,"profit_factor":0.0},{"date":"29/01/2024","date_ts":1706486400000,"profit_abs":0.0,"wins":0,"draws":0,"losses":0,"trades":0,"profit_factor":0.0},{"date":"30/01/2024","date_ts":1706572800000,"profit_abs":0.0,"wins":0,"draws":0,"losses":0,"trades":0,"profit_factor":0.0},{"date":"31/01/2024","date_ts":1706659200000,"profit_abs":0.0,"wins":0,"draws":0,"losses":0,"trades":0,"profit_factor":0.0},{"date":"01/02/2024","date_ts":1706745600000,"profit_abs":0.0,"wins":0,"draws":0,"losses":0,"trades":0,"profit_factor":0.0},{"date":"02/02/2024","date_ts":1706832000000,"profit_abs":-0.83257589,"wins":0,"draws":0,"losses":1,"trades":1,"profit_factor":0.0},{"date":"03/02/2024","date_ts":1706918400000,"profit_abs":-0.83019444,"wins":0,"draws":0,"losses":1,"trades":1,"profit_factor":0.0},{"date":"04/02/2024","date_ts":1707004800000,"profit_abs":0.0,"wins":0,"draws":0,"losses":0,"trades":0,"profit_factor":0.0},{"date":"05/02/2024","date_ts":1707091200000,"profit_abs":0.0,"wins":0,"draws":0,"losses":0,"trades":0,"profit_factor":0.0},{"date":"06/02/2024","date_ts":1707177600000,"profit_abs":-0.32352326,"wins":1,"draws":0,"losses":1,"trades":2,"profit_factor":0.60322869},{"date":"07/02/2024","date_ts":1707264000000,"profit_abs":-0.79743564,"wins":0,"draws":0,"losses":1,"trades":1,"profit_factor":0.0},{"date":"08/02/2024","date_ts":1707350400000,"profit_abs":0.4922357,"wins":1,"draws":0,"losses":0,"trades":1,"profit_factor":0.0},{"date":"09/02/2024","date_ts":1707436800000,"profit_abs":0.4936195,"wins":1,"draws":0,"losses":0,"trades":1,"profit_factor":0.0},{"date":"10/02/2024","date_ts":1707523200000,"profit_abs":0.0,"wins":0,"draws":0,"losses":0,"trades":0,"profit_factor":0.0},{"date":"11/02/2024","date_ts":1707609600000,"profit_abs":0.9567236,"wins":1,"draws":0,"losses":0,"trades":1,"profit_factor":0.0},{"date":"12/02/2024","date_ts":1707696000000,"profit_abs":0.990948,"wins":1,"draws":0,"losses":0,"trades":1,"profit_factor":0.0},{"date":"13/02/2024","date_ts":1707782400000,"profit_abs":0.0,"wins":0,"draws":0,"losses":0,"trades":0,"profit_factor":0.0},{"date":"14/02/2024","date_ts":1707868800000,"profit_abs":1.89466308,"wins":2,"draws":0,"losses":0,"trades":2,"profit_factor":0.0},{"date":"15/02/2024","date_ts":1707955200000,"profit_abs":-0.4211874,"wins":1,"draws":0,"losses":1,"trades":2,"profit_factor":0.49193946},{"date":"16/02/2024","date_ts":1708041600000,"profit_abs":-0.82856935,"wins":0,"draws":0,"losses":1,"trades":1,"profit_factor":0.0},{"date":"17/02/2024","date_ts":1708128000000,"profit_abs":0.17373668,"wins":1,"draws":0,"losses":1,"trades":2,"profit_factor":1.21231434},{"date":"18/02/2024","date_ts":1708214400000,"profit_abs":-0.63265226,"wins":1,"draws":0,"losses":1,"trades":2,"profit_factor":0.23414672},{"date":"19/02/2024","date_ts":1708300800000,"profit_abs":0.09667104,"wins":1,"draws":0,"losses":1,"trades":2,"profit_factor":1.11742625},{"date":"20/02/2024","date_ts":1708387200000,"profit_abs":0.0,"wins":0,"draws":0,"losses":0,"trades":0,"profit_factor":0.0},{"date":"21/02/2024","date_ts":1708473600000,"profit_abs":0.9894884,"wins":1,"draws":0,"losses":0,"trades":1,"profit_factor":0.0},{"date":"22/02/2024","date_ts":1708560000000,"profit_abs":-2.48442045,"wins":0,"draws":0,"losses":3,"trades":3,"profit_factor":0.0},{"date":"23/02/2024","date_ts":1708646400000,"profit_abs":0.37976291,"wins":1,"draws":0,"losses":0,"trades":1,"profit_factor":0.0},{"date":"24/02/2024","date_ts":1708732800000,"profit_abs":0.0,"wins":0,"draws":0,"losses":0,"trades":0,"profit_factor":0.0},{"date":"25/02/2024","date_ts":1708819200000,"profit_abs":-0.60577278,"wins":1,"draws":0,"losses":1,"trades":2,"profit_factor":0.2589414},{"date":"26/02/2024","date_ts":1708905600000,"profit_abs":-0.79438786,"wins":0,"draws":0,"losses":1,"trades":1,"profit_factor":0.0},{"date":"27/02/2024","date_ts":1708992000000,"profit_abs":0.0,"wins":0,"draws":0,"losses":0,"trades":0,"profit_factor":0.0},{"date":"28/02/2024","date_ts":1709078400000,"profit_abs":0.0,"wins":0,"draws":0,"losses":0,"trades":0,"profit_factor":0.0},{"date":"29/02/2024","date_ts":1709164800000,"profit_abs":-0.7824256,"wins":0,"draws":0,"losses":1,"trades":1,"profit_factor":0.0}],"week":[{"date":"01/01/2024","date_ts":1704067200000,"profit_abs":1.4698623,"wins":2,"draws":0,"losses":0,"trades":2,"profit_factor":0.0},{"date":"08/01/2024","date_ts":1704672000000,"profit_abs":0.59622725,"wins":2,"draws":0,"losses":0,"trades":2,"profit_factor":0.0},{"date":"15/01/2024","date_ts":1705276800000,"profit_abs":-2.00824127,"wins":2,"draws":0,"losses":4,"trades":6,"profit_factor":0.38558519},{"date":"22/01/2024","date_ts":1705881600000,"profit_abs":-0.03837355,"wins":5,"draws":0,"losses":3,"trades":8,"profit_factor":0.98451933},{"date":"29/01/2024","date_ts":1706486400000,"profit_abs":2.65454798,"wins":5,"draws":0,"losses":1,"trades":6,"profit_factor":4.22005294},{"date":"05/02/2024","date_ts":1707091200000,"profit_abs":-1.66277033,"wins":0,"draws":0,"losses":2,"trades":2,"profit_factor":0.0},{"date":"12/02/2024","date_ts":1707696000000,"profit_abs":1.8125679,"wins":5,"draws":0,"losses":2,"trades":7,"profit_factor":2.12384633},{"date":"19/02/2024","date_ts":1708300800000,"profit_abs":0.28266179,"wins":6,"draws":0,"losses":5,"trades":11,"profit_factor":1.0685207},{"date":"26/02/2024","date_ts":1708905600000,"profit_abs":-2.51532978,"wins":3,"draws":0,"losses":5,"trades":8,"profit_factor":0.38594341},{"date":"04/03/2024","date_ts":1709510400000,"profit_abs":-0.7824256,"wins":0,"draws":0,"losses":1,"trades":1,"profit_factor":0.0}],"month":[{"date":"31/01/2024","date_ts":1706659200000,"profit_abs":2.67402271,"wins":16,"draws":0,"losses":8,"trades":24,"profit_factor":1.40689799},{"date":"29/02/2024","date_ts":1709164800000,"profit_abs":-2.86529602,"wins":14,"draws":0,"losses":15,"trades":29,"profit_factor":0.76665973}],"year":[{"date":"31/12/2024","date_ts":1735603200000,"profit_abs":-0.19127331,"wins":30,"draws":0,"losses":23,"trades":53,"profit_factor":0.98985352}],"weekday":[{"date":"Monday","date_ts":0,"profit_abs":-0.3017755,"wins":5,"draws":0,"losses":5,"trades":10,"profit_factor":0.92597894},{"date":"Tuesday","date_ts":1,"profit_abs":-0.59670469,"wins":3,"draws":0,"losses":3,"trades":6,"profit_factor":0.75775133},{"date":"Wednesday","date_ts":2,"profit_abs":3.71319805,"wins":7,"draws":0,"losses":2,"trades":9,"profit_factor":3.28719128},{"date":"Thursday","date_ts":3,"profit_abs":-3.19579775,"wins":2,"draws":0,"losses":5,"trades":7,"profit_factor":0.21974857},{"date":"Friday","date_ts":4,"profit_abs":-0.16203516,"wins":4,"draws":0,"losses":3,"trades":7,"profit_factor":0.93451037},{"date":"Saturday","date_ts":5,"profit_abs":-0.05827671,"wins":4,"draws":0,"losses":3,"trades":7,"profit_factor":0.97644495},{"date":"Sunday","date_ts":6,"profit_abs":0.41011845,"wins":5,"draws":0,"losses":2,"trades":7,"profit_factor":1.24953701}]},"backtest_best_day":0.01987230266020309,"backtest_worst_day":-0.0251828987135427,"backtest_best_day_abs":1.89466308,"backtest_worst_day_abs":-2.48442045,"winning_days":21,"draw_days":22,"losing_days":17,"daily_profit":[["2024-01-01",1.4698623],["2024-01-02",0.0],["2024-01-03",0.0],["2024-01-04",0.0],["2024-01-05",0.0],["2024-01-06",0.201846],["2024-01-07",0.0],["2024-01-08",0.39438125],["2024-01-09",-0.8234208],["2024-01-10",1.2603018],["2024-01-11",0.0],["2024-01-12",-0.81306573],["2024-01-13",0.0],["2024-01-14",0.0],["2024-01-15",-1.63205654],["2024-01-16",0.3903196],["2024-01-17",-0.1670586],["2024-01-18",0.0],["2024-01-19",0.4546074],["2024-01-20",-0.09856045],["2024-01-21",0.20951219],["2024-01-22",-0.82719369],["2024-01-23",0.15991977],["2024-01-24",0.53323901],["2024-01-25",0.0],["2024-01-26",0.984186],["2024-01-27",0.4948955],["2024-01-28",0.4823077],["2024-01-29",0.0],["2024-01-30",0.0],["2024-01-31",0.0],["2024-02-01",0.0],["2024-02-02",-0.83257589],["2024-02-03",-0.83019444],["2024-02-04",0.0],["2024-02-05",0.0],["2024-02-06",-0.32352326],["2024-02-07",-0.79743564],["2024-02-08",0.4922357],["2024-02-09",0.4936195],["2024-02-10",0.0],["2024-02-11",0.9567236],["2024-02-12",0.990948],["2024-02-13",0.0],["2024-02-14",1.89466308],["2024-02-15",-0.4211874],["2024-02-16",-0.82856935],["2024-02-17",0.17373668],["2024-02-18",-0.63265226],["2024-02-19",0.09667104],["2024-02-20",0.0],["2024-02-21",0.9894884],["2024-02-22",-2.48442045],["2024-02-23",0.37976291],["2024-02-24",0.0],["2024-02-25",-0.60577278],["2024-02-26",-0.79438786],["2024-02-27",0.0],["2024-02-28",0.0],["2024-02-29",-0.7824256]],"wins":30,"losses":23,"draws":0,"winrate":0.5660377358490566,"holding_avg":"1:37:00","holding_avg_s":5820.0,"winner_holding_min":"0d 00:07","winner_holding_min_s":420.0,"winner_holding_max":"0d 06:00","winner_holding_max_s":21600.0,"winner_holding_avg":"0d 01:55","winner_holding_avg_s":6900.0,"loser_holding_min":"0d 00:04","loser_holding_min_s":240.0,"loser_holding_max":"0d 03:45","loser_holding_max_s":13500.0,"loser_holding_avg":"0d 01:15","loser_holding_avg_s":4500.0,"max_consecutive_wins":7,"max_consecutive_losses":3,"max_drawdown_account":0.005290459017034311,"max_relative_drawdown":0.005290459017034311,"max_drawdown_abs":5.31757953,"drawdown_start":"2024-02-15 04:14:00","drawdown_start_ts":1707970440000.0,"drawdown_end":"2024-02-29 21:05:00","drawdown_end_ts":1709240700000.0,"drawdown_duration":"14 days 16:51:00","drawdown_duration_s":1270260.0,"max_drawdown_low":-0.19127330999999936,"max_drawdown_high":5.12630622,"csum_min":999.1950945,"csum_max":1005.12630622}},"strategy_comparison":[{"key":"FutureHighFreqV1","trades":53,"profit_mean":-4.318969553182378e-06,"profit_mean_pct":-0.0,"profit_total_abs":-0.19127331000000003,"profit_total":-0.00019127331000000003,"profit_total_pct":-0.02,"duration_avg":"1:37:00","wins":30,"draws":0,"losses":23,"winrate":0.5660377358490566,"cagr":-0.0011827142085695241,"expectancy":-0.0036089303773585435,"expectancy_ratio":-0.004403188514207068,"sortino":-4.972315942764053,"sharpe":-0.08238055495941674,"calmar":-1.170726474753547,"sqn":-0.0346,"profit_factor":0.9898535221194361,"max_drawdown_account":0.005290459017034311,"max_drawdown_abs":"5.318"}]}