{"strategy":{"FutureHighFreqV1":{"trades":[{"pair":"UNI/USDT:USDT","stake_amount":93.165,"max_stake_amount":93.165,"amount":15.0,"open_date":"2024-01-06 09:40:00+00:00","close_date":"2024-01-06 11:45:00+00:00","open_rate":6.211,"close_rate":6.263182836567314,"fee_open":0.0002,"fee_close":0.0002,"trade_duration":125,"profit_ratio":0.007998400319936013,"profit_abs":0.74532,"exit_reason":"roi","initial_stop_loss_abs":6.137,"initial_stop_loss_ratio":-0.012,"stop_loss_abs":6.137,"stop_loss_ratio":-0.012,"min_rate":6.175,"max_rate":6.268,"is_open":false,"enter_tag":"","leverage":1.0,"is_short":false,"open_timestamp":1704534000000,"close_timestamp":1704541500000,"orders":[{"amount":15.0,"safe_price":6.211,"ft_order_side":"buy","order_filled_timestamp":1704534000000,"ft_is_entry":true,"ft_order_tag":"","cost":93.183633},{"amount":15.0,"safe_price":6.263182836567314,"ft_order_side":"sell","order_filled_timestamp":1704541500000,"ft_is_entry":false,"ft_order_tag":"roi","cost":93.96653209701941}],"funding_fees":0.0,"weekday":5},{"pair":"BTC/USDT:USDT","stake_amount":96.78306,"max_stake_amount":96.78306,"amount":0.0022,"open_date":"2024-01-07 04:59:00+00:00","close_date":"2024-01-07 12:59:00+00:00","open_rate":43992.3,"close_rate":44092.0,"fee_open":0.0002,"fee_close":0.0002,"trade_duration":480,"profit_ratio":0.0018654793580598922,"profit_abs":0.18058291,"exit_reason":"roi","initial_stop_loss_abs":43464.392400000004,"initial_stop_loss_ratio":-0.012,"stop_loss_abs":43464.392400000004,"stop_loss_ratio":-0.012,"min_rate":43833.4,"max_rate":44173.0,"is_open":false,"enter_tag":"","leverage":1.0,"is_short":false,"open_timestamp":1704603540000,"close_timestamp":1704632340000,"orders":[{"amount":0.0022,"safe_price":43992.3,"ft_order_side":"buy","order_filled_timestamp":1704603540000,"ft_is_entry":true,"ft_order_tag":"","cost":96.802416612},{"amount":0.0022,"safe_price":44092.0,"ft_order_side":"sell","order_filled_timestamp":1704632340000,"ft_is_entry":false,"ft_order_tag":"roi","cost":97.02180048000001}],"funding_fees":0.0,"weekday":6},{"pair":"SOL/USDT:USDT","stake_amount":98.6566,"max_stake_amount":98.6566,"amount":0.98,"open_date":"2024-01-17 19:49:00+00:00","close_date":"2024-01-17 21:49:00+00:00","open_rate":100.67,"close_rate":102.06,"fee_open":0.0002,"fee_close":0.0002,"trade_duration":120,"profit_ratio":0.013402047910672161,"profit_abs":1.32246492,"exit_reason":"roi","initial_stop_loss_abs":99.46196,"initial_stop_loss_ratio":-0.012,"stop_loss_abs":101.40223999999999,"stop_loss_ratio":-0.008,"min_rate":100.32,"max_rate":102.22,"is_open":false,"enter_tag":"","leverage":1.0,"is_short":false,"open_timestamp":1705520940000,"close_timestamp":1705528140000,"orders":[{"amount":0.98,"safe_price":100.67,"ft_order_side":"buy","order_filled_timestamp":1705520940000,"ft_is_entry":true,"ft_order_tag":"","cost":98.67633131999999},{"amount":0.98,"safe_price":102.06,"ft_order_side":"sell","order_filled_timestamp":1705528140000,"ft_is_entry":false,"ft_order_tag":"roi","cost":100.03880376}],"funding_fees":0.0,"weekday":2},{"pair":"BTC/USDT:USDT","stake_amount":95.2821,"max_stake_amount":95.2821,"amount":0.0023,"open_date":"2024-01-19 10:30:00+00:00","close_date":"2024-01-19 14:40:00+00:00","open_rate":41427.0,"close_rate":40929.876,"fee_open":0.0002,"fee_close":0.0002,"trade_duration":250,"profit_ratio":-0.012395120944745404,"profit_abs":-1.18126936,"exit_reason":"stop_loss","initial_stop_loss_abs":40929.876,"initial_stop_loss_ratio":-0.012,"stop_loss_abs":40929.876,"stop_loss_ratio":-0.012,"min_rate":40915.8,"max_rate":41520.0,"is_open":false,"enter_tag":"","leverage":1.0,"is_short":false,"open_timestamp":1705660200000,"close_timestamp":1705675200000,"orders":[{"amount":0.0023,"safe_price":41427.0,"ft_order_side":"buy","order_filled_timestamp":1705660200000,"ft_is_entry":true,"ft_order_tag":"","cost":95.30115642},{"amount":0.0023,"safe_price":40929.876,"ft_order_side":"sell","order_filled_timestamp":1705675200000,"ft_is_entry":false,"ft_order_tag":"stop_loss","cost":94.15754254295999}],"funding_fees":0.0,"weekday":4},{"pair":"LTC/USDT:USDT","stake_amount":92.794,"max_stake_amount":92.794,"amount":1.3,"open_date":"2024-01-19 23:23:00+00:00","close_date":"2024-01-20 02:00:00+00:00","open_rate":71.38,"close_rate":71.97971194238846,"fee_open":0.0002,"fee_close":0.0002,"trade_duration":157,"profit_ratio":0.007998400319936013,"profit_abs":0.742352,"exit_reason":"roi","initial_stop_loss_abs":70.52344,"initial_stop_loss_ratio":-0.012,"stop_loss_abs":70.52344,"stop_loss_ratio":-0.012,"min_rate":70.56,"max_rate":71.99,"is_open":false,"enter_tag":"","leverage":1.0,"is_short":false,"open_timestamp":1705706580000,"close_timestamp":1705716000000,"orders":[{"amount":1.3,"safe_price":71.38,"ft_order_side":"buy","order_filled_timestamp":1705706580000,"ft_is_entry":true,"ft_order_tag":"","cost":92.81255879999999},{"amount":1.3,"safe_price":71.97971194238846,"ft_order_side":"sell","order_filled_timestamp":1705716000000,"ft_is_entry":false,"ft_order_tag":"roi","cost":93.59234025021001}],"funding_fees":0.0,"weekday":5},{"pair":"ETH/USDT:USDT","stake_amount":97.25703,"max_stake_amount":97.25703,"amount":0.039,"open_date":"2024-01-19 20:00:00+00:00","close_date":"2024-01-20 09:55:00+00:00","open_rate":2493.77,"close_rate":2463.84476,"fee_open":0.0002,"fee_close":0.0002,"trade_duration":835,"profit_ratio":-0.012395121025888887,"profit_abs":-1.20575376,"exit_reason":"stop_loss","initial_stop_loss_abs":2463.84476,"initial_stop_loss_ratio":-0.012,"stop_loss_abs":2463.84476,"stop_loss_ratio":-0.012,"min_rate":2463.23,"max_rate":2504.99,"is_open":false,"enter_tag":"","leverage":1.0,"is_short":false,"open_timestamp":1705694400000,"close_timestamp":1705744500000,"orders":[{"amount":0.039,"safe_price":2493.77,"ft_order_side":"buy","order_filled_timestamp":1705694400000,"ft_is_entry":true,"ft_order_tag":"","cost":97.276481406},{"amount":0.039,"safe_price":2463.84476,"ft_order_side":"sell","order_filled_timestamp":1705744500000,"ft_is_entry":false,"ft_order_tag":"stop_loss","cost":96.10916362912799}],"funding_fees":0.0,"weekday":5},{"pair":"LINK/USDT:USDT","stake_amount":97.35,"max_stake_amount":97.35,"amount":5.0,"open_date":"2024-02-11 02:17:00+00:00","close_date":"2024-02-11 02:59:00+00:00","open_rate":19.47,"close_rate":19.59696,"fee_open":0.0002,"fee_close":0.0002,"trade_duration":42,"profit_ratio":0.006118273417735559,"profit_abs":0.59573304,"exit_reason":"trailing_stop_loss","initial_stop_loss_abs":19.236359999999998,"initial_stop_loss_ratio":-0.012,"stop_loss_abs":19.59696,"stop_loss_ratio":-0.008,"min_rate":19.451,"max_rate":19.755,"is_open":false,"enter_tag":"","leverage":1.0,"is_short":false,"open_timestamp":1707617820000,"close_timestamp":1707620340000,"orders":[{"amount":5.0,"safe_price":19.47,"ft_order_side":"buy","order_filled_timestamp":1707617820000,"ft_is_entry":true,"ft_order_tag":"","cost":97.36946999999999},{"amount":5.0,"safe_price":19.59696,"ft_order_side":"sell","order_filled_timestamp":1707620340000,"ft_is_entry":false,"ft_order_tag":"trailing_stop_loss","cost":98.00439696}],"funding_fees":0.0,"weekday":6},{"pair":"ETH/USDT:USDT","stake_amount":96.70115,"max_stake_amount":96.70115,"amount":0.035,"open_date":"2024-02-17 17:32:00+00:00","close_date":"2024-02-17 21:23:00+00:00","open_rate":2762.89,"close_rate":2786.1029185837165,"fee_open":0.0002,"fee_close":0.0002,"trade_duration":231,"profit_ratio":0.007998400319936013,"profit_abs":0.7736092,"exit_reason":"roi","initial_stop_loss_abs":2729.73532,"initial_stop_loss_ratio":-0.012,"stop_loss_abs":2729.73532,"stop_loss_ratio":-0.012,"min_rate":2762.05,"max_rate":2795.16,"is_open":false,"enter_tag":"","leverage":1.0,"is_short":false,"open_timestamp":1708191120000,"close_timestamp":1708204980000,"orders":[{"amount":0.035,"safe_price":2762.89,"ft_order_side":"buy","order_filled_timestamp":1708191120000,"ft_is_entry":true,"ft_order_tag":"","cost":96.72049023},{"amount":0.035,"safe_price":2786.1029185837165,"ft_order_side":"sell","order_filled_timestamp":1708204980000,"ft_is_entry":false,"ft_order_tag":"roi","cost":97.53310487086017}],"funding_fees":0.0,"weekday":5}],"locks":[],"best_pair":{"key":"SOL/USDT:USDT","trades":1,"profit_mean":0.013402047910672161,"profit_mean_pct":1.34,"profit_total_abs":1.32246492,"profit_total":0.00132246492,"profit_total_pct":0.13,"duration_avg":"2:00:00","wins":1,"draws":0,"losses":0,"winrate":1.0,"cagr":0.0082094600857463,"expectancy":1.32246492,"expectancy_ratio":100.0,"sortino":-100,"sharpe":-100,"calmar":-100,"sqn":-100.0,"profit_factor":0.0,"max_drawdown_account":0.0,"max_drawdown_abs":0.0},"worst_pair":{"key":"BTC/USDT:USDT","trades":2,"profit_mean":-0.005264820793342756,"profit_mean_pct":-0.53,"profit_total_abs":-1.00068645,"profit_total":-0.00100068645,"profit_total_pct":-0.1,"duration_avg":"6:05:00","wins":1,"draws":0,"losses":1,"winrate":0.5,"cagr":-0.006174644939327734,"expectancy":-0.500343225,"expectancy_ratio":-0.4235640421588519,"sortino":-100,"sharpe":-0.4758745031264764,"calmar":-27.436071093212473,"sqn":-0.7348,"profit_factor":0.15287191568229622,"max_drawdown_account":0.001181056081455925,"max_drawdown_abs":1.18126936},"results_per_pair":[{"key":"SOL/USDT:USDT","trades":1,"profit_mean":0.013402047910672161,"profit_mean_pct":1.34,"profit_total_abs":1.32246492,"profit_total":0.00132246492,"profit_total_pct":0.13,"duration_avg":"2:00:00","wins":1,"draws":0,"losses":0,"winrate":1.0,"cagr":0.0082094600857463,"expectancy":1.32246492,"expectancy_ratio":100.0,"sortino":-100,"sharpe":-100,"calmar":-100,"sqn":-100.0,"profit_factor":0.0,"max_drawdown_account":0.0,"max_drawdown_abs":0.0},{"key":"UNI/USDT:USDT","trades":1,"profit_mean":0.007998400319936013,"profit_mean_pct":0.8,"profit_total_abs":0.74532,"profit_total":0.0007453199999999999,"profit_total_pct":0.07,"duration_avg":"2:05:00","wins":1,"draws":0,"losses":0,"winrate":1.0,"cagr":0.004619799048620532,"expectancy":0.74532,"expectancy_ratio":100.0,"sortino":-100,"sharpe":-100,"calmar":-100,"sqn":-100.0,"profit_factor":0.0,"max_drawdown_account":0.0,"max_drawdown_abs":0.0},{"key":"LTC/USDT:USDT","trades":1,"profit_mean":0.007998400319936013,"profit_mean_pct":0.8,"profit_total_abs":0.742352,"profit_total":0.000742352,"profit_total_pct":0.07,"duration_avg":"2:37:00","wins":1,"draws":0,"losses":0,"winrate":1.0,"cagr":0.00460136674674505,"expectancy":0.742352,"expectancy_ratio":100.0,"sortino":-100,"sharpe":-100,"calmar":-100,"sqn":-100.0,"profit_factor":0.0,"max_drawdown_account":0.0,"max_drawdown_abs":0.0},{"key":"LINK/USDT:USDT","trades":1,"profit_mean":0.006118273417735559,"profit_mean_pct":0.61,"profit_total_abs":0.59573304,"profit_total":0.00059573304,"profit_total_pct":0.06,"duration_avg":"0:42:00","wins":1,"draws":0,"losses":0,"winrate":1.0,"cagr":0.0036911654040092667,"expectancy":0.59573304,"expectancy_ratio":100.0,"sortino":-100,"sharpe":-100,"calmar":-100,"sqn":-100.0,"profit_factor":0.0,"max_drawdown_account":0.0,"max_drawdown_abs":0.0},{"key":"XRP/USDT:USDT","trades":0,"profit_mean":0.0,"profit_mean_pct":0.0,"profit_total_abs":0.0,"profit_total":0.0,"profit_total_pct":0.0,"duration_avg":"0:00","wins":0,"draws":0,"losses":0,"winrate":0.0,"cagr":0.0,"expectancy":0.0,"expectancy_ratio":100.0,"sortino":0,"sharpe":0,"calmar":0,"sqn":0.0,"profit_factor":0.0,"max_drawdown_account":0.0,"max_drawdown_abs":0.0},{"key":"DOGE/USDT:USDT","trades":0,"profit_mean":0.0,"profit_mean_pct":0.0,"profit_total_abs":0.0,"profit_total":0.0,"profit_total_pct":0.0,"duration_avg":"0:00","wins":0,"draws":0,"losses":0,"winrate":0.0,"cagr":0.0,"expectancy":0.0,"expectancy_ratio":100.0,"sortino":0,"sharpe":0,"calmar":0,"sqn":0.0,"profit_factor":0.0,"max_drawdown_account":0.0,"max_drawdown_abs":0.0},{"key":"ETH/USDT:USDT","trades":2,"profit_mean":-0.002198360352976437,"profit_mean_pct":-0.22,"profit_total_abs":-0.4321445599999999,"profit_total":-0.0004321445599999999,"profit_total_pct":-0.04,"duration_avg":"8:53:00","wins":1,"draws":0,"losses":1,"winrate":0.5,"cagr":-0.0026704425145509525,"expectancy":-0.21607227999999995,"expectancy_ratio":-0.17920100037672704,"sortino":-100,"sharpe":-0.14139303852853785,"calmar":-11.605526457791937,"sqn":-0.2183,"profit_factor":0.641597999246546,"max_drawdown_account":0.0012057537599999932,"max_drawdown_abs":1.20575376},{"key":"BTC/USDT:USDT","trades":2,"profit_mean":-0.005264820793342756,"profit_mean_pct":-0.53,"profit_total_abs":-1.00068645,"profit_total":-0.00100068645,"profit_total_pct":-0.1,"duration_avg":"6:05:00","wins":1,"draws":0,"losses":1,"winrate":0.5,"cagr":-0.006174644939327734,"expectancy":-0.500343225,"expectancy_ratio":-0.4235640421588519,"sortino":-100,"sharpe":-0.4758745031264764,"calmar":-27.436071093212473,"sqn":-0.7348,"profit_factor":0.15287191568229622,"max_drawdown_account":0.001181056081455925,"max_drawdown_abs":1.18126936},{"key":"TOTAL","trades":8,"profit_mean":0.0025738449594551703,"profit_mean_pct":0.26,"profit_total_abs":1.9730389500000003,"profit_total":0.0019730389500000004,"profit_total_pct":0.2,"duration_avg":"4:40:00","wins":6,"draws":0,"losses":2,"winrate":0.75,"cagr":0.01226871339677138,"expectancy":0.2466298687500001,"expectancy_ratio":0.2066422119531044,"sortino":52.187994641593924,"sharpe":0.7254964999681566,"calmar":38.933762083550086,"sqn":0.741,"profit_factor":1.8265688478124171,"max_drawdown_account":0.0016409815897839056,"max_drawdown_abs":1.64467112}],"results_per_enter_tag":[{"key":"","trades":8,"profit_mean":0.0025738449594551703,"profit_mean_pct":0.26,"profit_total_abs":1.9730389500000003,"profit_total":0.0019730389500000004,"profit_total_pct":0.2,"duration_avg":"4:40:00","wins":6,"draws":0,"losses":2,"winrate":0.75,"cagr":0.01226871339677138,"expectancy":0.2466298687500001,"expectancy_ratio":0.2066422119531044,"sortino":52.187994641593924,"sharpe":0.7254964999681566,"calmar":38.933762083550086,"sqn":0.741,"profit_factor":1.8265688478124171,"max_drawdown_account":0.0016409815897839056,"max_drawdown_abs":1.64467112},{"key":"TOTAL","trades":8,"profit_mean":0.0025738449594551703,"profit_mean_pct":0.26,"profit_total_abs":1.9730389500000003,"profit_total":0.0019730389500000004,"profit_total_pct":0.2,"duration_avg":"4:40:00","wins":6,"draws":0,"losses":2,"winrate":0.75,"cagr":0.01226871339677138,"expectancy":0.2466298687500001,"expectancy_ratio":0.2066422119531044,"sortino":52.187994641593924,"sharpe":0.7254964999681566,"calmar":38.933762083550086,"sqn":0.741,"profit_factor":1.8265688478124171,"max_drawdown_account":0.0016409815897839056,"max_drawdown_abs":1.64467112}],"exit_reason_summary":[{"key":"roi","trades":5,"profit_mean":0.007852545645708017,"profit_mean_pct":0.79,"profit_total_abs":3.7643290300000003,"profit_total":0.00376432903,"profit_total_pct":0.38,"duration_avg":"3:43:00","wins":5,"draws":0,"losses":0,"winrate":1.0,"cagr":0.02351632530064829,"expectancy":0.7528658060000001,"expectancy_ratio":100.0,"sortino":-100,"sharpe":3.374120263948143,"calmar":-100,"sqn":4.168,"profit_factor":0.0,"max_drawdown_account":0.0,"max_drawdown_abs":0.0},{"key":"trailing_stop_loss","trades":1,"profit_mean":0.006118273417735559,"profit_mean_pct":0.61,"profit_total_abs":0.59573304,"profit_total":0.00059573304,"profit_total_pct":0.06,"duration_avg":"0:42:00","wins":1,"draws":0,"losses":0,"winrate":1.0,"cagr":0.0036911654040092667,"expectancy":0.59573304,"expectancy_ratio":100.0,"sortino":-100,"sharpe":-100,"calmar":-100,"sqn":-100.0,"profit_factor":0.0,"max_drawdown_account":0.0,"max_drawdown_abs":0.0},{"key":"stop_loss","trades":2,"profit_mean":-0.012395120985317146,"profit_mean_pct":-1.24,"profit_total_abs":-2.38702312,"profit_total":-0.00238702312,"profit_total_pct":-0.24,"duration_avg":"9:02:00","wins":0,"draws":0,"losses":2,"winrate":0.0,"cagr":-0.014676070880131675,"expectancy":-1.19351156,"expectancy_ratio":-1.0,"sortino":-63.13810976510158,"sharpe":-63.13810976510158,"calmar":-32.38131046532704,"sqn":-97.4916,"profit_factor":0.0,"max_drawdown_account":0.0023870231199999807,"max_drawdown_abs":2.38702312},{"key":"TOTAL","trades":8,"profit_mean":0.0025738449594551703,"profit_mean_pct":0.26,"profit_total_abs":1.9730389500000003,"profit_total":0.0019730389500000004,"profit_total_pct":0.2,"duration_avg":"4:40:00","wins":6,"draws":0,"losses":2,"winrate":0.75,"cagr":0.01226871339677138,"expectancy":0.2466298687500001,"expectancy_ratio":0.2066422119531044,"sortino":52.187994641593924,"sharpe":0.7254964999681566,"calmar":38.933762083550086,"sqn":0.741,"profit_factor":1.8265688478124171,"max_drawdown_account":0.0016409815897839056,"max_drawdown_abs":1.64467112}],"mix_tag_stats":[{"key":["","roi"],"trades":5,"profit_mean":0.007852545645708017,"profit_mean_pct":0.79,"profit_total_abs":3.7643290300000003,"profit_total":0.00376432903,"profit_total_pct":0.38,"duration_avg":"3:43:00","wins":5,"draws":0,"losses":0,"winrate":1.0,"cagr":0.02351632530064829,"expectancy":0.7528658060000001,"expectancy_ratio":100.0,"sortino":-100,"sharpe":3.374120263948143,"calmar":-100,"sqn":4.168,"profit_factor":0.0,"max_drawdown_account":0.0,"max_drawdown_abs":0.0},{"key":["","trailing_stop_loss"],"trades":1,"profit_mean":0.006118273417735559,"profit_mean_pct":0.61,"profit_total_abs":0.59573304,"profit_total":0.00059573304,"profit_total_pct":0.06,"duration_avg":"0:42:00","wins":1,"draws":0,"losses":0,"winrate":1.0,"cagr":0.0036911654040092667,"expectancy":0.59573304,"expectancy_ratio":100.0,"sortino":-100,"sharpe":-100,"calmar":-100,"sqn":-100.0,"profit_factor":0.0,"max_drawdown_account":0.0,"max_drawdown_abs":0.0},{"key":["","stop_loss"],"trades":2,"profit_mean":-0.012395120985317146,"profit_mean_pct":-1.24,"profit_total_abs":-2.38702312,"profit_total":-0.00238702312,"profit_total_pct":-0.24,"duration_avg":"9:02:00","wins":0,"draws":0,"losses":2,"winrate":0.0,"cagr":-0.014676070880131675,"expectancy":-1.19351156,"expectancy_ratio":-1.0,"sortino":-63.13810976510158,"sharpe":-63.13810976510158,"calmar":-32.38131046532704,"sqn":-97.4916,"profit_factor":0.0,"max_drawdown_account":0.0023870231199999807,"max_drawdown_abs":2.38702312},{"key":"TOTAL","trades":8,"profit_mean":0.0025738449594551703,"profit_mean_pct":0.26,"profit_total_abs":1.9730389500000003,"profit_total":0.0019730389500000004,"profit_total_pct":0.2,"duration_avg":"4:40:00","wins":6,"draws":0,"losses":2,"winrate":0.75,"cagr":0.01226871339677138,"expectancy":0.2466298687500001,"expectancy_ratio":0.2066422119531044,"sortino":52.187994641593924,"sharpe":0.7254964999681566,"calmar":38.933762083550086,"sqn":0.741,"profit_factor":1.8265688478124171,"max_drawdown_account":0.0016409815897839056,"max_drawdown_abs":1.64467112}],"left_open_trades":[{"key":"TOTAL","trades":0,"profit_mean":0.0,"profit_mean_pct":0.0,"profit_total_abs":0.0,"profit_total":0.0,"profit_total_pct":0.0,"duration_avg":"0:00","wins":0,"draws":0,"losses":0,"winrate":0.0,"cagr":0.0,"expectancy":0.0,"expectancy_ratio":100.0,"sortino":0,"sharpe":0,"calmar":0,"sqn":0.0,"profit_factor":0.0,"max_drawdown_account":0.0,"max_drawdown_abs":0.0}],"total_trades":8,"trade_count_long":8,"trade_count_short":0,"total_volume":1538.5662223781776,"avg_stake_amount":95.9986175,"profit_mean":0.0025738449594551703,"profit_median":0.007058336868835786,"profit_total":0.0019730389500000004,"profit_total_long":0.0019730389500000004,"profit_total_short":0.0,"profit_total_abs":1.9730389500000003,"profit_total_long_abs":1.9730389500000003,"profit_total_short_abs":0.0,"cagr":0.01226871339677138,"expectancy":0.2466298687500001,"expectancy_ratio":0.2066422119531044,"sortino":52.187994641593924,"sharpe":0.7254964999681566,"calmar":38.933762083550086,"sqn":0.741,"profit_factor":1.8265688478124171,"backtest_start":"2024-01-01 03:20:00","backtest_start_ts":1704079200000,"backtest_end":"2024-03-01 00:00:00","backtest_end_ts":1709251200000,"backtest_days":59,"backtest_run_start_ts":1768477167,"backtest_run_end_ts":1768477171,"trades_per_day":0.14,"market_change":0.28910683609128573,"pairlist":["BTC/USDT:USDT","ETH/USDT:USDT","SOL/USDT:USDT","XRP/USDT:USDT","DOGE/USDT:USDT","LTC/USDT:USDT","LINK/USDT:USDT","UNI/USDT:USDT"],"stake_amount":"unlimited","stake_currency":"USDT","stake_currency_decimals":3,"starting_balance":1000,"dry_run_wallet":1000,"final_balance":1001.97303895,"rejected_signals":0,"timedout_entry_orders":0,"timedout_exit_orders":0,"canceled_trade_entries":0,"canceled_entry_orders":0,"replaced_entry_orders":0,"max_open_trades":8,"max_open_trades_setting":10,"timeframe":"1m","timeframe_detail":"","timerange":"20240101-20240301","enable_protections":false,"strategy_name":"FutureHighFreqV1","freqaimodel":null,"freqai_identifier":null,"stoploss":-0.012,"trailing_stop":true,"trailing_stop_positive":0.008,"trailing_stop_positive_offset":0.012,"trailing_only_offset_is_reached":true,"use_custom_stoploss":false,"minimal_roi":{"0":0.025,"45":0.015,"120":0.008,"240":0.004,"480":0},"use_exit_signal":true,"exit_profit_only":false,"exit_profit_offset":0.0,"ignore_roi_if_entry_signal":false,"trading_mode":"futures","margin_mode":"isolated","periodic_breakdown":{"day":[{"date":"06/01/2024","date_ts":1704499200000,"profit_abs":0.74532,"wins":1,"draws":0,"losses":0,"trades":1,"profit_factor":0.0},{"date":"07/01/2024","date_ts":1704585600000,"profit_abs":0.18058291,"wins":1,"draws":0,"losses":0,"trades":1,"profit_factor":0.0},{"date":"08/01/2024","date_ts":1704672000000,"profit_abs":0.0,"wins":0,"draws":0,"losses":0,"trades":0,"profit_factor":0.0},{"date":"09/01/2024","date_ts":1704758400000,"profit_abs":0.0,"wins":0,"draws":0,"losses":0,"trades":0,"profit_factor":0.0},{"date":"10/01/2024","date_ts":1704844800000,"profit_abs":0.0,"wins":0,"draws":0,"losses":0,"trades":0,"profit_factor":0.0},{"date":"11/01/2024","date_ts":1704931200000,"profit_abs":0.0,"wins":0,"draws":0,"losses":0,"trades":0,"profit_factor":0.0},{"date":"12/01/2024","date_ts":1705017600000,"profit_abs":0.0,"wins":0,"draws":0,"losses":0,"trades":0,"profit_factor":0.0},{"date":"13/01/2024","date_ts":1705104000000,"profit_abs":0.0,"wins":0,"draws":0,"losses":0,"trades":0,"profit_factor":0.0},{"date":"14/01/2024","date_ts":1705190400000,"profit_abs":0.0,"wins":0,"draws":0,"losses":0,"trades":0,"profit_factor":0.0},{"date":"15/01/2024","date_ts":1705276800000,"profit_abs":0.0,"wins":0,"draws":0,"losses":0,"trades":0,"profit_factor":0.0},{"date":"16/01/2024","date_ts":1705363200000,"profit_abs":0.0,"wins":0,"draws":0,"losses":0,"trades":0,"profit_factor":0.0},{"date":"17/01/2024","date_ts":1705449600000,"profit_abs":1.32246492,"wins":1,"draws":0,"losses":0,"trades":1,"profit_factor":0.0},{"date":"18/01/2024","date_ts":1705536000000,"profit_abs":0.0,"wins":0,"draws":0,"losses":0,"trades":0,"profit_factor":0.0},{"date":"19/01/2024","date_ts":1705622400000,"profit_abs":-1.18126936,"wins":0,"draws":0,"losses":1,"trades":1,"profit_factor":0.0},{"date":"20/01/2024","date_ts":1705708800000,"profit_abs":-0.46340176,"wins":1,"draws":0,"losses":1,"trades":2,"profit_factor":0.61567463},{"date":"21/01/2024","date_ts":1705795200000,"profit_abs":0.0,"wins":0,"draws":0,"losses":0,"trades":0,"profit_factor":0.0},{"date":"22/01/2024","date_ts":1705881600000,"profit_abs":0.0,"wins":0,"draws":0,"losses":0,"trades":0,"profit_factor":0.0},{"date":"23/01/2024","date_ts":1705968000000,"profit_abs":0.0,"wins":0,"draws":0,"losses":0,"trades":0,"profit_factor":0.0},{"date":"24/01/2024","date_ts":1706054400000,"profit_abs":0.0,"wins":0,"draws":0,"losses":0,"trades":0,"profit_factor":0.0},{"date":"25/01/2024","date_ts":1706140800000,"profit_abs":0.0,"wins":0,"draws":0,"losses":0,"trades":0,"profit_factor":0.0},{"date":"26/01/2024","date_ts":1706227200000,"profit_abs":0.0,"wins":0,"draws":0,"losses":0,"trades":0,"profit_factor":0.0},{"date":"27/01/2024","date_ts":1706313600000,"profit_abs":0.0,"wins":0,"draws":0,"losses":0,"trades":0,"profit_factor":0.0},{"date":"28/01/2024","date_ts":1706400000000,"profit_abs":0.0,"wins":0,"draws":0,"losses":0,"trades":0,"profit_factor":0.0},{"date":"29/01/2024","date_ts":1706486400000,"profit_abs":0.0,"wins":0,"draws":0,"losses":0,"trades":0,"profit_factor":0.0},{"date":"30/01/2024","date_ts":1706572800000,"profit_abs":0.0,"wins":0,"draws":0,"losses":0,"trades":0,"profit_factor":0.0},{"date":"31/01/2024","date_ts":1706659200000,"profit_abs":0.0,"wins":0,"draws":0,"losses":0,"trades":0,"profit_factor":0.0},{"date":"01/02/2024","date_ts":1706745600000,"profit_abs":0.0,"wins":0,"draws":0,"losses":0,"trades":0,"profit_factor":0.0},{"date":"02/02/2024","date_ts":1706832000000,"profit_abs":0.0,"wins":0,"draws":0,"losses":0,"trades":0,"profit_factor":0.0},{"date":"03/02/2024","date_ts":1706918400000,"profit_abs":0.0,"wins":0,"draws":0,"losses":0,"trades":0,"profit_factor":0.0},{"date":"04/02/2024","date_ts":1707004800000,"profit_abs":0.0,"wins":0,"draws":0,"losses":0,"trades":0,"profit_factor":0.0},{"date":"05/02/2024","date_ts":1707091200000,"profit_abs":0.0,"wins":0,"draws":0,"losses":0,"trades":0,"profit_factor":0.0},{"date":"06/02/2024","date_ts":1707177600000,"profit_abs":0.0,"wins":0,"draws":0,"losses":0,"trades":0,"profit_factor":0.0},{"date":"07/02/2024","date_ts":1707264000000,"profit_abs":0.0,"wins":0,"draws":0,"losses":0,"trades":0,"profit_factor":0.0},{"date":"08/02/2024","date_ts":1707350400000,"profit_abs":0.0,"wins":0,"draws":0,"losses":0,"trades":0,"profit_factor":0.0},{"date":"09/02/2024","date_ts":1707436800000,"profit_abs":0.0,"wins":0,"draws":0,"losses":0,"trades":0,"profit_factor":0.0},{"date":"10/02/2024","date_ts":1707523200000,"profit_abs":0.0,"wins":0,"draws":0,"losses":0,"trades":0,"profit_factor":0.0},{"date":"11/02/2024","date_ts":1707609600000,"profit_abs":0.59573304,"wins":1,"draws":0,"losses":0,"trades":1,"profit_factor":0.0},{"date":"12/02/2024","date_ts":1707696000000,"profit_abs":0.0,"wins":0,"draws":0,"losses":0,"trades":0,"profit_factor":0.0},{"date":"13/02/2024","date_ts":1707782400000,"profit_abs":0.0,"wins":0,"draws":0,"losses":0,"trades":0,"profit_factor":0.0},{"date":"14/02/2024","date_ts":1707868800000,"profit_abs":0.0,"wins":0,"draws":0,"losses":0,"trades":0,"profit_factor":0.0},{"date":"15/02/2024","date_ts":1707955200000,"profit_abs":0.0,"wins":0,"draws":0,"losses":0,"trades":0,"profit_factor":0.0},{"date":"16/02/2024","date_ts":1708041600000,"profit_abs":0.0,"wins":0,"draws":0,"losses":0,"trades":0,"profit_factor":0.0},{"date":"17/02/2024","date_ts":1708128000000,"profit_abs":0.7736092,"wins":1,"draws":0,"losses":0,"trades":1,"profit_factor":0.0}],"week":[{"date":"08/01/2024","date_ts":1704672000000,"profit_abs":0.92590291,"wins":2,"draws":0,"losses":0,"trades":2,"profit_factor":0.0},{"date":"15/01/2024","date_ts":1705276800000,"profit_abs":0.0,"wins":0,"draws":0,"losses":0,"trades":0,"profit_factor":0.0},{"date":"22/01/2024","date_ts":1705881600000,"profit_abs":-0.3222062,"wins":2,"draws":0,"losses":2,"trades":4,"profit_factor":0.86501756},{"date":"29/01/2024","date_ts":1706486400000,"profit_abs":0.0,"wins":0,"draws":0,"losses":0,"trades":0,"profit_factor":0.0},{"date":"05/02/2024","date_ts":1707091200000,"profit_abs":0.0,"wins":0,"draws":0,"losses":0,"trades":0,"profit_factor":0.0},{"date":"12/02/2024","date_ts":1707696000000,"profit_abs":0.59573304,"wins":1,"draws":0,"losses":0,"trades":1,"profit_factor":0.0},{"date":"19/02/2024","date_ts":1708300800000,"profit_abs":0.7736092,"wins":1,"draws":0,"losses":0,"trades":1,"profit_factor":0.0}],"month":[{"date":"31/01/2024","date_ts":1706659200000,"profit_abs":0.60369671,"wins":4,"draws":0,"losses":2,"trades":6,"profit_factor":1.25290778},{"date":"29/02/2024","date_ts":1709164800000,"profit_abs":1.36934224,"wins":2,"draws":0,"losses":0,"trades":2,"profit_factor":0.0}],"year":[{"date":"31/12/2024","date_ts":1735603200000,"profit_abs":1.97303895,"wins":6,"draws":0,"losses":2,"trades":8,"profit_factor":1.82656885}],"weekday":[{"date":"Wednesday","date_ts":2,"profit_abs":1.32246492,"wins":1,"draws":0,"losses":0,"trades":1,"profit_factor":0.0},{"date":"Friday","date_ts":4,"profit_abs":-1.18126936,"wins":0,"draws":0,"losses":1,"trades":1,"profit_factor":0.0},{"date":"Saturday","date_ts":5,"profit_abs":1.05552744,"wins":3,"draws":0,"losses":1,"trades":4,"profit_factor":1.87540879},{"date":"Sunday","date_ts":6,"profit_abs":0.77631595,"wins":2,"draws":0,"losses":0,"trades":2,"profit_factor":0.0}]},"backtest_best_day":0.013402047910672161,"backtest_worst_day":-0.012395120944745404,"backtest_best_day_abs":1.32246492,"backtest_worst_day_abs":-1.18126936,"winning_days":5,"draw_days":36,"losing_days":2,"daily_profit":[["2024-01-06",0.74532],["2024-01-07",0.18058291],["2024-01-08",0.0],["2024-01-09",0.0],["2024-01-10",0.0],["2024-01-11",0.0],["2024-01-12",0.0],["2024-01-13",0.0],["2024-01-14",0.0],["2024-01-15",0.0],["2024-01-16",0.0],["2024-01-17",1.32246492],["2024-01-18",0.0],["2024-01-19",-1.18126936],["2024-01-20",-0.46340176],["2024-01-21",0.0],["2024-01-22",0.0],["2024-01-23",0.0],["2024-01-24",0.0],["2024-01-25",0.0],["2024-01-26",0.0],["2024-01-27",0.0],["2024-01-28",0.0],["2024-01-29",0.0],["2024-01-30",0.0],["2024-01-31",0.0],["2024-02-01",0.0],["2024-02-02",0.0],["2024-02-03",0.0],["2024-02-04",0.0],["2024-02-05",0.0],["2024-02-06",0.0],["2024-02-07",0.0],["2024-02-08",0.0],["2024-02-09",0.0],["2024-02-10",0.0],["2024-02-11",0.59573304],["2024-02-12",0.0],["2024-02-13",0.0],["2024-02-14",0.0],["2024-02-15",0.0],["2024-02-16",0.0],["2024-02-17",0.7736092]],"wins":6,"losses":2,"draws":0,"winrate":0.75,"holding_avg":"4:40:00","holding_avg_s":16800.0,"winner_holding_min":"0d 00:42","winner_holding_min_s":2520.0,"winner_holding_max":"0d 08:00","winner_holding_max_s":28800.0,"winner_holding_avg":"0d 03:12","winner_holding_avg_s":11520.0,"loser_holding_min":"0d 04:10","loser_holding_min_s":15000.0,"loser_holding_max":"0d 13:55","loser_holding_max_s":50100.0,"loser_holding_avg":"0d 09:02","loser_holding_avg_s":32520.0,"max_consecutive_wins":3,"max_consecutive_losses":1,"max_drawdown_account":0.0016409815897839056,"max_relative_drawdown":0.0016409815897839056,"max_drawdown_abs":1.64467112,"drawdown_start":"2024-01-17 21:49:00","drawdown_start_ts":1705528140000.0,"drawdown_end":"2024-01-20 09:55:00","drawdown_end_ts":1705744500000.0,"drawdown_duration":"2 days 12:06:00","drawdown_duration_s":216360.0,"max_drawdown_low":0.6036967100000004,"max_drawdown_high":2.2483678300000003,"csum_min":1000.60369671,"csum_max":1002.24836783}},"strategy_comparison":[{"key":"FutureHighFreqV1","trades":8,"profit_mean":0.0025738449594551703,"profit_mean_pct":0.26,"profit_total_abs":1.9730389500000003,"profit_total":0.0019730389500000004,"profit_total_pct":0.2,"duration_avg":"4:40:00","wins":6,"draws":0,"losses":2,"winrate":0.75,"cagr":0.01226871339677138,"expectancy":0.2466298687500001,"expectancy_ratio":0.2066422119531044,"sortino":52.187994641593924,"sharpe":0.7254964999681566,"calmar":38.933762083550086,"sqn":0.741,"profit_factor":1.8265688478124171,"max_drawdown_account":0.0016409815897839056,"max_drawdown_abs":"1.645"}]}