{"strategy":{"FutureHighFreqV1":{"trades":[{"pair":"LTC/USDT:USDT","stake_amount":94.705,"max_stake_amount":94.705,"amount":1.3,"open_date":"2024-01-11 13:50:00+00:00","close_date":"2024-01-11 14:10:00+00:00","open_rate":72.85,"close_rate":73.63616,"fee_open":0.0002,"fee_close":0.0002,"trade_duration":20,"profit_ratio":0.010387253629998355,"profit_abs":0.9839216,"exit_reason":"trailing_stop_loss","initial_stop_loss_abs":72.1215,"initial_stop_loss_ratio":-0.01,"stop_loss_abs":73.63616,"stop_loss_ratio":-0.008,"min_rate":72.69,"max_rate":74.23,"is_open":false,"enter_tag":"","leverage":1.0,"is_short":false,"open_timestamp":1704981000000,"close_timestamp":1704982200000,"orders":[{"amount":1.3,"safe_price":72.85,"ft_order_side":"buy","order_filled_timestamp":1704981000000,"ft_is_entry":true,"ft_order_tag":"","cost":94.723941},{"amount":1.3,"safe_price":73.63616,"ft_order_side":"sell","order_filled_timestamp":1704982200000,"ft_is_entry":false,"ft_order_tag":"trailing_stop_loss","cost":95.74615340160001}],"funding_fees":0.0,"weekday":3},{"pair":"UNI/USDT:USDT","stake_amount":98.655,"max_stake_amount":98.655,"amount":15.0,"open_date":"2024-02-09 15:10:00+00:00","close_date":"2024-02-09 16:45:00+00:00","open_rate":6.577,"close_rate":6.51123,"fee_open":0.0002,"fee_close":0.0002,"trade_duration":95,"profit_ratio":-0.010395920815836833,"profit_abs":-1.02581469,"exit_reason":"stop_loss","initial_stop_loss_abs":6.51123,"initial_stop_loss_ratio":-0.01,"stop_loss_abs":6.51123,"stop_loss_ratio":-0.01,"min_rate":6.504,"max_rate":6.588,"is_open":false,"enter_tag":"","leverage":1.0,"is_short":false,"open_timestamp":1707491400000,"close_timestamp":1707497100000,"orders":[{"amount":15.0,"safe_price":6.577,"ft_order_side":"buy","order_filled_timestamp":1707491400000,"ft_is_entry":true,"ft_order_tag":"","cost":98.674731},{"amount":15.0,"safe_price":6.51123,"ft_order_side":"sell","order_filled_timestamp":1707497100000,"ft_is_entry":false,"ft_order_tag":"stop_loss","cost":97.68798369000001}],"funding_fees":0.0,"weekday":4}],"locks":[],"best_pair":{"key":"LTC/USDT:USDT","trades":1,"profit_mean":0.010387253629998355,"profit_mean_pct":1.04,"profit_total_abs":0.9839216,"profit_total":0.0009839216,"profit_total_pct":0.1,"duration_avg":"0:20:00","wins":1,"draws":0,"losses":0,"winrate":1.0,"cagr":0.006208066891941755,"expectancy":0.9839216,"expectancy_ratio":100.0,"sortino":-100,"sharpe":-100,"calmar":-100,"sqn":-100.0,"profit_factor":0.0,"max_drawdown_account":0.0,"max_drawdown_abs":0.0},"worst_pair":{"key":"UNI/USDT:USDT","trades":1,"profit_mean":-0.010395920815836833,"profit_mean_pct":-1.04,"profit_total_abs":-1.02581469,"profit_total":-0.00102581469,"profit_total_pct":-0.1,"duration_avg":"1:35:00","wins":0,"draws":0,"losses":1,"winrate":0.0,"cagr":-0.0064380576577692805,"expectancy":-1.02581469,"expectancy_ratio":-1.0,"sortino":-100,"sharpe":-100,"calmar":-32.9396089216272,"sqn":-100.0,"profit_factor":0.0,"max_drawdown_account":0.0010258146899999475,"max_drawdown_abs":1.02581469},"results_per_pair":[{"key":"LTC/USDT:USDT","trades":1,"profit_mean":0.010387253629998355,"profit_mean_pct":1.04,"profit_total_abs":0.9839216,"profit_total":0.0009839216,"profit_total_pct":0.1,"duration_avg":"0:20:00","wins":1,"draws":0,"losses":0,"winrate":1.0,"cagr":0.006208066891941755,"expectancy":0.9839216,"expectancy_ratio":100.0,"sortino":-100,"sharpe":-100,"calmar":-100,"sqn":-100.0,"profit_factor":0.0,"max_drawdown_account":0.0,"max_drawdown_abs":0.0},{"key":"BTC/USDT:USDT","trades":0,"profit_mean":0.0,"profit_mean_pct":0.0,"profit_total_abs":0.0,"profit_total":0.0,"profit_total_pct":0.0,"duration_avg":"0:00","wins":0,"draws":0,"losses":0,"winrate":0.0,"cagr":0.0,"expectancy":0.0,"expectancy_ratio":100.0,"sortino":0,"sharpe":0,"calmar":0,"sqn":0.0,"profit_factor":0.0,"max_drawdown_account":0.0,"max_drawdown_abs":0.0},{"key":"ETH/USDT:USDT","trades":0,"profit_mean":0.0,"profit_mean_pct":0.0,"profit_total_abs":0.0,"profit_total":0.0,"profit_total_pct":0.0,"duration_avg":"0:00","wins":0,"draws":0,"losses":0,"winrate":0.0,"cagr":0.0,"expectancy":0.0,"expectancy_ratio":100.0,"sortino":0,"sharpe":0,"calmar":0,"sqn":0.0,"profit_factor":0.0,"max_drawdown_account":0.0,"max_drawdown_abs":0.0},{"key":"SOL/USDT:USDT","trades":0,"profit_mean":0.0,"profit_mean_pct":0.0,"profit_total_abs":0.0,"profit_total":0.0,"profit_total_pct":0.0,"duration_avg":"0:00","wins":0,"draws":0,"losses":0,"winrate":0.0,"cagr":0.0,"expectancy":0.0,"expectancy_ratio":100.0,"sortino":0,"sharpe":0,"calmar":0,"sqn":0.0,"profit_factor":0.0,"max_drawdown_account":0.0,"max_drawdown_abs":0.0},{"key":"XRP/USDT:USDT","trades":0,"profit_mean":0.0,"profit_mean_pct":0.0,"profit_total_abs":0.0,"profit_total":0.0,"profit_total_pct":0.0,"duration_avg":"0:00","wins":0,"draws":0,"losses":0,"winrate":0.0,"cagr":0.0,"expectancy":0.0,"expectancy_ratio":100.0,"sortino":0,"sharpe":0,"calmar":0,"sqn":0.0,"profit_factor":0.0,"max_drawdown_account":0.0,"max_drawdown_abs":0.0},{"key":"DOGE/USDT:USDT","trades":0,"profit_mean":0.0,"profit_mean_pct":0.0,"profit_total_abs":0.0,"profit_total":0.0,"profit_total_pct":0.0,"duration_avg":"0:00","wins":0,"draws":0,"losses":0,"winrate":0.0,"cagr":0.0,"expectancy":0.0,"expectancy_ratio":100.0,"sortino":0,"sharpe":0,"calmar":0,"sqn":0.0,"profit_factor":0.0,"max_drawdown_account":0.0,"max_drawdown_abs":0.0},{"key":"LINK/USDT:USDT","trades":0,"profit_mean":0.0,"profit_mean_pct":0.0,"profit_total_abs":0.0,"profit_total":0.0,"profit_total_pct":0.0,"duration_avg":"0:00","wins":0,"draws":0,"losses":0,"winrate":0.0,"cagr":0.0,"expectancy":0.0,"expectancy_ratio":100.0,"sortino":0,"sharpe":0,"calmar":0,"sqn":0.0,"profit_factor":0.0,"max_drawdown_account":0.0,"max_drawdown_abs":0.0},{"key":"ARB/USDT:USDT","trades":0,"profit_mean":0.0,"profit_mean_pct":0.0,"profit_total_abs":0.0,"profit_total":0.0,"profit_total_pct":0.0,"duration_avg":"0:00","wins":0,"draws":0,"losses":0,"winrate":0.0,"cagr":0.0,"expectancy":0.0,"expectancy_ratio":100.0,"sortino":0,"sharpe":0,"calmar":0,"sqn":0.0,"profit_factor":0.0,"max_drawdown_account":0.0,"max_drawdown_abs":0.0},{"key":"OP/USDT:USDT","trades":0,"profit_mean":0.0,"profit_mean_pct":0.0,"profit_total_abs":0.0,"profit_total":0.0,"profit_total_pct":0.0,"duration_avg":"0:00","wins":0,"draws":0,"losses":0,"winrate":0.0,"cagr":0.0,"expectancy":0.0,"expectancy_ratio":100.0,"sortino":0,"sharpe":0,"calmar":0,"sqn":0.0,"profit_factor":0.0,"max_drawdown_account":0.0,"max_drawdown_abs":0.0},{"key":"UNI/USDT:USDT","trades":1,"profit_mean":-0.010395920815836833,"profit_mean_pct":-1.04,"profit_total_abs":-1.02581469,"profit_total":-0.00102581469,"profit_total_pct":-0.1,"duration_avg":"1:35:00","wins":0,"draws":0,"losses":1,"winrate":0.0,"cagr":-0.0064380576577692805,"expectancy":-1.02581469,"expectancy_ratio":-1.0,"sortino":-100,"sharpe":-100,"calmar":-32.9396089216272,"sqn":-100.0,"profit_factor":0.0,"max_drawdown_account":0.0010258146899999475,"max_drawdown_abs":1.02581469},{"key":"TOTAL","trades":2,"profit_mean":-4.333592919239342e-06,"profit_mean_pct":-0.0,"profit_total_abs":-0.04189309000000008,"profit_total":-4.1893090000000074e-05,"profit_total_pct":-0.0,"duration_avg":"0:58:00","wins":1,"draws":0,"losses":1,"winrate":0.5,"cagr":-0.00026360832080751795,"expectancy":-0.02094654500000004,"expectancy_ratio":-0.020419423901991474,"sortino":-100,"sharpe":-0.013732567879524721,"calmar":-1.3465392622326637,"sqn":-0.0208,"profit_factor":0.9591611521960169,"max_drawdown_account":0.0010248063608857682,"max_drawdown_abs":1.02581469}],"results_per_enter_tag":[{"key":"","trades":2,"profit_mean":-4.333592919239342e-06,"profit_mean_pct":-0.0,"profit_total_abs":-0.04189309000000008,"profit_total":-4.1893090000000074e-05,"profit_total_pct":-0.0,"duration_avg":"0:58:00","wins":1,"draws":0,"losses":1,"winrate":0.5,"cagr":-0.00026360832080751795,"expectancy":-0.02094654500000004,"expectancy_ratio":-0.020419423901991474,"sortino":-100,"sharpe":-0.013732567879524721,"calmar":-1.3465392622326637,"sqn":-0.0208,"profit_factor":0.9591611521960169,"max_drawdown_account":0.0010248063608857682,"max_drawdown_abs":1.02581469},{"key":"TOTAL","trades":2,"profit_mean":-4.333592919239342e-06,"profit_mean_pct":-0.0,"profit_total_abs":-0.04189309000000008,"profit_total":-4.1893090000000074e-05,"profit_total_pct":-0.0,"duration_avg":"0:58:00","wins":1,"draws":0,"losses":1,"winrate":0.5,"cagr":-0.00026360832080751795,"expectancy":-0.02094654500000004,"expectancy_ratio":-0.020419423901991474,"sortino":-100,"sharpe":-0.013732567879524721,"calmar":-1.3465392622326637,"sqn":-0.0208,"profit_factor":0.9591611521960169,"max_drawdown_account":0.0010248063608857682,"max_drawdown_abs":1.02581469}],"exit_reason_summary":[{"key":"trailing_stop_loss","trades":1,"profit_mean":0.010387253629998355,"profit_mean_pct":1.04,"profit_total_abs":0.9839216,"profit_total":0.0009839216,"profit_total_pct":0.1,"duration_avg":"0:20:00","wins":1,"draws":0,"losses":0,"winrate":1.0,"cagr":0.006208066891941755,"expectancy":0.9839216,"expectancy_ratio":100.0,"sortino":-100,"sharpe":-100,"calmar":-100,"sqn":-100.0,"profit_factor":0.0,"max_drawdown_account":0.0,"max_drawdown_abs":0.0},{"key":"stop_loss","trades":1,"profit_mean":-0.010395920815836833,"profit_mean_pct":-1.04,"profit_total_abs":-1.02581469,"profit_total":-0.00102581469,"profit_total_pct":-0.1,"duration_avg":"1:35:00","wins":0,"draws":0,"losses":1,"winrate":0.0,"cagr":-0.0064380576577692805,"expectancy":-1.02581469,"expectancy_ratio":-1.0,"sortino":-100,"sharpe":-100,"calmar":-32.9396089216272,"sqn":-100.0,"profit_factor":0.0,"max_drawdown_account":0.0010258146899999475,"max_drawdown_abs":1.02581469},{"key":"TOTAL","trades":2,"profit_mean":-4.333592919239342e-06,"profit_mean_pct":-0.0,"profit_total_abs":-0.04189309000000008,"profit_total":-4.1893090000000074e-05,"profit_total_pct":-0.0,"duration_avg":"0:58:00","wins":1,"draws":0,"losses":1,"winrate":0.5,"cagr":-0.00026360832080751795,"expectancy":-0.02094654500000004,"expectancy_ratio":-0.020419423901991474,"sortino":-100,"sharpe":-0.013732567879524721,"calmar":-1.3465392622326637,"sqn":-0.0208,"profit_factor":0.9591611521960169,"max_drawdown_account":0.0010248063608857682,"max_drawdown_abs":1.02581469}],"mix_tag_stats":[{"key":["","trailing_stop_loss"],"trades":1,"profit_mean":0.010387253629998355,"profit_mean_pct":1.04,"profit_total_abs":0.9839216,"profit_total":0.0009839216,"profit_total_pct":0.1,"duration_avg":"0:20:00","wins":1,"draws":0,"losses":0,"winrate":1.0,"cagr":0.006208066891941755,"expectancy":0.9839216,"expectancy_ratio":100.0,"sortino":-100,"sharpe":-100,"calmar":-100,"sqn":-100.0,"profit_factor":0.0,"max_drawdown_account":0.0,"max_drawdown_abs":0.0},{"key":["","stop_loss"],"trades":1,"profit_mean":-0.010395920815836833,"profit_mean_pct":-1.04,"profit_total_abs":-1.02581469,"profit_total":-0.00102581469,"profit_total_pct":-0.1,"duration_avg":"1:35:00","wins":0,"draws":0,"losses":1,"winrate":0.0,"cagr":-0.0064380576577692805,"expectancy":-1.02581469,"expectancy_ratio":-1.0,"sortino":-100,"sharpe":-100,"calmar":-32.9396089216272,"sqn":-100.0,"profit_factor":0.0,"max_drawdown_account":0.0010258146899999475,"max_drawdown_abs":1.02581469},{"key":"TOTAL","trades":2,"profit_mean":-4.333592919239342e-06,"profit_mean_pct":-0.0,"profit_total_abs":-0.04189309000000008,"profit_total":-4.1893090000000074e-05,"profit_total_pct":-0.0,"duration_avg":"0:58:00","wins":1,"draws":0,"losses":1,"winrate":0.5,"cagr":-0.00026360832080751795,"expectancy":-0.02094654500000004,"expectancy_ratio":-0.020419423901991474,"sortino":-100,"sharpe":-0.013732567879524721,"calmar":-1.3465392622326637,"sqn":-0.0208,"profit_factor":0.9591611521960169,"max_drawdown_account":0.0010248063608857682,"max_drawdown_abs":1.02581469}],"left_open_trades":[{"key":"TOTAL","trades":0,"profit_mean":0.0,"profit_mean_pct":0.0,"profit_total_abs":0.0,"profit_total":0.0,"profit_total_pct":0.0,"duration_avg":"0:00","wins":0,"draws":0,"losses":0,"winrate":0.0,"cagr":0.0,"expectancy":0.0,"expectancy_ratio":100.0,"sortino":0,"sharpe":0,"calmar":0,"sqn":0.0,"profit_factor":0.0,"max_drawdown_account":0.0,"max_drawdown_abs":0.0}],"total_trades":2,"trade_count_long":2,"trade_count_short":0,"total_volume":386.83280909160004,"avg_stake_amount":96.68,"profit_mean":-4.333592919239342e-06,"profit_median":-4.333592919239342e-06,"profit_total":-4.1893090000000074e-05,"profit_total_long":-4.1893090000000074e-05,"profit_total_short":0.0,"profit_total_abs":-0.04189309000000008,"profit_total_long_abs":-0.04189309000000008,"profit_total_short_abs":0.0,"cagr":-0.00026360832080751795,"expectancy":-0.02094654500000004,"expectancy_ratio":-0.020419423901991474,"sortino":-100,"sharpe":-0.013732567879524721,"calmar":-1.3465392622326637,"sqn":-0.0208,"profit_factor":0.9591611521960169,"backtest_start":"2024-01-02 01:00:00","backtest_start_ts":1704157200000,"backtest_end":"2024-03-01 00:00:00","backtest_end_ts":1709251200000,"backtest_days":58,"backtest_run_start_ts":1768477512,"backtest_run_end_ts":1768477513,"trades_per_day":0.03,"market_change":0.1842368800146055,"pairlist":["BTC/USDT:USDT","ETH/USDT:USDT","SOL/USDT:USDT","XRP/USDT:USDT","DOGE/USDT:USDT","LTC/USDT:USDT","LINK/USDT:USDT","UNI/USDT:USDT","ARB/USDT:USDT","OP/USDT:USDT"],"stake_amount":100,"stake_currency":"USDT","stake_currency_decimals":3,"starting_balance":1000,"dry_run_wallet":1000,"final_balance":999.95810691,"rejected_signals":0,"timedout_entry_orders":0,"timedout_exit_orders":0,"canceled_trade_entries":0,"canceled_entry_orders":0,"replaced_entry_orders":0,"max_open_trades":5,"max_open_trades_setting":5,"timeframe":"5m","timeframe_detail":"","timerange":"20240101-20240301","enable_protections":false,"strategy_name":"FutureHighFreqV1","freqaimodel":null,"freqai_identifier":null,"stoploss":-0.01,"trailing_stop":true,"trailing_stop_positive":0.008,"trailing_stop_positive_offset":0.012,"trailing_only_offset_is_reached":true,"use_custom_stoploss":false,"minimal_roi":{"0":0.02,"30":0.015,"60":0.01,"120":0.005,"240":0},"use_exit_signal":true,"exit_profit_only":false,"exit_profit_offset":0.0,"ignore_roi_if_entry_signal":false,"trading_mode":"futures","margin_mode":"isolated","periodic_breakdown":{"day":[{"date":"11/01/2024","date_ts":1704931200000,"profit_abs":0.9839216,"wins":1,"draws":0,"losses":0,"trades":1,"profit_factor":0.0},{"date":"12/01/2024","date_ts":1705017600000,"profit_abs":0.0,"wins":0,"draws":0,"losses":0,"trades":0,"profit_factor":0.0},{"date":"13/01/2024","date_ts":1705104000000,"profit_abs":0.0,"wins":0,"draws":0,"losses":0,"trades":0,"profit_factor":0.0},{"date":"14/01/2024","date_ts":1705190400000,"profit_abs":0.0,"wins":0,"draws":0,"losses":0,"trades":0,"profit_factor":0.0},{"date":"15/01/2024","date_ts":1705276800000,"profit_abs":0.0,"wins":0,"draws":0,"losses":0,"trades":0,"profit_factor":0.0},{"date":"16/01/2024","date_ts":1705363200000,"profit_abs":0.0,"wins":0,"draws":0,"losses":0,"trades":0,"profit_factor":0.0},{"date":"17/01/2024","date_ts":1705449600000,"profit_abs":0.0,"wins":0,"draws":0,"losses":0,"trades":0,"profit_factor":0.0},{"date":"18/01/2024","date_ts":1705536000000,"profit_abs":0.0,"wins":0,"draws":0,"losses":0,"trades":0,"profit_factor":0.0},{"date":"19/01/2024","date_ts":1705622400000,"profit_abs":0.0,"wins":0,"draws":0,"losses":0,"trades":0,"profit_factor":0.0},{"date":"20/01/2024","date_ts":1705708800000,"profit_abs":0.0,"wins":0,"draws":0,"losses":0,"trades":0,"profit_factor":0.0},{"date":"21/01/2024","date_ts":1705795200000,"profit_abs":0.0,"wins":0,"draws":0,"losses":0,"trades":0,"profit_factor":0.0},{"date":"22/01/2024","date_ts":1705881600000,"profit_abs":0.0,"wins":0,"draws":0,"losses":0,"trades":0,"profit_factor":0.0},{"date":"23/01/2024","date_ts":1705968000000,"profit_abs":0.0,"wins":0,"draws":0,"losses":0,"trades":0,"profit_factor":0.0},{"date":"24/01/2024","date_ts":1706054400000,"profit_abs":0.0,"wins":0,"draws":0,"losses":0,"trades":0,"profit_factor":0.0},{"date":"25/01/2024","date_ts":1706140800000,"profit_abs":0.0,"wins":0,"draws":0,"losses":0,"trades":0,"profit_factor":0.0},{"date":"26/01/2024","date_ts":1706227200000,"profit_abs":0.0,"wins":0,"draws":0,"losses":0,"trades":0,"profit_factor":0.0},{"date":"27/01/2024","date_ts":1706313600000,"profit_abs":0.0,"wins":0,"draws":0,"losses":0,"trades":0,"profit_factor":0.0},{"date":"28/01/2024","date_ts":1706400000000,"profit_abs":0.0,"wins":0,"draws":0,"losses":0,"trades":0,"profit_factor":0.0},{"date":"29/01/2024","date_ts":1706486400000,"profit_abs":0.0,"wins":0,"draws":0,"losses":0,"trades":0,"profit_factor":0.0},{"date":"30/01/2024","date_ts":1706572800000,"profit_abs":0.0,"wins":0,"draws":0,"losses":0,"trades":0,"profit_factor":0.0},{"date":"31/01/2024","date_ts":1706659200000,"profit_abs":0.0,"wins":0,"draws":0,"losses":0,"trades":0,"profit_factor":0.0},{"date":"01/02/2024","date_ts":1706745600000,"profit_abs":0.0,"wins":0,"draws":0,"losses":0,"trades":0,"profit_factor":0.0},{"date":"02/02/2024","date_ts":1706832000000,"profit_abs":0.0,"wins":0,"draws":0,"losses":0,"trades":0,"profit_factor":0.0},{"date":"03/02/2024","date_ts":1706918400000,"profit_abs":0.0,"wins":0,"draws":0,"losses":0,"trades":0,"profit_factor":0.0},{"date":"04/02/2024","date_ts":1707004800000,"profit_abs":0.0,"wins":0,"draws":0,"losses":0,"trades":0,"profit_factor":0.0},{"date":"05/02/2024","date_ts":1707091200000,"profit_abs":0.0,"wins":0,"draws":0,"losses":0,"trades":0,"profit_factor":0.0},{"date":"06/02/2024","date_ts":1707177600000,"profit_abs":0.0,"wins":0,"draws":0,"losses":0,"trades":0,"profit_factor":0.0},{"date":"07/02/2024","date_ts":1707264000000,"profit_abs":0.0,"wins":0,"draws":0,"losses":0,"trades":0,"profit_factor":0.0},{"date":"08/02/2024","date_ts":1707350400000,"profit_abs":0.0,"wins":0,"draws":0,"losses":0,"trades":0,"profit_factor":0.0},{"date":"09/02/2024","date_ts":1707436800000,"profit_abs":-1.02581469,"wins":0,"draws":0,"losses":1,"trades":1,"profit_factor":0.0}],"week":[{"date":"15/01/2024","date_ts":1705276800000,"profit_abs":0.9839216,"wins":1,"draws":0,"losses":0,"trades":1,"profit_factor":0.0},{"date":"22/01/2024","date_ts":1705881600000,"profit_abs":0.0,"wins":0,"draws":0,"losses":0,"trades":0,"profit_factor":0.0},{"date":"29/01/2024","date_ts":1706486400000,"profit_abs":0.0,"wins":0,"draws":0,"losses":0,"trades":0,"profit_factor":0.0},{"date":"05/02/2024","date_ts":1707091200000,"profit_abs":0.0,"wins":0,"draws":0,"losses":0,"trades":0,"profit_factor":0.0},{"date":"12/02/2024","date_ts":1707696000000,"profit_abs":-1.02581469,"wins":0,"draws":0,"losses":1,"trades":1,"profit_factor":0.0}],"month":[{"date":"31/01/2024","date_ts":1706659200000,"profit_abs":0.9839216,"wins":1,"draws":0,"losses":0,"trades":1,"profit_factor":0.0},{"date":"29/02/2024","date_ts":1709164800000,"profit_abs":-1.02581469,"wins":0,"draws":0,"losses":1,"trades":1,"profit_factor":0.0}],"year":[{"date":"31/12/2024","date_ts":1735603200000,"profit_abs":-0.04189309,"wins":1,"draws":0,"losses":1,"trades":2,"profit_factor":0.95916115}],"weekday":[{"date":"Thursday","date_ts":3,"profit_abs":0.9839216,"wins":1,"draws":0,"losses":0,"trades":1,"profit_factor":0.0},{"date":"Friday","date_ts":4,"profit_abs":-1.02581469,"wins":0,"draws":0,"losses":1,"trades":1,"profit_factor":0.0}]},"backtest_best_day":0.010387253629998355,"backtest_worst_day":-0.010395920815836833,"backtest_best_day_abs":0.9839216,"backtest_worst_day_abs":-1.02581469,"winning_days":1,"draw_days":28,"losing_days":1,"daily_profit":[["2024-01-11",0.9839216],["2024-01-12",0.0],["2024-01-13",0.0],["2024-01-14",0.0],["2024-01-15",0.0],["2024-01-16",0.0],["2024-01-17",0.0],["2024-01-18",0.0],["2024-01-19",0.0],["2024-01-20",0.0],["2024-01-21",0.0],["2024-01-22",0.0],["2024-01-23",0.0],["2024-01-24",0.0],["2024-01-25",0.0],["2024-01-26",0.0],["2024-01-27",0.0],["2024-01-28",0.0],["2024-01-29",0.0],["2024-01-30",0.0],["2024-01-31",0.0],["2024-02-01",0.0],["2024-02-02",0.0],["2024-02-03",0.0],["2024-02-04",0.0],["2024-02-05",0.0],["2024-02-06",0.0],["2024-02-07",0.0],["2024-02-08",0.0],["2024-02-09",-1.02581469]],"wins":1,"losses":1,"draws":0,"winrate":0.5,"holding_avg":"0:58:00","holding_avg_s":3480.0,"winner_holding_min":"0d 00:20","winner_holding_min_s":1200.0,"winner_holding_max":"0d 00:20","winner_holding_max_s":1200.0,"winner_holding_avg":"0d 00:20","winner_holding_avg_s":1200.0,"loser_holding_min":"0d 01:35","loser_holding_min_s":5700.0,"loser_holding_max":"0d 01:35","loser_holding_max_s":5700.0,"loser_holding_avg":"0d 01:35","loser_holding_avg_s":5700.0,"max_consecutive_wins":1,"max_consecutive_losses":1,"max_drawdown_account":0.0010248063608857682,"max_relative_drawdown":0.0010248063608857682,"max_drawdown_abs":1.02581469,"drawdown_start":"2024-01-11 14:10:00","drawdown_start_ts":1704982200000.0,"drawdown_end":"2024-02-09 16:45:00","drawdown_end_ts":1707497100000.0,"drawdown_duration":"29 days 02:35:00","drawdown_duration_s":2514900.0,"max_drawdown_low":-0.04189309000000008,"max_drawdown_high":0.9839216,"csum_min":999.95810691,"csum_max":1000.9839216}},"strategy_comparison":[{"key":"FutureHighFreqV1","trades":2,"profit_mean":-4.333592919239342e-06,"profit_mean_pct":-0.0,"profit_total_abs":-0.04189309000000008,"profit_total":-4.1893090000000074e-05,"profit_total_pct":-0.0,"duration_avg":"0:58:00","wins":1,"draws":0,"losses":1,"winrate":0.5,"cagr":-0.00026360832080751795,"expectancy":-0.02094654500000004,"expectancy_ratio":-0.020419423901991474,"sortino":-100,"sharpe":-0.013732567879524721,"calmar":-1.3465392622326637,"sqn":-0.0208,"profit_factor":0.9591611521960169,"max_drawdown_account":0.0010248063608857682,"max_drawdown_abs":"1.026"}]}