{"dry_run":true,"trading_mode":"futures","margin_mode":"isolated","exchange":{"name":"okx","pair_whitelist":["BTC/USDT:USDT","ETH/USDT:USDT","SOL/USDT:USDT","XRP/USDT:USDT","ADA/USDT:USDT","DOGE/USDT:USDT","MATIC/USDT:USDT","LTC/USDT:USDT","LINK/USDT:USDT","UNI/USDT:USDT"]},"stake_currency":"USDT","stake_amount":0.1,"fee":0.0002,"timeframe":"1m","startup_candle_count":200,"max_open_trades":10,"entry_pricing":{"price_side":"other","use_order_book":false},"exit_pricing":{"price_side":"other","use_order_book":false},"pairlists":[{"method":"StaticPairList","config_pairs":["BTC/USDT:USDT","ETH/USDT:USDT","SOL/USDT:USDT","XRP/USDT:USDT","ADA/USDT:USDT","DOGE/USDT:USDT","MATIC/USDT:USDT","LTC/USDT:USDT","LINK/USDT:USDT","UNI/USDT:USDT"]}],"config_files":["user_data/config/highfreq-config.json"],"internals":{}}