{"strategy":{"AdaptiveHighRiskStrategy":{"trades":[{"pair":"LTC/USDT:USDT","stake_amount":95.976,"max_stake_amount":95.976,"amount":0.9,"open_date":"2024-12-01 15:12:00+00:00","close_date":"2024-12-01 15:19:00+00:00","open_rate":106.64,"close_rate":107.74927785557111,"fee_open":0.0002,"fee_close":0.0002,"trade_duration":7,"profit_ratio":0.009998000399920015,"profit_abs":0.95976,"exit_reason":"roi","initial_stop_loss_abs":105.0404,"initial_stop_loss_ratio":-0.015,"stop_loss_abs":105.0404,"stop_loss_ratio":-0.015,"min_rate":106.06,"max_rate":108.08,"is_open":false,"enter_tag":"","leverage":1.0,"is_short":false,"open_timestamp":1733065920000,"close_timestamp":1733066340000,"orders":[{"amount":0.9,"safe_price":106.64,"ft_order_side":"buy","order_filled_timestamp":1733065920000,"ft_is_entry":true,"ft_order_tag":"","cost":95.9951952},{"amount":0.9,"safe_price":107.74927785557111,"ft_order_side":"sell","order_filled_timestamp":1733066340000,"ft_is_entry":false,"ft_order_tag":"roi","cost":96.993744940028}],"funding_fees":0.0,"weekday":6},{"pair":"LINK/USDT:USDT","stake_amount":98.0232,"max_stake_amount":98.0232,"amount":4.7,"open_date":"2024-12-02 09:58:00+00:00","close_date":"2024-12-02 10:02:00+00:00","open_rate":20.856,"close_rate":20.54316,"fee_open":0.0002,"fee_close":0.0002,"trade_duration":4,"profit_ratio":-0.015393921211676998,"profit_abs":-1.50926321,"exit_reason":"stop_loss","initial_stop_loss_abs":20.54316,"initial_stop_loss_ratio":-0.015,"stop_loss_abs":20.54316,"stop_loss_ratio":-0.015,"min_rate":20.496,"max_rate":20.961,"is_open":false,"enter_tag":"","leverage":1.0,"is_short":false,"open_timestamp":1733133480000,"close_timestamp":1733133720000,"orders":[{"amount":4.7,"safe_price":20.856,"ft_order_side":"buy","order_filled_timestamp":1733133480000,"ft_is_entry":true,"ft_order_tag":"","cost":98.04280464000001},{"amount":4.7,"safe_price":20.54316,"ft_order_side":"sell","order_filled_timestamp":1733133720000,"ft_is_entry":false,"ft_order_tag":"stop_loss","cost":96.5721625704}],"funding_fees":0.0,"weekday":0},{"pair":"XRP/USDT:USDT","stake_amount":97.9848,"max_stake_amount":97.9848,"amount":36.0,"open_date":"2024-12-02 15:10:00+00:00","close_date":"2024-12-02 15:14:00+00:00","open_rate":2.7218,"close_rate":2.681,"fee_open":0.0002,"fee_close":0.0002,"trade_duration":4,"profit_ratio":-0.015384005276981198,"profit_abs":-1.50770016,"exit_reason":"stop_loss","initial_stop_loss_abs":2.681,"initial_stop_loss_ratio":-0.015,"stop_loss_abs":2.681,"stop_loss_ratio":-0.015,"min_rate":2.68,"max_rate":2.741,"is_open":false,"enter_tag":"","leverage":1.0,"is_short":false,"open_timestamp":1733152200000,"close_timestamp":1733152440000,"orders":[{"amount":36.0,"safe_price":2.7218,"ft_order_side":"buy","order_filled_timestamp":1733152200000,"ft_is_entry":true,"ft_order_tag":"","cost":98.00439696000001},{"amount":36.0,"safe_price":2.681,"ft_order_side":"sell","order_filled_timestamp":1733152440000,"ft_is_entry":false,"ft_order_tag":"stop_loss","cost":96.5353032}],"funding_fees":0.0,"weekday":0},{"pair":"XRP/USDT:USDT","stake_amount":96.1826,"max_stake_amount":96.1826,"amount":34.0,"open_date":"2024-12-02 16:18:00+00:00","close_date":"2024-12-02 16:22:00+00:00","open_rate":2.8289,"close_rate":2.858326445289058,"fee_open":0.0002,"fee_close":0.0002,"trade_duration":4,"profit_ratio":0.009998000399920015,"profit_abs":0.961826,"exit_reason":"roi","initial_stop_loss_abs":2.7865,"initial_stop_loss_ratio":-0.015,"stop_loss_abs":2.7865,"stop_loss_ratio":-0.015,"min_rate":2.8001,"max_rate":2.8742,"is_open":false,"enter_tag":"","leverage":1.0,"is_short":false,"open_timestamp":1733156280000,"close_timestamp":1733156520000,"orders":[{"amount":34.0,"safe_price":2.8289,"ft_order_side":"buy","order_filled_timestamp":1733156280000,"ft_is_entry":true,"ft_order_tag":"","cost":96.20183651999999},{"amount":34.0,"safe_price":2.858326445289058,"ft_order_side":"sell","order_filled_timestamp":1733156520000,"ft_is_entry":false,"ft_order_tag":"roi","cost":97.20253575965593}],"funding_fees":0.0,"weekday":0},{"pair":"XRP/USDT:USDT","stake_amount":96.985,"max_stake_amount":96.985,"amount":34.0,"open_date":"2024-12-02 16:23:00+00:00","close_date":"2024-12-02 16:27:00+00:00","open_rate":2.8525,"close_rate":2.8098,"fee_open":0.0002,"fee_close":0.0002,"trade_duration":4,"profit_ratio":-0.015363258636616237,"profit_abs":-1.49030364,"exit_reason":"stop_loss","initial_stop_loss_abs":2.8098,"initial_stop_loss_ratio":-0.015,"stop_loss_abs":2.8098,"stop_loss_ratio":-0.015,"min_rate":2.77,"max_rate":2.87,"is_open":false,"enter_tag":"","leverage":1.0,"is_short":false,"open_timestamp":1733156580000,"close_timestamp":1733156820000,"orders":[{"amount":34.0,"safe_price":2.8525,"ft_order_side":"buy","order_filled_timestamp":1733156580000,"ft_is_entry":true,"ft_order_tag":"","cost":97.004397},{"amount":34.0,"safe_price":2.8098,"ft_order_side":"sell","order_filled_timestamp":1733156820000,"ft_is_entry":false,"ft_order_tag":"stop_loss","cost":95.55230664000001}],"funding_fees":0.0,"weekday":0},{"pair":"LTC/USDT:USDT","stake_amount":95.193,"max_stake_amount":95.193,"amount":0.7,"open_date":"2024-12-02 20:10:00+00:00","close_date":"2024-12-02 20:12:00+00:00","open_rate":135.99,"close_rate":137.40457891578316,"fee_open":0.0002,"fee_close":0.0002,"trade_duration":2,"profit_ratio":0.009998000399920017,"profit_abs":0.95193,"exit_reason":"roi","initial_stop_loss_abs":133.95015,"initial_stop_loss_ratio":-0.015,"stop_loss_abs":133.95015,"stop_loss_ratio":-0.015,"min_rate":135.23,"max_rate":137.97,"is_open":false,"enter_tag":"","leverage":1.0,"is_short":false,"open_timestamp":1733170200000,"close_timestamp":1733170320000,"orders":[{"amount":0.7,"safe_price":135.99,"ft_order_side":"buy","order_filled_timestamp":1733170200000,"ft_is_entry":true,"ft_order_tag":"","cost":95.2120386},{"amount":0.7,"safe_price":137.40457891578316,"ft_order_side":"sell","order_filled_timestamp":1733170320000,"ft_is_entry":false,"ft_order_tag":"roi","cost":96.20244188209642}],"funding_fees":0.0,"weekday":0},{"pair":"LINK/USDT:USDT","stake_amount":98.268,"max_stake_amount":98.268,"amount":3.8,"open_date":"2024-12-02 21:06:00+00:00","close_date":"2024-12-02 21:08:00+00:00","open_rate":25.86,"close_rate":26.12899779955991,"fee_open":0.0002,"fee_close":0.0002,"trade_duration":2,"profit_ratio":0.009998000399920015,"profit_abs":0.98268,"exit_reason":"roi","initial_stop_loss_abs":25.472099999999998,"initial_stop_loss_ratio":-0.015,"stop_loss_abs":25.472099999999998,"stop_loss_ratio":-0.015,"min_rate":25.581,"max_rate":26.238,"is_open":false,"enter_tag":"","leverage":1.0,"is_short":false,"open_timestamp":1733173560000,"close_timestamp":1733173680000,"orders":[{"amount":3.8,"safe_price":25.86,"ft_order_side":"buy","order_filled_timestamp":1733173560000,"ft_is_entry":true,"ft_order_tag":"","cost":98.28765359999998},{"amount":3.8,"safe_price":26.12899779955991,"ft_order_side":"sell","order_filled_timestamp":1733173680000,"ft_is_entry":false,"ft_order_tag":"roi","cost":99.31004967665532}],"funding_fees":0.0,"weekday":0},{"pair":"XRP/USDT:USDT","stake_amount":97.5536,"max_stake_amount":97.5536,"amount":38.0,"open_date":"2024-12-03 16:03:00+00:00","close_date":"2024-12-03 16:04:00+00:00","open_rate":2.5672,"close_rate":2.593904220844169,"fee_open":0.0002,"fee_close":0.0002,"trade_duration":1,"profit_ratio":0.009998000399920015,"profit_abs":0.975536,"exit_reason":"roi","initial_stop_loss_abs":2.5287,"initial_stop_loss_ratio":-0.015,"stop_loss_abs":2.5287,"stop_loss_ratio":-0.015,"min_rate":2.5512,"max_rate":2.6036,"is_open":false,"enter_tag":"","leverage":1.0,"is_short":false,"open_timestamp":1733241780000,"close_timestamp":1733241840000,"orders":[{"amount":38.0,"safe_price":2.5672,"ft_order_side":"buy","order_filled_timestamp":1733241780000,"ft_is_entry":true,"ft_order_tag":"","cost":97.57311072},{"amount":38.0,"safe_price":2.593904220844169,"ft_order_side":"sell","order_filled_timestamp":1733241840000,"ft_is_entry":false,"ft_order_tag":"roi","cost":98.58807406415683}],"funding_fees":0.0,"weekday":1},{"pair":"XRP/USDT:USDT","stake_amount":96.9994,"max_stake_amount":96.9994,"amount":43.0,"open_date":"2024-12-10 20:37:00+00:00","close_date":"2024-12-10 20:38:00+00:00","open_rate":2.2558,"close_rate":2.2792650130026004,"fee_open":0.0002,"fee_close":0.0002,"trade_duration":1,"profit_ratio":0.009998000399920015,"profit_abs":0.969994,"exit_reason":"roi","initial_stop_loss_abs":2.222,"initial_stop_loss_ratio":-0.015,"stop_loss_abs":2.222,"stop_loss_ratio":-0.015,"min_rate":2.2507,"max_rate":2.282,"is_open":false,"enter_tag":"","leverage":1.0,"is_short":false,"open_timestamp":1733863020000,"close_timestamp":1733863080000,"orders":[{"amount":43.0,"safe_price":2.2558,"ft_order_side":"buy","order_filled_timestamp":1733863020000,"ft_is_entry":true,"ft_order_tag":"","cost":97.01879987999999},{"amount":43.0,"safe_price":2.2792650130026004,"ft_order_side":"sell","order_filled_timestamp":1733863080000,"ft_is_entry":false,"ft_order_tag":"roi","cost":98.02799723822363}],"funding_fees":0.0,"weekday":1},{"pair":"XRP/USDT:USDT","stake_amount":96.842,"max_stake_amount":96.842,"amount":41.0,"open_date":"2024-12-10 21:06:00+00:00","close_date":"2024-12-10 21:06:00+00:00","open_rate":2.362,"close_rate":2.386569713942789,"fee_open":0.0002,"fee_close":0.0002,"trade_duration":0,"profit_ratio":0.009998000399920015,"profit_abs":0.96842,"exit_reason":"roi","initial_stop_loss_abs":2.3266,"initial_stop_loss_ratio":-0.015,"stop_loss_abs":2.3266,"stop_loss_ratio":-0.015,"min_rate":2.3571,"max_rate":2.3909,"is_open":false,"enter_tag":"","leverage":1.0,"is_short":false,"open_timestamp":1733864760000,"close_timestamp":1733864760000,"orders":[{"amount":41.0,"safe_price":2.362,"ft_order_side":"buy","order_filled_timestamp":1733864760000,"ft_is_entry":true,"ft_order_tag":"","cost":96.8613684},{"amount":41.0,"safe_price":2.386569713942789,"ft_order_side":"sell","order_filled_timestamp":1733864760000,"ft_is_entry":false,"ft_order_tag":"roi","cost":97.86892814330868}],"funding_fees":0.0,"weekday":1},{"pair":"XRP/USDT:USDT","stake_amount":97.4242,"max_stake_amount":97.4242,"amount":41.0,"open_date":"2024-12-10 21:07:00+00:00","close_date":"2024-12-10 21:08:00+00:00","open_rate":2.3762,"close_rate":2.400917423484697,"fee_open":0.0002,"fee_close":0.0002,"trade_duration":1,"profit_ratio":0.009998000399920015,"profit_abs":0.974242,"exit_reason":"roi","initial_stop_loss_abs":2.3406,"initial_stop_loss_ratio":-0.015,"stop_loss_abs":2.3406,"stop_loss_ratio":-0.015,"min_rate":2.3729,"max_rate":2.4136,"is_open":false,"enter_tag":"","leverage":1.0,"is_short":false,"open_timestamp":1733864820000,"close_timestamp":1733864880000,"orders":[{"amount":41.0,"safe_price":2.3762,"ft_order_side":"buy","order_filled_timestamp":1733864820000,"ft_is_entry":true,"ft_order_tag":"","cost":97.44368484},{"amount":41.0,"safe_price":2.400917423484697,"ft_order_side":"sell","order_filled_timestamp":1733864880000,"ft_is_entry":false,"ft_order_tag":"roi","cost":98.45730188574514}],"funding_fees":0.0,"weekday":1},{"pair":"DOGE/USDT:USDT","stake_amount":98.266,"max_stake_amount":98.266,"amount":350.0,"open_date":"2024-12-20 12:23:00+00:00","close_date":"2024-12-20 12:23:00+00:00","open_rate":0.28076,"close_rate":0.28368048809761953,"fee_open":0.0002,"fee_close":0.0002,"trade_duration":0,"profit_ratio":0.009998000399920015,"profit_abs":0.98266,"exit_reason":"roi","initial_stop_loss_abs":0.27655,"initial_stop_loss_ratio":-0.015,"stop_loss_abs":0.27655,"stop_loss_ratio":-0.015,"min_rate":0.27926,"max_rate":0.28448,"is_open":false,"enter_tag":"","leverage":1.0,"is_short":false,"open_timestamp":1734697380000,"close_timestamp":1734697380000,"orders":[{"amount":350.0,"safe_price":0.28076,"ft_order_side":"buy","order_filled_timestamp":1734697380000,"ft_is_entry":true,"ft_order_tag":"","cost":98.2856532},{"amount":350.0,"safe_price":0.28368048809761953,"ft_order_side":"sell","order_filled_timestamp":1734697380000,"ft_is_entry":false,"ft_order_tag":"roi","cost":99.30802846833366}],"funding_fees":0.0,"weekday":4},{"pair":"XRP/USDT:USDT","stake_amount":99.312,"max_stake_amount":99.312,"amount":48.0,"open_date":"2024-12-20 12:23:00+00:00","close_date":"2024-12-20 12:26:00+00:00","open_rate":2.069,"close_rate":2.0905219043808763,"fee_open":0.0002,"fee_close":0.0002,"trade_duration":3,"profit_ratio":0.009998000399920015,"profit_abs":0.99312,"exit_reason":"roi","initial_stop_loss_abs":2.038,"initial_stop_loss_ratio":-0.015,"stop_loss_abs":2.038,"stop_loss_ratio":-0.015,"min_rate":2.0627,"max_rate":2.0932,"is_open":false,"enter_tag":"","leverage":1.0,"is_short":false,"open_timestamp":1734697380000,"close_timestamp":1734697560000,"orders":[{"amount":48.0,"safe_price":2.069,"ft_order_side":"buy","order_filled_timestamp":1734697380000,"ft_is_entry":true,"ft_order_tag":"","cost":99.33186239999999},{"amount":48.0,"safe_price":2.0905219043808763,"ft_order_side":"sell","order_filled_timestamp":1734697560000,"ft_is_entry":false,"ft_order_tag":"roi","cost":100.36512042056411}],"funding_fees":0.0,"weekday":4},{"pair":"DOGE/USDT:USDT","stake_amount":99.1935,"max_stake_amount":99.1935,"amount":350.0,"open_date":"2024-12-20 12:24:00+00:00","close_date":"2024-12-20 12:30:00+00:00","open_rate":0.28341,"close_rate":0.28635805361072214,"fee_open":0.0002,"fee_close":0.0002,"trade_duration":6,"profit_ratio":0.009998000399920017,"profit_abs":0.991935,"exit_reason":"roi","initial_stop_loss_abs":0.27916,"initial_stop_loss_ratio":-0.015,"stop_loss_abs":0.27916,"stop_loss_ratio":-0.015,"min_rate":0.28152,"max_rate":0.28651,"is_open":false,"enter_tag":"","leverage":1.0,"is_short":false,"open_timestamp":1734697440000,"close_timestamp":1734697800000,"orders":[{"amount":350.0,"safe_price":0.28341,"ft_order_side":"buy","order_filled_timestamp":1734697440000,"ft_is_entry":true,"ft_order_tag":"","cost":99.2133387},{"amount":350.0,"safe_price":0.28635805361072214,"ft_order_side":"sell","order_filled_timestamp":1734697800000,"ft_is_entry":false,"ft_order_tag":"roi","cost":100.2453638275055}],"funding_fees":0.0,"weekday":4}],"locks":[],"best_pair":{"key":"XRP/USDT:USDT","trades":8,"profit_mean":0.0036550923107403323,"profit_mean_pct":0.37,"profit_total_abs":2.8451342,"profit_total":0.0028451342,"profit_total_pct":0.28,"duration_avg":"0:02:00","wins":6,"draws":0,"losses":2,"winrate":0.75,"cagr":0.03517101954179713,"expectancy":0.35564177500000005,"expectancy_ratio":0.23725238440324858,"sortino":208.30301144127125,"sharpe":1.6920420907643097,"calmar":88.9840637835815,"sqn":0.8787,"profit_factor":1.9490095376129943,"max_drawdown_account":0.0020361778000000186,"max_drawdown_abs":2.0361778},"worst_pair":{"key":"LINK/USDT:USDT","trades":2,"profit_mean":-0.0026979604058784915,"profit_mean_pct":-0.27,"profit_total_abs":-0.5265832100000001,"profit_total":-0.0005265832100000001,"profit_total_pct":-0.05,"duration_avg":"0:03:00","wins":1,"draws":0,"losses":1,"winrate":0.5,"cagr":-0.0063879595066629324,"expectancy":-0.26329160500000004,"expectancy_ratio":-0.17445042273308975,"sortino":-100,"sharpe":-0.2691435893841962,"calmar":-22.21913764402262,"sqn":-0.2113,"profit_factor":0.6510991545338205,"max_drawdown_account":0.001509263209999972,"max_drawdown_abs":1.50926321},"results_per_pair":[{"key":"XRP/USDT:USDT","trades":8,"profit_mean":0.0036550923107403323,"profit_mean_pct":0.37,"profit_total_abs":2.8451342,"profit_total":0.0028451342,"profit_total_pct":0.28,"duration_avg":"0:02:00","wins":6,"draws":0,"losses":2,"winrate":0.75,"cagr":0.03517101954179713,"expectancy":0.35564177500000005,"expectancy_ratio":0.23725238440324858,"sortino":208.30301144127125,"sharpe":1.6920420907643097,"calmar":88.9840637835815,"sqn":0.8787,"profit_factor":1.9490095376129943,"max_drawdown_account":0.0020361778000000186,"max_drawdown_abs":2.0361778},{"key":"DOGE/USDT:USDT","trades":2,"profit_mean":0.009998000399920017,"profit_mean_pct":1.0,"profit_total_abs":1.9745949999999999,"profit_total":0.001974595,"profit_total_pct":0.2,"duration_avg":"0:03:00","wins":2,"draws":0,"losses":0,"winrate":1.0,"cagr":0.02429088255430978,"expectancy":0.9872974999999999,"expectancy_ratio":100.0,"sortino":-100,"sharpe":271.1560431668382,"calmar":-100,"sqn":212.8943,"profit_factor":0.0,"max_drawdown_account":0.0,"max_drawdown_abs":0.0},{"key":"LTC/USDT:USDT","trades":2,"profit_mean":0.009998000399920017,"profit_mean_pct":1.0,"profit_total_abs":1.9116900000000001,"profit_total":0.0019116900000000002,"profit_total_pct":0.19,"duration_avg":"0:04:00","wins":2,"draws":0,"losses":0,"winrate":1.0,"cagr":0.02350876659692136,"expectancy":0.9558450000000001,"expectancy_ratio":100.0,"sortino":-100,"sharpe":310.96454804633606,"calmar":-100,"sqn":244.1494,"profit_factor":0.0,"max_drawdown_account":0.0,"max_drawdown_abs":0.0},{"key":"BTC/USDT:USDT","trades":0,"profit_mean":0.0,"profit_mean_pct":0.0,"profit_total_abs":0.0,"profit_total":0.0,"profit_total_pct":0.0,"duration_avg":"0:00","wins":0,"draws":0,"losses":0,"winrate":0.0,"cagr":0.0,"expectancy":0.0,"expectancy_ratio":100.0,"sortino":0,"sharpe":0,"calmar":0,"sqn":0.0,"profit_factor":0.0,"max_drawdown_account":0.0,"max_drawdown_abs":0.0},{"key":"ETH/USDT:USDT","trades":0,"profit_mean":0.0,"profit_mean_pct":0.0,"profit_total_abs":0.0,"profit_total":0.0,"profit_total_pct":0.0,"duration_avg":"0:00","wins":0,"draws":0,"losses":0,"winrate":0.0,"cagr":0.0,"expectancy":0.0,"expectancy_ratio":100.0,"sortino":0,"sharpe":0,"calmar":0,"sqn":0.0,"profit_factor":0.0,"max_drawdown_account":0.0,"max_drawdown_abs":0.0},{"key":"SOL/USDT:USDT","trades":0,"profit_mean":0.0,"profit_mean_pct":0.0,"profit_total_abs":0.0,"profit_total":0.0,"profit_total_pct":0.0,"duration_avg":"0:00","wins":0,"draws":0,"losses":0,"winrate":0.0,"cagr":0.0,"expectancy":0.0,"expectancy_ratio":100.0,"sortino":0,"sharpe":0,"calmar":0,"sqn":0.0,"profit_factor":0.0,"max_drawdown_account":0.0,"max_drawdown_abs":0.0},{"key":"UNI/USDT:USDT","trades":0,"profit_mean":0.0,"profit_mean_pct":0.0,"profit_total_abs":0.0,"profit_total":0.0,"profit_total_pct":0.0,"duration_avg":"0:00","wins":0,"draws":0,"losses":0,"winrate":0.0,"cagr":0.0,"expectancy":0.0,"expectancy_ratio":100.0,"sortino":0,"sharpe":0,"calmar":0,"sqn":0.0,"profit_factor":0.0,"max_drawdown_account":0.0,"max_drawdown_abs":0.0},{"key":"LINK/USDT:USDT","trades":2,"profit_mean":-0.0026979604058784915,"profit_mean_pct":-0.27,"profit_total_abs":-0.5265832100000001,"profit_total":-0.0005265832100000001,"profit_total_pct":-0.05,"duration_avg":"0:03:00","wins":1,"draws":0,"losses":1,"winrate":0.5,"cagr":-0.0063879595066629324,"expectancy":-0.26329160500000004,"expectancy_ratio":-0.17445042273308975,"sortino":-100,"sharpe":-0.2691435893841962,"calmar":-22.21913764402262,"sqn":-0.2113,"profit_factor":0.6510991545338205,"max_drawdown_account":0.001509263209999972,"max_drawdown_abs":1.50926321},{"key":"TOTAL","trades":14,"profit_mean":0.004559772805274696,"profit_mean_pct":0.46,"profit_total_abs":6.20483599,"profit_total":0.00620483599,"profit_total_pct":0.62,"duration_avg":"0:03:00","wins":11,"draws":0,"losses":3,"winrate":0.7857142857142857,"cagr":0.0781632806217698,"expectancy":0.44320257071428576,"expectancy_ratio":0.29499200051670726,"sortino":459.84744796977026,"sharpe":3.8886856811437336,"calmar":111.5582874386899,"sqn":1.5726,"profit_factor":2.3766293357446333,"max_drawdown_account":0.003542041500249711,"max_drawdown_abs":3.5454410100000002}],"results_per_enter_tag":[{"key":"","trades":14,"profit_mean":0.004559772805274696,"profit_mean_pct":0.46,"profit_total_abs":6.20483599,"profit_total":0.00620483599,"profit_total_pct":0.62,"duration_avg":"0:03:00","wins":11,"draws":0,"losses":3,"winrate":0.7857142857142857,"cagr":0.0781632806217698,"expectancy":0.44320257071428576,"expectancy_ratio":0.29499200051670726,"sortino":459.84744796977026,"sharpe":3.8886856811437336,"calmar":111.5582874386899,"sqn":1.5726,"profit_factor":2.3766293357446333,"max_drawdown_account":0.003542041500249711,"max_drawdown_abs":3.5454410100000002},{"key":"TOTAL","trades":14,"profit_mean":0.004559772805274696,"profit_mean_pct":0.46,"profit_total_abs":6.20483599,"profit_total":0.00620483599,"profit_total_pct":0.62,"duration_avg":"0:03:00","wins":11,"draws":0,"losses":3,"winrate":0.7857142857142857,"cagr":0.0781632806217698,"expectancy":0.44320257071428576,"expectancy_ratio":0.29499200051670726,"sortino":459.84744796977026,"sharpe":3.8886856811437336,"calmar":111.5582874386899,"sqn":1.5726,"profit_factor":2.3766293357446333,"max_drawdown_account":0.003542041500249711,"max_drawdown_abs":3.5454410100000002}],"exit_reason_summary":[{"key":"roi","trades":11,"profit_mean":0.009998000399920019,"profit_mean_pct":1.0,"profit_total_abs":10.712102999999999,"profit_total":0.010712102999999999,"profit_total_pct":1.07,"duration_avg":"0:02:00","wins":11,"draws":0,"losses":0,"winrate":1.0,"cagr":0.13841560389465135,"expectancy":0.9738275454545454,"expectancy_ratio":100.0,"sortino":-100,"sharpe":544.7681540882094,"calmar":-100,"sqn":245.92,"profit_factor":0.0,"max_drawdown_account":0.0,"max_drawdown_abs":0.0},{"key":"stop_loss","trades":3,"profit_mean":-0.015380395041758144,"profit_mean_pct":-1.54,"profit_total_abs":-4.50726701,"profit_total":-0.00450726701,"profit_total_pct":-0.45,"duration_avg":"0:04:00","wins":0,"draws":0,"losses":3,"winrate":0.0,"cagr":-0.0534792385421452,"expectancy":-1.5024223366666665,"expectancy_ratio":-1.0,"sortino":-334.0386813136115,"sharpe":-334.0386813136115,"calmar":-63.68324391514317,"sqn":-247.2665,"profit_factor":0.0,"max_drawdown_account":0.004507267009999964,"max_drawdown_abs":4.50726701},{"key":"TOTAL","trades":14,"profit_mean":0.004559772805274696,"profit_mean_pct":0.46,"profit_total_abs":6.20483599,"profit_total":0.00620483599,"profit_total_pct":0.62,"duration_avg":"0:03:00","wins":11,"draws":0,"losses":3,"winrate":0.7857142857142857,"cagr":0.0781632806217698,"expectancy":0.44320257071428576,"expectancy_ratio":0.29499200051670726,"sortino":459.84744796977026,"sharpe":3.8886856811437336,"calmar":111.5582874386899,"sqn":1.5726,"profit_factor":2.3766293357446333,"max_drawdown_account":0.003542041500249711,"max_drawdown_abs":3.5454410100000002}],"mix_tag_stats":[{"key":["","roi"],"trades":11,"profit_mean":0.009998000399920019,"profit_mean_pct":1.0,"profit_total_abs":10.712102999999999,"profit_total":0.010712102999999999,"profit_total_pct":1.07,"duration_avg":"0:02:00","wins":11,"draws":0,"losses":0,"winrate":1.0,"cagr":0.13841560389465135,"expectancy":0.9738275454545454,"expectancy_ratio":100.0,"sortino":-100,"sharpe":544.7681540882094,"calmar":-100,"sqn":245.92,"profit_factor":0.0,"max_drawdown_account":0.0,"max_drawdown_abs":0.0},{"key":["","stop_loss"],"trades":3,"profit_mean":-0.015380395041758144,"profit_mean_pct":-1.54,"profit_total_abs":-4.50726701,"profit_total":-0.00450726701,"profit_total_pct":-0.45,"duration_avg":"0:04:00","wins":0,"draws":0,"losses":3,"winrate":0.0,"cagr":-0.0534792385421452,"expectancy":-1.5024223366666665,"expectancy_ratio":-1.0,"sortino":-334.0386813136115,"sharpe":-334.0386813136115,"calmar":-63.68324391514317,"sqn":-247.2665,"profit_factor":0.0,"max_drawdown_account":0.004507267009999964,"max_drawdown_abs":4.50726701},{"key":"TOTAL","trades":14,"profit_mean":0.004559772805274696,"profit_mean_pct":0.46,"profit_total_abs":6.20483599,"profit_total":0.00620483599,"profit_total_pct":0.62,"duration_avg":"0:03:00","wins":11,"draws":0,"losses":3,"winrate":0.7857142857142857,"cagr":0.0781632806217698,"expectancy":0.44320257071428576,"expectancy_ratio":0.29499200051670726,"sortino":459.84744796977026,"sharpe":3.8886856811437336,"calmar":111.5582874386899,"sqn":1.5726,"profit_factor":2.3766293357446333,"max_drawdown_account":0.003542041500249711,"max_drawdown_abs":3.5454410100000002}],"left_open_trades":[{"key":"TOTAL","trades":0,"profit_mean":0.0,"profit_mean_pct":0.0,"profit_total_abs":0.0,"profit_total":0.0,"profit_total_pct":0.0,"duration_avg":"0:00","wins":0,"draws":0,"losses":0,"winrate":0.0,"cagr":0.0,"expectancy":0.0,"expectancy_ratio":100.0,"sortino":0,"sharpe":0,"calmar":0,"sqn":0.0,"profit_factor":0.0,"max_drawdown_account":0.0,"max_drawdown_abs":0.0}],"total_trades":14,"trade_count_long":14,"trade_count_short":0,"total_volume":2735.7054993766733,"avg_stake_amount":97.44309285714287,"profit_mean":0.004559772805274696,"profit_median":0.009998000399920015,"profit_total":0.00620483599,"profit_total_long":0.00620483599,"profit_total_short":0.0,"profit_total_abs":6.20483599,"profit_total_long_abs":6.20483599,"profit_total_short_abs":0.0,"cagr":0.0781632806217698,"expectancy":0.44320257071428576,"expectancy_ratio":0.29499200051670726,"sortino":459.84744796977026,"sharpe":3.8886856811437336,"calmar":111.5582874386899,"sqn":1.5726,"profit_factor":2.3766293357446333,"backtest_start":"2024-12-01 00:00:00","backtest_start_ts":1733011200000,"backtest_end":"2024-12-31 00:00:00","backtest_end_ts":1735603200000,"backtest_days":30,"backtest_run_start_ts":1768526550,"backtest_run_end_ts":1768526552,"trades_per_day":0.47,"market_change":-0.05282707519730215,"pairlist":["BTC/USDT:USDT","ETH/USDT:USDT","SOL/USDT:USDT","XRP/USDT:USDT","DOGE/USDT:USDT","LTC/USDT:USDT","LINK/USDT:USDT","UNI/USDT:USDT"],"stake_amount":"unlimited","stake_currency":"USDT","stake_currency_decimals":3,"starting_balance":1000,"dry_run_wallet":1000,"final_balance":1006.20483599,"rejected_signals":0,"timedout_entry_orders":0,"timedout_exit_orders":0,"canceled_trade_entries":0,"canceled_entry_orders":0,"replaced_entry_orders":0,"max_open_trades":8,"max_open_trades_setting":10,"timeframe":"1m","timeframe_detail":"","timerange":"20241201-20241231","enable_protections":false,"strategy_name":"AdaptiveHighRiskStrategy","freqaimodel":null,"freqai_identifier":null,"stoploss":-0.015,"trailing_stop":true,"trailing_stop_positive":0.03,"trailing_stop_positive_offset":0.04,"trailing_only_offset_is_reached":true,"use_custom_stoploss":false,"minimal_roi":{"0":0.01,"30":0.008,"60":0.005,"120":0.003},"use_exit_signal":true,"exit_profit_only":false,"exit_profit_offset":0.0,"ignore_roi_if_entry_signal":false,"trading_mode":"futures","margin_mode":"isolated","periodic_breakdown":{"day":[{"date":"01/12/2024","date_ts":1733011200000,"profit_abs":0.95976,"wins":1,"draws":0,"losses":0,"trades":1,"profit_factor":0.0},{"date":"02/12/2024","date_ts":1733097600000,"profit_abs":-1.61083101,"wins":3,"draws":0,"losses":3,"trades":6,"profit_factor":0.64261469},{"date":"03/12/2024","date_ts":1733184000000,"profit_abs":0.975536,"wins":1,"draws":0,"losses":0,"trades":1,"profit_factor":0.0},{"date":"04/12/2024","date_ts":1733270400000,"profit_abs":0.0,"wins":0,"draws":0,"losses":0,"trades":0,"profit_factor":0.0},{"date":"05/12/2024","date_ts":1733356800000,"profit_abs":0.0,"wins":0,"draws":0,"losses":0,"trades":0,"profit_factor":0.0},{"date":"06/12/2024","date_ts":1733443200000,"profit_abs":0.0,"wins":0,"draws":0,"losses":0,"trades":0,"profit_factor":0.0},{"date":"07/12/2024","date_ts":1733529600000,"profit_abs":0.0,"wins":0,"draws":0,"losses":0,"trades":0,"profit_factor":0.0},{"date":"08/12/2024","date_ts":1733616000000,"profit_abs":0.0,"wins":0,"draws":0,"losses":0,"trades":0,"profit_factor":0.0},{"date":"09/12/2024","date_ts":1733702400000,"profit_abs":0.0,"wins":0,"draws":0,"losses":0,"trades":0,"profit_factor":0.0},{"date":"10/12/2024","date_ts":1733788800000,"profit_abs":2.912656,"wins":3,"draws":0,"losses":0,"trades":3,"profit_factor":0.0},{"date":"11/12/2024","date_ts":1733875200000,"profit_abs":0.0,"wins":0,"draws":0,"losses":0,"trades":0,"profit_factor":0.0},{"date":"12/12/2024","date_ts":1733961600000,"profit_abs":0.0,"wins":0,"draws":0,"losses":0,"trades":0,"profit_factor":0.0},{"date":"13/12/2024","date_ts":1734048000000,"profit_abs":0.0,"wins":0,"draws":0,"losses":0,"trades":0,"profit_factor":0.0},{"date":"14/12/2024","date_ts":1734134400000,"profit_abs":0.0,"wins":0,"draws":0,"losses":0,"trades":0,"profit_factor":0.0},{"date":"15/12/2024","date_ts":1734220800000,"profit_abs":0.0,"wins":0,"draws":0,"losses":0,"trades":0,"profit_factor":0.0},{"date":"16/12/2024","date_ts":1734307200000,"profit_abs":0.0,"wins":0,"draws":0,"losses":0,"trades":0,"profit_factor":0.0},{"date":"17/12/2024","date_ts":1734393600000,"profit_abs":0.0,"wins":0,"draws":0,"losses":0,"trades":0,"profit_factor":0.0},{"date":"18/12/2024","date_ts":1734480000000,"profit_abs":0.0,"wins":0,"draws":0,"losses":0,"trades":0,"profit_factor":0.0},{"date":"19/12/2024","date_ts":1734566400000,"profit_abs":0.0,"wins":0,"draws":0,"losses":0,"trades":0,"profit_factor":0.0},{"date":"20/12/2024","date_ts":1734652800000,"profit_abs":2.967715,"wins":3,"draws":0,"losses":0,"trades":3,"profit_factor":0.0}],"week":[{"date":"02/12/2024","date_ts":1733097600000,"profit_abs":-0.65107101,"wins":4,"draws":0,"losses":3,"trades":7,"profit_factor":0.85555082},{"date":"09/12/2024","date_ts":1733702400000,"profit_abs":0.975536,"wins":1,"draws":0,"losses":0,"trades":1,"profit_factor":0.0},{"date":"16/12/2024","date_ts":1734307200000,"profit_abs":2.912656,"wins":3,"draws":0,"losses":0,"trades":3,"profit_factor":0.0},{"date":"23/12/2024","date_ts":1734912000000,"profit_abs":2.967715,"wins":3,"draws":0,"losses":0,"trades":3,"profit_factor":0.0}],"month":[{"date":"31/12/2024","date_ts":1735603200000,"profit_abs":6.20483599,"wins":11,"draws":0,"losses":3,"trades":14,"profit_factor":2.37662934}],"year":[{"date":"31/12/2024","date_ts":1735603200000,"profit_abs":6.20483599,"wins":11,"draws":0,"losses":3,"trades":14,"profit_factor":2.37662934}],"weekday":[{"date":"Monday","date_ts":0,"profit_abs":-1.61083101,"wins":3,"draws":0,"losses":3,"trades":6,"profit_factor":0.64261469},{"date":"Tuesday","date_ts":1,"profit_abs":3.888192,"wins":4,"draws":0,"losses":0,"trades":4,"profit_factor":0.0},{"date":"Friday","date_ts":4,"profit_abs":2.967715,"wins":3,"draws":0,"losses":0,"trades":3,"profit_factor":0.0},{"date":"Sunday","date_ts":6,"profit_abs":0.95976,"wins":1,"draws":0,"losses":0,"trades":1,"profit_factor":0.0}]},"backtest_best_day":0.029994001199760048,"backtest_worst_day":-0.016147183925514383,"backtest_best_day_abs":2.967715,"backtest_worst_day_abs":-1.61083101,"winning_days":4,"draw_days":15,"losing_days":1,"daily_profit":[["2024-12-01",0.95976],["2024-12-02",-1.61083101],["2024-12-03",0.975536],["2024-12-04",0.0],["2024-12-05",0.0],["2024-12-06",0.0],["2024-12-07",0.0],["2024-12-08",0.0],["2024-12-09",0.0],["2024-12-10",2.912656],["2024-12-11",0.0],["2024-12-12",0.0],["2024-12-13",0.0],["2024-12-14",0.0],["2024-12-15",0.0],["2024-12-16",0.0],["2024-12-17",0.0],["2024-12-18",0.0],["2024-12-19",0.0],["2024-12-20",2.967715]],"wins":11,"losses":3,"draws":0,"winrate":0.7857142857142857,"holding_avg":"0:03:00","holding_avg_s":180.0,"winner_holding_min":"0d 00:00","winner_holding_min_s":0.0,"winner_holding_max":"0d 00:07","winner_holding_max_s":420.0,"winner_holding_avg":"0d 00:02","winner_holding_avg_s":120.0,"loser_holding_min":"0d 00:04","loser_holding_min_s":240.0,"loser_holding_max":"0d 00:04","loser_holding_max_s":240.0,"loser_holding_avg":"0d 00:04","loser_holding_avg_s":240.0,"max_consecutive_wins":9,"max_consecutive_losses":2,"max_drawdown_account":0.003542041500249711,"max_relative_drawdown":0.003542041500249711,"max_drawdown_abs":3.5454410100000002,"drawdown_start":"2024-12-01 15:19:00","drawdown_start_ts":1733066340000.0,"drawdown_end":"2024-12-02 16:27:00","drawdown_end_ts":1733156820000.0,"drawdown_duration":"1 days 01:08:00","drawdown_duration_s":90480.0,"max_drawdown_low":-2.58568101,"max_drawdown_high":0.95976,"csum_min":997.41431899,"csum_max":1006.20483599}},"strategy_comparison":[{"key":"AdaptiveHighRiskStrategy","trades":14,"profit_mean":0.004559772805274696,"profit_mean_pct":0.46,"profit_total_abs":6.20483599,"profit_total":0.00620483599,"profit_total_pct":0.62,"duration_avg":"0:03:00","wins":11,"draws":0,"losses":3,"winrate":0.7857142857142857,"cagr":0.0781632806217698,"expectancy":0.44320257071428576,"expectancy_ratio":0.29499200051670726,"sortino":459.84744796977026,"sharpe":3.8886856811437336,"calmar":111.5582874386899,"sqn":1.5726,"profit_factor":2.3766293357446333,"max_drawdown_account":0.003542041500249711,"max_drawdown_abs":"3.545"}]}