{"strategy":{"FutureMeanRevV1":{"trades":[{"pair":"ETH/USDT:USDT","stake_amount":988.70936,"max_stake_amount":988.70936,"amount":0.412,"open_date":"2024-01-02 10:50:00+00:00","close_date":"2024-01-03 11:20:00+00:00","open_rate":2399.78,"close_rate":2327.7866,"fee_open":0.0002,"fee_close":0.0002,"trade_duration":1470,"profit_ratio":-0.030387922417701125,"profit_abs":-30.05083229,"exit_reason":"stop_loss","initial_stop_loss_abs":2327.7866,"initial_stop_loss_ratio":-0.03,"stop_loss_abs":2327.7866,"stop_loss_ratio":-0.03,"min_rate":2326.57,"max_rate":2405.99,"is_open":false,"enter_tag":"","leverage":1.0,"is_short":false,"open_timestamp":1704192600000,"close_timestamp":1704280800000,"orders":[{"amount":0.412,"safe_price":2399.78,"ft_order_side":"buy","order_filled_timestamp":1704192600000,"ft_is_entry":true,"ft_order_tag":"","cost":988.907101872},{"amount":0.412,"safe_price":2327.7866,"ft_order_side":"sell","order_filled_timestamp":1704280800000,"ft_is_entry":false,"ft_order_tag":"stop_loss","cost":959.2398888158399}],"funding_fees":0.0,"weekday":2},{"pair":"BTC/USDT:USDT","stake_amount":958.95754,"max_stake_amount":958.95754,"amount":0.0214,"open_date":"2024-01-03 11:20:00+00:00","close_date":"2024-01-03 11:55:00+00:00","open_rate":44811.1,"close_rate":43466.767,"fee_open":0.0002,"fee_close":0.0002,"trade_duration":35,"profit_ratio":-0.030387922414724527,"profit_abs":-29.14655547,"exit_reason":"stop_loss","initial_stop_loss_abs":43466.767,"initial_stop_loss_ratio":-0.03,"stop_loss_abs":43466.767,"stop_loss_ratio":-0.03,"min_rate":43400.0,"max_rate":44840.1,"is_open":false,"enter_tag":"","leverage":1.0,"is_short":false,"open_timestamp":1704280800000,"close_timestamp":1704282900000,"orders":[{"amount":0.0214,"safe_price":44811.1,"ft_order_side":"buy","order_filled_timestamp":1704280800000,"ft_is_entry":true,"ft_order_tag":"","cost":959.1493315079998},{"amount":0.0214,"safe_price":43466.767,"ft_order_side":"sell","order_filled_timestamp":1704282900000,"ft_is_entry":false,"ft_order_tag":"stop_loss","cost":930.3748515627599}],"funding_fees":0.0,"weekday":2},{"pair":"BTC/USDT:USDT","stake_amount":930.92076,"max_stake_amount":930.92076,"amount":0.0213,"open_date":"2024-01-03 12:00:00+00:00","close_date":"2024-01-03 12:00:00+00:00","open_rate":43705.2,"close_rate":42394.043999999994,"fee_open":0.0002,"fee_close":0.0002,"trade_duration":0,"profit_ratio":-0.030387922416118332,"profit_abs":-28.29440558,"exit_reason":"stop_loss","initial_stop_loss_abs":42394.043999999994,"initial_stop_loss_ratio":-0.03,"stop_loss_abs":42394.043999999994,"stop_loss_ratio":-0.03,"min_rate":42007.0,"max_rate":43722.0,"is_open":false,"enter_tag":"","leverage":1.0,"is_short":false,"open_timestamp":1704283200000,"close_timestamp":1704283200000,"orders":[{"amount":0.0213,"safe_price":43705.2,"ft_order_side":"buy","order_filled_timestamp":1704283200000,"ft_is_entry":true,"ft_order_tag":"","cost":931.1069441519999},{"amount":0.0213,"safe_price":42394.043999999994,"ft_order_side":"sell","order_filled_timestamp":1704283200000,"ft_is_entry":false,"ft_order_tag":"stop_loss","cost":903.1737358274398}],"funding_fees":0.0,"weekday":2},{"pair":"ETH/USDT:USDT","stake_amount":902.53748,"max_stake_amount":902.53748,"amount":0.391,"open_date":"2024-01-03 12:00:00+00:00","close_date":"2024-01-03 12:00:00+00:00","open_rate":2308.28,"close_rate":2239.0316000000003,"fee_open":0.0002,"fee_close":0.0002,"trade_duration":0,"profit_ratio":-0.03038792241870726,"profit_abs":-27.43172417,"exit_reason":"stop_loss","initial_stop_loss_abs":2239.0316000000003,"initial_stop_loss_ratio":-0.03,"stop_loss_abs":2239.0316000000003,"stop_loss_ratio":-0.03,"min_rate":2184.38,"max_rate":2308.96,"is_open":false,"enter_tag":"","leverage":1.0,"is_short":false,"open_timestamp":1704283200000,"close_timestamp":1704283200000,"orders":[{"amount":0.391,"safe_price":2308.28,"ft_order_side":"buy","order_filled_timestamp":1704283200000,"ft_is_entry":true,"ft_order_tag":"","cost":902.7179874960001},{"amount":0.391,"safe_price":2239.0316000000003,"ft_order_side":"sell","order_filled_timestamp":1704283200000,"ft_is_entry":false,"ft_order_tag":"stop_loss","cost":875.6364478711201}],"funding_fees":0.0,"weekday":2},{"pair":"BTC/USDT:USDT","stake_amount":876.14328,"max_stake_amount":876.14328,"amount":0.0204,"open_date":"2024-01-03 12:05:00+00:00","close_date":"2024-01-03 12:05:00+00:00","open_rate":42948.2,"close_rate":41659.75399999999,"fee_open":0.0002,"fee_close":0.0002,"trade_duration":0,"profit_ratio":-0.03038792241286946,"profit_abs":-26.62949885,"exit_reason":"stop_loss","initial_stop_loss_abs":41659.75399999999,"initial_stop_loss_ratio":-0.03,"stop_loss_abs":41659.75399999999,"stop_loss_ratio":-0.03,"min_rate":40250.7,"max_rate":42984.0,"is_open":false,"enter_tag":"","leverage":1.0,"is_short":false,"open_timestamp":1704283500000,"close_timestamp":1704283500000,"orders":[{"amount":0.0204,"safe_price":42948.2,"ft_order_side":"buy","order_filled_timestamp":1704283500000,"ft_is_entry":true,"ft_order_tag":"","cost":876.318508656},{"amount":0.0204,"safe_price":41659.75399999999,"ft_order_side":"sell","order_filled_timestamp":1704283500000,"ft_is_entry":false,"ft_order_tag":"stop_loss","cost":850.0289533963198}],"funding_fees":0.0,"weekday":2},{"pair":"ETH/USDT:USDT","stake_amount":848.3631,"max_stake_amount":848.3631,"amount":0.377,"open_date":"2024-01-03 12:05:00+00:00","close_date":"2024-01-03 12:05:00+00:00","open_rate":2250.3,"close_rate":2182.791,"fee_open":0.0002,"fee_close":0.0002,"trade_duration":0,"profit_ratio":-0.030387922413866994,"profit_abs":-25.78514806,"exit_reason":"stop_loss","initial_stop_loss_abs":2182.791,"initial_stop_loss_ratio":-0.03,"stop_loss_abs":2182.791,"stop_loss_ratio":-0.03,"min_rate":2057.27,"max_rate":2252.79,"is_open":false,"enter_tag":"","leverage":1.0,"is_short":false,"open_timestamp":1704283500000,"close_timestamp":1704283500000,"orders":[{"amount":0.377,"safe_price":2250.3,"ft_order_side":"buy","order_filled_timestamp":1704283500000,"ft_is_entry":true,"ft_order_tag":"","cost":848.5327726200001},{"amount":0.377,"safe_price":2182.791,"ft_order_side":"sell","order_filled_timestamp":1704283500000,"ft_is_entry":false,"ft_order_tag":"stop_loss","cost":823.0767894414}],"funding_fees":0.0,"weekday":2},{"pair":"BTC/USDT:USDT","stake_amount":820.70058,"max_stake_amount":820.70058,"amount":0.0203,"open_date":"2024-01-03 12:10:00+00:00","close_date":"2024-01-03 12:20:00+00:00","open_rate":40428.6,"close_rate":42466.609041808355,"fee_open":0.0002,"fee_close":0.0002,"trade_duration":10,"profit_ratio":0.04999000199960008,"profit_abs":41.035029,"exit_reason":"roi","initial_stop_loss_abs":39215.742,"initial_stop_loss_ratio":-0.03,"stop_loss_abs":39215.742,"stop_loss_ratio":-0.03,"min_rate":40183.9,"max_rate":42500.0,"is_open":false,"enter_tag":"","leverage":1.0,"is_short":false,"open_timestamp":1704283800000,"close_timestamp":1704284400000,"orders":[{"amount":0.0203,"safe_price":40428.6,"ft_order_side":"buy","order_filled_timestamp":1704283800000,"ft_is_entry":true,"ft_order_tag":"","cost":820.864720116},{"amount":0.0203,"safe_price":42466.609041808355,"ft_order_side":"sell","order_filled_timestamp":1704284400000,"ft_is_entry":false,"ft_order_tag":"roi","cost":862.2445779814193}],"funding_fees":0.0,"weekday":2},{"pair":"ETH/USDT:USDT","stake_amount":864.23848,"max_stake_amount":864.23848,"amount":0.392,"open_date":"2024-01-03 18:50:00+00:00","close_date":"2024-01-08 18:00:00+00:00","open_rate":2204.69,"close_rate":2315.828603720744,"fee_open":0.0002,"fee_close":0.0002,"trade_duration":7150,"profit_ratio":0.04999000199960009,"profit_abs":43.211924,"exit_reason":"roi","initial_stop_loss_abs":2138.5493,"initial_stop_loss_ratio":-0.03,"stop_loss_abs":2138.5493,"stop_loss_ratio":-0.03,"min_rate":2166.0,"max_rate":2318.88,"is_open":false,"enter_tag":"","leverage":1.0,"is_short":false,"open_timestamp":1704307800000,"close_timestamp":1704736800000,"orders":[{"amount":0.392,"safe_price":2204.69,"ft_order_side":"buy","order_filled_timestamp":1704307800000,"ft_is_entry":true,"ft_order_tag":"","cost":864.4113276960001},{"amount":0.392,"safe_price":2315.828603720744,"ft_order_side":"sell","order_filled_timestamp":1704736800000,"ft_is_entry":false,"ft_order_tag":"roi","cost":907.9863736210633}],"funding_fees":0.0,"weekday":0},{"pair":"ETH/USDT:USDT","stake_amount":905.58,"max_stake_amount":905.58,"amount":0.39,"open_date":"2024-01-09 00:30:00+00:00","close_date":"2024-01-09 12:55:00+00:00","open_rate":2322.0,"close_rate":2252.34,"fee_open":0.0002,"fee_close":0.0002,"trade_duration":745,"profit_ratio":-0.030387922415516896,"profit_abs":-27.52419852,"exit_reason":"stop_loss","initial_stop_loss_abs":2252.34,"initial_stop_loss_ratio":-0.03,"stop_loss_abs":2252.34,"stop_loss_ratio":-0.03,"min_rate":2217.9,"max_rate":2324.0,"is_open":false,"enter_tag":"","leverage":1.0,"is_short":false,"open_timestamp":1704760200000,"close_timestamp":1704804900000,"orders":[{"amount":0.39,"safe_price":2322.0,"ft_order_side":"buy","order_filled_timestamp":1704760200000,"ft_is_entry":true,"ft_order_tag":"","cost":905.761116},{"amount":0.39,"safe_price":2252.34,"ft_order_side":"sell","order_filled_timestamp":1704804900000,"ft_is_entry":false,"ft_order_tag":"stop_loss","cost":878.5882825200001}],"funding_fees":0.0,"weekday":1},{"pair":"BTC/USDT:USDT","stake_amount":877.2661,"max_stake_amount":877.2661,"amount":0.019,"open_date":"2024-01-09 13:00:00+00:00","close_date":"2024-01-09 21:10:00+00:00","open_rate":46171.9,"close_rate":48499.42926585317,"fee_open":0.0002,"fee_close":0.0002,"trade_duration":490,"profit_ratio":0.04999000199960008,"profit_abs":43.863305,"exit_reason":"roi","initial_stop_loss_abs":44786.743,"initial_stop_loss_ratio":-0.03,"stop_loss_abs":44786.743,"stop_loss_ratio":-0.03,"min_rate":46054.5,"max_rate":48515.9,"is_open":false,"enter_tag":"","leverage":1.0,"is_short":false,"open_timestamp":1704805200000,"close_timestamp":1704834600000,"orders":[{"amount":0.019,"safe_price":46171.9,"ft_order_side":"buy","order_filled_timestamp":1704805200000,"ft_is_entry":true,"ft_order_tag":"","cost":877.4415532200001},{"amount":0.019,"safe_price":48499.42926585317,"ft_order_side":"sell","order_filled_timestamp":1704834600000,"ft_is_entry":false,"ft_order_tag":"roi","cost":921.6734538824204}],"funding_fees":0.0,"weekday":1},{"pair":"BTC/USDT:USDT","stake_amount":922.64515,"max_stake_amount":922.64515,"amount":0.0203,"open_date":"2024-01-09 22:00:00+00:00","close_date":"2024-01-11 14:05:00+00:00","open_rate":45450.5,"close_rate":47741.66343268654,"fee_open":0.0002,"fee_close":0.0002,"trade_duration":2405,"profit_ratio":0.04999000199960008,"profit_abs":46.1322575,"exit_reason":"roi","initial_stop_loss_abs":44086.985,"initial_stop_loss_ratio":-0.03,"stop_loss_abs":44086.985,"stop_loss_ratio":-0.03,"min_rate":44289.0,"max_rate":47800.0,"is_open":false,"enter_tag":"","leverage":1.0,"is_short":false,"open_timestamp":1704837600000,"close_timestamp":1704981900000,"orders":[{"amount":0.0203,"safe_price":45450.5,"ft_order_side":"buy","order_filled_timestamp":1704837600000,"ft_is_entry":true,"ft_order_tag":"","cost":922.82967903},{"amount":0.0203,"safe_price":47741.66343268654,"ft_order_side":"sell","order_filled_timestamp":1704981900000,"ft_is_entry":false,"ft_order_tag":"roi","cost":969.3495988370734}],"funding_fees":0.0,"weekday":3},{"pair":"BTC/USDT:USDT","stake_amount":967.97961,"max_stake_amount":967.97961,"amount":0.0207,"open_date":"2024-01-11 15:50:00+00:00","close_date":"2024-01-12 14:40:00+00:00","open_rate":46762.3,"close_rate":45359.431000000004,"fee_open":0.0002,"fee_close":0.0002,"trade_duration":1370,"profit_ratio":-0.030387922419297213,"profit_abs":-29.42077227,"exit_reason":"stop_loss","initial_stop_loss_abs":45359.431000000004,"initial_stop_loss_ratio":-0.03,"stop_loss_abs":45359.431000000004,"stop_loss_ratio":-0.03,"min_rate":45303.5,"max_rate":47036.0,"is_open":false,"enter_tag":"","leverage":1.0,"is_short":false,"open_timestamp":1704988200000,"close_timestamp":1705070400000,"orders":[{"amount":0.0207,"safe_price":46762.3,"ft_order_side":"buy","order_filled_timestamp":1704988200000,"ft_is_entry":true,"ft_order_tag":"","cost":968.1732059220001},{"amount":0.0207,"safe_price":45359.431000000004,"ft_order_side":"sell","order_filled_timestamp":1705070400000,"ft_is_entry":false,"ft_order_tag":"stop_loss","cost":939.12800974434}],"funding_fees":0.0,"weekday":4},{"pair":"BTC/USDT:USDT","stake_amount":938.0412,"max_stake_amount":938.0412,"amount":0.0207,"open_date":"2024-01-12 14:45:00+00:00","close_date":"2024-01-12 16:20:00+00:00","open_rate":45316.0,"close_rate":43956.52,"fee_open":0.0002,"fee_close":0.0002,"trade_duration":95,"profit_ratio":-0.03038792241253255,"profit_abs":-28.51082423,"exit_reason":"stop_loss","initial_stop_loss_abs":43956.52,"initial_stop_loss_ratio":-0.03,"stop_loss_abs":43956.52,"stop_loss_ratio":-0.03,"min_rate":43800.8,"max_rate":45617.1,"is_open":false,"enter_tag":"","leverage":1.0,"is_short":false,"open_timestamp":1705070700000,"close_timestamp":1705076400000,"orders":[{"amount":0.0207,"safe_price":45316.0,"ft_order_side":"buy","order_filled_timestamp":1705070700000,"ft_is_entry":true,"ft_order_tag":"","cost":938.22880824},{"amount":0.0207,"safe_price":43956.52,"ft_order_side":"sell","order_filled_timestamp":1705076400000,"ft_is_entry":false,"ft_order_tag":"stop_loss","cost":910.0819439927999}],"funding_fees":0.0,"weekday":4},{"pair":"BTC/USDT:USDT","stake_amount":910.52313,"max_stake_amount":910.52313,"amount":0.0209,"open_date":"2024-01-12 16:40:00+00:00","close_date":"2024-01-12 22:00:00+00:00","open_rate":43565.7,"close_rate":42258.729,"fee_open":0.0002,"fee_close":0.0002,"trade_duration":320,"profit_ratio":-0.030387922411981176,"profit_abs":-27.67444001,"exit_reason":"stop_loss","initial_stop_loss_abs":42258.729,"initial_stop_loss_ratio":-0.03,"stop_loss_abs":42258.729,"stop_loss_ratio":-0.03,"min_rate":41773.9,"max_rate":43977.0,"is_open":false,"enter_tag":"","leverage":1.0,"is_short":false,"open_timestamp":1705077600000,"close_timestamp":1705096800000,"orders":[{"amount":0.0209,"safe_price":43565.7,"ft_order_side":"buy","order_filled_timestamp":1705077600000,"ft_is_entry":true,"ft_order_tag":"","cost":910.7052346259999},{"amount":0.0209,"safe_price":42258.729,"ft_order_side":"sell","order_filled_timestamp":1705096800000,"ft_is_entry":false,"ft_order_tag":"stop_loss","cost":883.3840775872198}],"funding_fees":0.0,"weekday":4},{"pair":"BTC/USDT:USDT","stake_amount":883.81488,"max_stake_amount":883.81488,"amount":0.0208,"open_date":"2024-01-12 22:05:00+00:00","close_date":"2024-01-18 19:50:00+00:00","open_rate":42491.1,"close_rate":41216.367,"fee_open":0.0002,"fee_close":0.0002,"trade_duration":8505,"profit_ratio":-0.030387922412439945,"profit_abs":-26.86266946,"exit_reason":"stop_loss","initial_stop_loss_abs":41216.367,"initial_stop_loss_ratio":-0.03,"stop_loss_abs":41216.367,"stop_loss_ratio":-0.03,"min_rate":41123.6,"max_rate":43604.1,"is_open":false,"enter_tag":"","leverage":1.0,"is_short":false,"open_timestamp":1705097100000,"close_timestamp":1705607400000,"orders":[{"amount":0.0208,"safe_price":42491.1,"ft_order_side":"buy","order_filled_timestamp":1705097100000,"ft_is_entry":true,"ft_order_tag":"","cost":883.9916429759999},{"amount":0.0208,"safe_price":41216.367,"ft_order_side":"sell","order_filled_timestamp":1705607400000,"ft_is_entry":false,"ft_order_tag":"stop_loss","cost":857.4718936867199}],"funding_fees":0.0,"weekday":3},{"pair":"BTC/USDT:USDT","stake_amount":856.1696,"max_stake_amount":856.1696,"amount":0.0208,"open_date":"2024-01-18 19:55:00+00:00","close_date":"2024-01-22 18:45:00+00:00","open_rate":41162.0,"close_rate":39927.14,"fee_open":0.0002,"fee_close":0.0002,"trade_duration":5690,"profit_ratio":-0.03038792241271427,"profit_abs":-26.02241882,"exit_reason":"stop_loss","initial_stop_loss_abs":39927.14,"initial_stop_loss_ratio":-0.03,"stop_loss_abs":39927.14,"stop_loss_ratio":-0.03,"min_rate":39614.0,"max_rate":42195.0,"is_open":false,"enter_tag":"","leverage":1.0,"is_short":false,"open_timestamp":1705607700000,"close_timestamp":1705949100000,"orders":[{"amount":0.0208,"safe_price":41162.0,"ft_order_side":"buy","order_filled_timestamp":1705607700000,"ft_is_entry":true,"ft_order_tag":"","cost":856.3408339199999},{"amount":0.0208,"safe_price":39927.14,"ft_order_side":"sell","order_filled_timestamp":1705949100000,"ft_is_entry":false,"ft_order_tag":"stop_loss","cost":830.6506089024}],"funding_fees":0.0,"weekday":0},{"pair":"BTC/USDT:USDT","stake_amount":829.9946,"max_stake_amount":829.9946,"amount":0.0206,"open_date":"2024-01-22 18:50:00+00:00","close_date":"2024-01-23 09:10:00+00:00","open_rate":40291.0,"close_rate":39082.27,"fee_open":0.0002,"fee_close":0.0002,"trade_duration":860,"profit_ratio":-0.030387922412625893,"profit_abs":-25.22685587,"exit_reason":"stop_loss","initial_stop_loss_abs":39082.27,"initial_stop_loss_ratio":-0.03,"stop_loss_abs":39082.27,"stop_loss_ratio":-0.03,"min_rate":39073.4,"max_rate":40595.5,"is_open":false,"enter_tag":"","leverage":1.0,"is_short":false,"open_timestamp":1705949400000,"close_timestamp":1706001000000,"orders":[{"amount":0.0206,"safe_price":40291.0,"ft_order_side":"buy","order_filled_timestamp":1705949400000,"ft_is_entry":true,"ft_order_tag":"","cost":830.16059892},{"amount":0.0206,"safe_price":39082.27,"ft_order_side":"sell","order_filled_timestamp":1706001000000,"ft_is_entry":false,"ft_order_tag":"stop_loss","cost":805.2557809524}],"funding_fees":0.0,"weekday":1},{"pair":"ETH/USDT:USDT","stake_amount":805.66152,"max_stake_amount":805.66152,"amount":0.354,"open_date":"2024-01-23 09:10:00+00:00","close_date":"2024-01-23 11:45:00+00:00","open_rate":2275.88,"close_rate":2207.6036,"fee_open":0.0002,"fee_close":0.0002,"trade_duration":155,"profit_ratio":-0.030387922416906778,"profit_abs":-24.48727624,"exit_reason":"stop_loss","initial_stop_loss_abs":2207.6036,"initial_stop_loss_ratio":-0.03,"stop_loss_abs":2207.6036,"stop_loss_ratio":-0.03,"min_rate":2203.87,"max_rate":2279.98,"is_open":false,"enter_tag":"","leverage":1.0,"is_short":false,"open_timestamp":1706001000000,"close_timestamp":1706010300000,"orders":[{"amount":0.354,"safe_price":2275.88,"ft_order_side":"buy","order_filled_timestamp":1706001000000,"ft_is_entry":true,"ft_order_tag":"","cost":805.822652304},{"amount":0.354,"safe_price":2207.6036,"ft_order_side":"sell","order_filled_timestamp":1706010300000,"ft_is_entry":false,"ft_order_tag":"stop_loss","cost":781.64797273488}],"funding_fees":0.0,"weekday":1},{"pair":"BTC/USDT:USDT","stake_amount":782.7803,"max_stake_amount":782.7803,"amount":0.0202,"open_date":"2024-01-23 11:45:00+00:00","close_date":"2024-01-26 10:40:00+00:00","open_rate":38751.5,"close_rate":40704.96629325865,"fee_open":0.0002,"fee_close":0.0002,"trade_duration":4255,"profit_ratio":0.04999000199960008,"profit_abs":39.139015,"exit_reason":"roi","initial_stop_loss_abs":37588.955,"initial_stop_loss_ratio":-0.03,"stop_loss_abs":37588.955,"stop_loss_ratio":-0.03,"min_rate":38550.6,"max_rate":40755.7,"is_open":false,"enter_tag":"","leverage":1.0,"is_short":false,"open_timestamp":1706010300000,"close_timestamp":1706265600000,"orders":[{"amount":0.0202,"safe_price":38751.5,"ft_order_side":"buy","order_filled_timestamp":1706010300000,"ft_is_entry":true,"ft_order_tag":"","cost":782.93685606},{"amount":0.0202,"safe_price":40704.96629325865,"ft_order_side":"sell","order_filled_timestamp":1706265600000,"ft_is_entry":false,"ft_order_tag":"roi","cost":822.4047671876494}],"funding_fees":0.0,"weekday":4},{"pair":"ETH/USDT:USDT","stake_amount":821.39148,"max_stake_amount":821.39148,"amount":0.364,"open_date":"2024-01-26 19:35:00+00:00","close_date":"2024-01-30 17:00:00+00:00","open_rate":2256.57,"close_rate":2370.3238787757555,"fee_open":0.0002,"fee_close":0.0002,"trade_duration":5605,"profit_ratio":0.04999000199960008,"profit_abs":41.069574,"exit_reason":"roi","initial_stop_loss_abs":2188.8729000000003,"initial_stop_loss_ratio":-0.03,"stop_loss_abs":2188.8729000000003,"stop_loss_ratio":-0.03,"min_rate":2233.05,"max_rate":2375.72,"is_open":false,"enter_tag":"","leverage":1.0,"is_short":false,"open_timestamp":1706297700000,"close_timestamp":1706634000000,"orders":[{"amount":0.364,"safe_price":2256.57,"ft_order_side":"buy","order_filled_timestamp":1706297700000,"ft_is_entry":true,"ft_order_tag":"","cost":821.555758296},{"amount":0.364,"safe_price":2370.3238787757555,"ft_order_side":"sell","order_filled_timestamp":1706634000000,"ft_is_entry":false,"ft_order_tag":"roi","cost":862.9704514527498}],"funding_fees":0.0,"weekday":1},{"pair":"BTC/USDT:USDT","stake_amount":862.03019,"max_stake_amount":862.03019,"amount":0.0199,"open_date":"2024-01-30 23:00:00+00:00","close_date":"2024-01-31 00:00:00+00:00","open_rate":43318.1,"close_rate":42942.2,"fee_open":0.0002,"fee_close":0.0002,"trade_duration":60,"profit_ratio":-0.009074115557006724,"profit_abs":-7.82372599,"exit_reason":"force_exit","initial_stop_loss_abs":42018.557,"initial_stop_loss_ratio":-0.03,"stop_loss_abs":42018.557,"stop_loss_ratio":-0.03,"min_rate":42684.4,"max_rate":43353.2,"is_open":false,"enter_tag":"","leverage":1.0,"is_short":false,"open_timestamp":1706655600000,"close_timestamp":1706659200000,"orders":[{"amount":0.0199,"safe_price":43318.1,"ft_order_side":"buy","order_filled_timestamp":1706655600000,"ft_is_entry":true,"ft_order_tag":"","cost":862.202596038},{"amount":0.0199,"safe_price":42942.2,"ft_order_side":"sell","order_filled_timestamp":1706659200000,"ft_is_entry":false,"ft_order_tag":"force_exit","cost":854.7206899559999}],"funding_fees":0.0,"weekday":2}],"locks":[],"best_pair":{"key":"ETH/USDT:USDT","trades":7,"profit_mean":-0.007422801154785555,"profit_mean_pct":-0.74,"profit_total_abs":-50.99768127999998,"profit_total":-0.05099768127999998,"profit_total_pct":-5.1,"duration_avg":"1 day, 12:01:00","wins":2,"draws":0,"losses":5,"winrate":0.2857142857142857,"cagr":-0.4945680715879178,"expectancy":-7.285383039999999,"expectancy_ratio":-0.2692721481152972,"sortino":-18.57694574463159,"sharpe":-1.1115355701210805,"calmar":-37.79493782077184,"sqn":-0.57,"profit_factor":0.623018992638584,"max_drawdown_account":0.09206725527999993,"max_drawdown_abs":92.06725527999998},"worst_pair":{"key":"BTC/USDT:USDT","trades":14,"profit_mean":-0.005900386377422126,"profit_mean_pct":-0.59,"profit_total_abs":-85.44256004999998,"profit_total":-0.08544256004999998,"profit_total_pct":-8.54,"duration_avg":"1 day, 4:41:00","wins":4,"draws":0,"losses":10,"winrate":0.2857142857142857,"cagr":-0.6878541895716559,"expectancy":-6.103040003571431,"expectancy_ratio":-0.2387617180333872,"sortino":-9.634388647245066,"sharpe":-1.867316899131879,"calmar":-37.28176098859739,"sqn":-0.7048,"profit_factor":0.665733594753258,"max_drawdown_account":0.15637460846746923,"max_drawdown_abs":163.71798066000002},"results_per_pair":[{"key":"ETH/USDT:USDT","trades":7,"profit_mean":-0.007422801154785555,"profit_mean_pct":-0.74,"profit_total_abs":-50.99768127999998,"profit_total":-0.05099768127999998,"profit_total_pct":-5.1,"duration_avg":"1 day, 12:01:00","wins":2,"draws":0,"losses":5,"winrate":0.2857142857142857,"cagr":-0.4945680715879178,"expectancy":-7.285383039999999,"expectancy_ratio":-0.2692721481152972,"sortino":-18.57694574463159,"sharpe":-1.1115355701210805,"calmar":-37.79493782077184,"sqn":-0.57,"profit_factor":0.623018992638584,"max_drawdown_account":0.09206725527999993,"max_drawdown_abs":92.06725527999998},{"key":"BTC/USDT:USDT","trades":14,"profit_mean":-0.005900386377422126,"profit_mean_pct":-0.59,"profit_total_abs":-85.44256004999998,"profit_total":-0.08544256004999998,"profit_total_pct":-8.54,"duration_avg":"1 day, 4:41:00","wins":4,"draws":0,"losses":10,"winrate":0.2857142857142857,"cagr":-0.6878541895716559,"expectancy":-6.103040003571431,"expectancy_ratio":-0.2387617180333872,"sortino":-9.634388647245066,"sharpe":-1.867316899131879,"calmar":-37.28176098859739,"sqn":-0.7048,"profit_factor":0.665733594753258,"max_drawdown_account":0.15637460846746923,"max_drawdown_abs":163.71798066000002},{"key":"TOTAL","trades":21,"profit_mean":-0.006407857969876602,"profit_mean_pct":-0.64,"profit_total_abs":-136.44024133,"profit_total":-0.13644024133,"profit_total_pct":-13.64,"duration_avg":"1 day, 7:08:00","wins":6,"draws":0,"losses":15,"winrate":0.2857142857142857,"cagr":-0.8522505475097866,"expectancy":-6.4971543490476265,"expectancy_ratio":-0.24932072883010015,"sortino":-18.230664448519242,"sharpe":-2.9786961373086993,"calmar":-44.58083234594694,"sqn":-0.9297,"profit_factor":0.6509509796378599,"max_drawdown_account":0.20882510433999993,"max_drawdown_abs":208.82510433999997}],"results_per_enter_tag":[{"key":"","trades":21,"profit_mean":-0.006407857969876602,"profit_mean_pct":-0.64,"profit_total_abs":-136.44024133,"profit_total":-0.13644024133,"profit_total_pct":-13.64,"duration_avg":"1 day, 7:08:00","wins":6,"draws":0,"losses":15,"winrate":0.2857142857142857,"cagr":-0.8522505475097866,"expectancy":-6.4971543490476265,"expectancy_ratio":-0.24932072883010015,"sortino":-18.230664448519242,"sharpe":-2.9786961373086993,"calmar":-44.58083234594694,"sqn":-0.9297,"profit_factor":0.6509509796378599,"max_drawdown_account":0.20882510433999993,"max_drawdown_abs":208.82510433999997},{"key":"TOTAL","trades":21,"profit_mean":-0.006407857969876602,"profit_mean_pct":-0.64,"profit_total_abs":-136.44024133,"profit_total":-0.13644024133,"profit_total_pct":-13.64,"duration_avg":"1 day, 7:08:00","wins":6,"draws":0,"losses":15,"winrate":0.2857142857142857,"cagr":-0.8522505475097866,"expectancy":-6.4971543490476265,"expectancy_ratio":-0.24932072883010015,"sortino":-18.230664448519242,"sharpe":-2.9786961373086993,"calmar":-44.58083234594694,"sqn":-0.9297,"profit_factor":0.6509509796378599,"max_drawdown_account":0.20882510433999993,"max_drawdown_abs":208.82510433999997}],"exit_reason_summary":[{"key":"roi","trades":6,"profit_mean":0.04999000199960008,"profit_mean_pct":5.0,"profit_total_abs":254.45110449999999,"profit_total":0.25445110449999997,"profit_total_pct":25.45,"duration_avg":"2 days, 7:19:00","wins":6,"draws":0,"losses":0,"winrate":1.0,"cagr":18.20502168236909,"expectancy":42.40851741666666,"expectancy_ratio":100.0,"sortino":-100,"sharpe":76.38508536394939,"calmar":-100,"sqn":41.7209,"profit_factor":0.0,"max_drawdown_account":0.0,"max_drawdown_abs":0.0},{"key":"force_exit","trades":1,"profit_mean":-0.009074115557006724,"profit_mean_pct":-0.91,"profit_total_abs":-7.82372599,"profit_total":-0.00782372599,"profit_total_pct":-0.78,"duration_avg":"1:00:00","wins":0,"draws":0,"losses":1,"winrate":0.0,"cagr":-0.0973215794198602,"expectancy":-7.82372599,"expectancy_ratio":-1.0,"sortino":-100,"sharpe":-100,"calmar":-68.23204705193895,"sqn":-100.0,"profit_factor":0.0,"max_drawdown_account":0.007823725989999957,"max_drawdown_abs":7.82372599},{"key":"stop_loss","trades":14,"profit_mean":-0.030387922414857316,"profit_mean_pct":-3.04,"profit_total_abs":-383.06761984,"profit_total":-0.38306761984000004,"profit_total_pct":-38.31,"duration_avg":"22:55:00","wins":0,"draws":0,"losses":14,"winrate":0.0,"cagr":-0.9981566965711002,"expectancy":-27.361972845714288,"expectancy_ratio":-1.0,"sortino":-165.63800191096686,"sharpe":-165.63800191096686,"calmar":-68.23204705193857,"sqn":-62.5195,"profit_factor":0.0,"max_drawdown_account":0.38306761984000004,"max_drawdown_abs":383.06761984},{"key":"TOTAL","trades":21,"profit_mean":-0.006407857969876602,"profit_mean_pct":-0.64,"profit_total_abs":-136.44024133,"profit_total":-0.13644024133,"profit_total_pct":-13.64,"duration_avg":"1 day, 7:08:00","wins":6,"draws":0,"losses":15,"winrate":0.2857142857142857,"cagr":-0.8522505475097866,"expectancy":-6.4971543490476265,"expectancy_ratio":-0.24932072883010015,"sortino":-18.230664448519242,"sharpe":-2.9786961373086993,"calmar":-44.58083234594694,"sqn":-0.9297,"profit_factor":0.6509509796378599,"max_drawdown_account":0.20882510433999993,"max_drawdown_abs":208.82510433999997}],"mix_tag_stats":[{"key":["","roi"],"trades":6,"profit_mean":0.04999000199960008,"profit_mean_pct":5.0,"profit_total_abs":254.45110449999999,"profit_total":0.25445110449999997,"profit_total_pct":25.45,"duration_avg":"2 days, 7:19:00","wins":6,"draws":0,"losses":0,"winrate":1.0,"cagr":18.20502168236909,"expectancy":42.40851741666666,"expectancy_ratio":100.0,"sortino":-100,"sharpe":76.38508536394939,"calmar":-100,"sqn":41.7209,"profit_factor":0.0,"max_drawdown_account":0.0,"max_drawdown_abs":0.0},{"key":["","force_exit"],"trades":1,"profit_mean":-0.009074115557006724,"profit_mean_pct":-0.91,"profit_total_abs":-7.82372599,"profit_total":-0.00782372599,"profit_total_pct":-0.78,"duration_avg":"1:00:00","wins":0,"draws":0,"losses":1,"winrate":0.0,"cagr":-0.0973215794198602,"expectancy":-7.82372599,"expectancy_ratio":-1.0,"sortino":-100,"sharpe":-100,"calmar":-68.23204705193895,"sqn":-100.0,"profit_factor":0.0,"max_drawdown_account":0.007823725989999957,"max_drawdown_abs":7.82372599},{"key":["","stop_loss"],"trades":14,"profit_mean":-0.030387922414857316,"profit_mean_pct":-3.04,"profit_total_abs":-383.06761984,"profit_total":-0.38306761984000004,"profit_total_pct":-38.31,"duration_avg":"22:55:00","wins":0,"draws":0,"losses":14,"winrate":0.0,"cagr":-0.9981566965711002,"expectancy":-27.361972845714288,"expectancy_ratio":-1.0,"sortino":-165.63800191096686,"sharpe":-165.63800191096686,"calmar":-68.23204705193857,"sqn":-62.5195,"profit_factor":0.0,"max_drawdown_account":0.38306761984000004,"max_drawdown_abs":383.06761984},{"key":"TOTAL","trades":21,"profit_mean":-0.006407857969876602,"profit_mean_pct":-0.64,"profit_total_abs":-136.44024133,"profit_total":-0.13644024133,"profit_total_pct":-13.64,"duration_avg":"1 day, 7:08:00","wins":6,"draws":0,"losses":15,"winrate":0.2857142857142857,"cagr":-0.8522505475097866,"expectancy":-6.4971543490476265,"expectancy_ratio":-0.24932072883010015,"sortino":-18.230664448519242,"sharpe":-2.9786961373086993,"calmar":-44.58083234594694,"sqn":-0.9297,"profit_factor":0.6509509796378599,"max_drawdown_account":0.20882510433999993,"max_drawdown_abs":208.82510433999997}],"left_open_trades":[{"key":"BTC/USDT:USDT","trades":1,"profit_mean":-0.009074115557006724,"profit_mean_pct":-0.91,"profit_total_abs":-7.82372599,"profit_total":-0.00782372599,"profit_total_pct":-0.78,"duration_avg":"1:00:00","wins":0,"draws":0,"losses":1,"winrate":0.0,"cagr":-0.0973215794198602,"expectancy":-7.82372599,"expectancy_ratio":-1.0,"sortino":-100,"sharpe":-100,"calmar":-68.23204705193895,"sqn":-100.0,"profit_factor":0.0,"max_drawdown_account":0.007823725989999957,"max_drawdown_abs":7.82372599},{"key":"TOTAL","trades":1,"profit_mean":-0.009074115557006724,"profit_mean_pct":-0.91,"profit_total_abs":-7.82372599,"profit_total":-0.00782372599,"profit_total_pct":-0.78,"duration_avg":"1:00:00","wins":0,"draws":0,"losses":1,"winrate":0.0,"cagr":-0.0973215794198602,"expectancy":-7.82372599,"expectancy_ratio":-1.0,"sortino":-100,"sharpe":-100,"calmar":-68.23204705193895,"sqn":-100.0,"profit_factor":0.0,"max_drawdown_account":0.007823725989999957,"max_drawdown_abs":7.82372599}],"total_trades":21,"trade_count_long":21,"trade_count_short":0,"total_volume":36987.24837962201,"avg_stake_amount":883.545159047619,"profit_mean":-0.006407857969876602,"profit_median":-0.030387922412625893,"profit_total":-0.13644024133,"profit_total_long":-0.13644024133,"profit_total_short":0.0,"profit_total_abs":-136.44024133,"profit_total_long_abs":-136.44024133,"profit_total_short_abs":0.0,"cagr":-0.8522505475097866,"expectancy":-6.4971543490476265,"expectancy_ratio":-0.24932072883010015,"sortino":-18.230664448519242,"sharpe":-2.9786961373086993,"calmar":-44.58083234594694,"sqn":-0.9297,"profit_factor":0.6509509796378599,"backtest_start":"2024-01-02 01:00:00","backtest_start_ts":1704157200000,"backtest_end":"2024-01-31 00:00:00","backtest_end_ts":1706659200000,"backtest_days":28,"backtest_run_start_ts":1768470572,"backtest_run_end_ts":1768470573,"trades_per_day":0.75,"market_change":-0.03404607213420861,"pairlist":["BTC/USDT:USDT","ETH/USDT:USDT"],"stake_amount":"unlimited","stake_currency":"USDT","stake_currency_decimals":3,"starting_balance":1000,"dry_run_wallet":1000,"final_balance":863.5597586700001,"rejected_signals":350,"timedout_entry_orders":0,"timedout_exit_orders":0,"canceled_trade_entries":0,"canceled_entry_orders":0,"replaced_entry_orders":0,"max_open_trades":1,"max_open_trades_setting":1,"timeframe":"5m","timeframe_detail":"","timerange":"20240101-20240131","enable_protections":false,"strategy_name":"FutureMeanRevV1","freqaimodel":null,"freqai_identifier":null,"stoploss":-0.03,"trailing_stop":false,"trailing_stop_positive":0.01,"trailing_stop_positive_offset":0.02,"trailing_only_offset_is_reached":false,"use_custom_stoploss":false,"minimal_roi":{"0":0.05},"use_exit_signal":true,"exit_profit_only":false,"exit_profit_offset":0.0,"ignore_roi_if_entry_signal":false,"trading_mode":"futures","margin_mode":"isolated","periodic_breakdown":{"day":[{"date":"03/01/2024","date_ts":1704240000000,"profit_abs":-126.30313542,"wins":1,"draws":0,"losses":6,"trades":7,"profit_factor":0.24522218},{"date":"04/01/2024","date_ts":1704326400000,"profit_abs":0.0,"wins":0,"draws":0,"losses":0,"trades":0,"profit_factor":0.0},{"date":"05/01/2024","date_ts":1704412800000,"profit_abs":0.0,"wins":0,"draws":0,"losses":0,"trades":0,"profit_factor":0.0},{"date":"06/01/2024","date_ts":1704499200000,"profit_abs":0.0,"wins":0,"draws":0,"losses":0,"trades":0,"profit_factor":0.0},{"date":"07/01/2024","date_ts":1704585600000,"profit_abs":0.0,"wins":0,"draws":0,"losses":0,"trades":0,"profit_factor":0.0},{"date":"08/01/2024","date_ts":1704672000000,"profit_abs":43.211924,"wins":1,"draws":0,"losses":0,"trades":1,"profit_factor":0.0},{"date":"09/01/2024","date_ts":1704758400000,"profit_abs":16.33910648,"wins":1,"draws":0,"losses":1,"trades":2,"profit_factor":1.59362697},{"date":"10/01/2024","date_ts":1704844800000,"profit_abs":0.0,"wins":0,"draws":0,"losses":0,"trades":0,"profit_factor":0.0},{"date":"11/01/2024","date_ts":1704931200000,"profit_abs":46.1322575,"wins":1,"draws":0,"losses":0,"trades":1,"profit_factor":0.0},{"date":"12/01/2024","date_ts":1705017600000,"profit_abs":-85.60603651,"wins":0,"draws":0,"losses":3,"trades":3,"profit_factor":0.0},{"date":"13/01/2024","date_ts":1705104000000,"profit_abs":0.0,"wins":0,"draws":0,"losses":0,"trades":0,"profit_factor":0.0},{"date":"14/01/2024","date_ts":1705190400000,"profit_abs":0.0,"wins":0,"draws":0,"losses":0,"trades":0,"profit_factor":0.0},{"date":"15/01/2024","date_ts":1705276800000,"profit_abs":0.0,"wins":0,"draws":0,"losses":0,"trades":0,"profit_factor":0.0},{"date":"16/01/2024","date_ts":1705363200000,"profit_abs":0.0,"wins":0,"draws":0,"losses":0,"trades":0,"profit_factor":0.0},{"date":"17/01/2024","date_ts":1705449600000,"profit_abs":0.0,"wins":0,"draws":0,"losses":0,"trades":0,"profit_factor":0.0},{"date":"18/01/2024","date_ts":1705536000000,"profit_abs":-26.86266946,"wins":0,"draws":0,"losses":1,"trades":1,"profit_factor":0.0},{"date":"19/01/2024","date_ts":1705622400000,"profit_abs":0.0,"wins":0,"draws":0,"losses":0,"trades":0,"profit_factor":0.0},{"date":"20/01/2024","date_ts":1705708800000,"profit_abs":0.0,"wins":0,"draws":0,"losses":0,"trades":0,"profit_factor":0.0},{"date":"21/01/2024","date_ts":1705795200000,"profit_abs":0.0,"wins":0,"draws":0,"losses":0,"trades":0,"profit_factor":0.0},{"date":"22/01/2024","date_ts":1705881600000,"profit_abs":-26.02241882,"wins":0,"draws":0,"losses":1,"trades":1,"profit_factor":0.0},{"date":"23/01/2024","date_ts":1705968000000,"profit_abs":-49.71413211,"wins":0,"draws":0,"losses":2,"trades":2,"profit_factor":0.0},{"date":"24/01/2024","date_ts":1706054400000,"profit_abs":0.0,"wins":0,"draws":0,"losses":0,"trades":0,"profit_factor":0.0},{"date":"25/01/2024","date_ts":1706140800000,"profit_abs":0.0,"wins":0,"draws":0,"losses":0,"trades":0,"profit_factor":0.0},{"date":"26/01/2024","date_ts":1706227200000,"profit_abs":39.139015,"wins":1,"draws":0,"losses":0,"trades":1,"profit_factor":0.0},{"date":"27/01/2024","date_ts":1706313600000,"profit_abs":0.0,"wins":0,"draws":0,"losses":0,"trades":0,"profit_factor":0.0},{"date":"28/01/2024","date_ts":1706400000000,"profit_abs":0.0,"wins":0,"draws":0,"losses":0,"trades":0,"profit_factor":0.0},{"date":"29/01/2024","date_ts":1706486400000,"profit_abs":0.0,"wins":0,"draws":0,"losses":0,"trades":0,"profit_factor":0.0},{"date":"30/01/2024","date_ts":1706572800000,"profit_abs":41.069574,"wins":1,"draws":0,"losses":0,"trades":1,"profit_factor":0.0},{"date":"31/01/2024","date_ts":1706659200000,"profit_abs":-7.82372599,"wins":0,"draws":0,"losses":1,"trades":1,"profit_factor":0.0}],"week":[{"date":"08/01/2024","date_ts":1704672000000,"profit_abs":-83.09121142,"wins":2,"draws":0,"losses":6,"trades":8,"profit_factor":0.50345331},{"date":"15/01/2024","date_ts":1705276800000,"profit_abs":-23.13467253,"wins":2,"draws":0,"losses":4,"trades":6,"profit_factor":0.79550407},{"date":"22/01/2024","date_ts":1705881600000,"profit_abs":-52.88508828,"wins":0,"draws":0,"losses":2,"trades":2,"profit_factor":0.0},{"date":"29/01/2024","date_ts":1706486400000,"profit_abs":-10.57511711,"wins":1,"draws":0,"losses":2,"trades":3,"profit_factor":0.78728147},{"date":"05/02/2024","date_ts":1707091200000,"profit_abs":33.24584801,"wins":1,"draws":0,"losses":1,"trades":2,"profit_factor":5.24936252}],"month":[{"date":"31/01/2024","date_ts":1706659200000,"profit_abs":-136.44024133,"wins":6,"draws":0,"losses":15,"trades":21,"profit_factor":0.65095098}],"year":[{"date":"31/12/2024","date_ts":1735603200000,"profit_abs":-136.44024133,"wins":6,"draws":0,"losses":15,"trades":21,"profit_factor":0.65095098}],"weekday":[{"date":"Monday","date_ts":0,"profit_abs":17.18950518,"wins":1,"draws":0,"losses":1,"trades":2,"profit_factor":1.66056523},{"date":"Tuesday","date_ts":1,"profit_abs":7.69454837,"wins":2,"draws":0,"losses":3,"trades":5,"profit_factor":1.09962085},{"date":"Wednesday","date_ts":2,"profit_abs":-134.12686141,"wins":1,"draws":0,"losses":7,"trades":8,"profit_factor":0.23426916},{"date":"Thursday","date_ts":3,"profit_abs":19.26958804,"wins":1,"draws":0,"losses":1,"trades":2,"profit_factor":1.71733705},{"date":"Friday","date_ts":4,"profit_abs":-46.46702151,"wins":1,"draws":0,"losses":3,"trades":4,"profit_factor":0.45719924}]},"backtest_best_day":0.04999000199960009,"backtest_worst_day":-0.13233753249438762,"backtest_best_day_abs":46.1322575,"backtest_worst_day_abs":-126.30313542,"winning_days":5,"draw_days":18,"losing_days":6,"daily_profit":[["2024-01-03",-126.30313542],["2024-01-04",0.0],["2024-01-05",0.0],["2024-01-06",0.0],["2024-01-07",0.0],["2024-01-08",43.211924],["2024-01-09",16.33910648],["2024-01-10",0.0],["2024-01-11",46.1322575],["2024-01-12",-85.60603651],["2024-01-13",0.0],["2024-01-14",0.0],["2024-01-15",0.0],["2024-01-16",0.0],["2024-01-17",0.0],["2024-01-18",-26.86266946],["2024-01-19",0.0],["2024-01-20",0.0],["2024-01-21",0.0],["2024-01-22",-26.02241882],["2024-01-23",-49.71413211],["2024-01-24",0.0],["2024-01-25",0.0],["2024-01-26",39.139015],["2024-01-27",0.0],["2024-01-28",0.0],["2024-01-29",0.0],["2024-01-30",41.069574],["2024-01-31",-7.82372599]],"wins":6,"losses":15,"draws":0,"winrate":0.2857142857142857,"holding_avg":"1 day, 7:08:00","holding_avg_s":112080.0,"winner_holding_min":"0d 00:10","winner_holding_min_s":600.0,"winner_holding_max":"4d 23:10","winner_holding_max_s":429000.0,"winner_holding_avg":"2d 07:19","winner_holding_avg_s":199140.0,"loser_holding_min":"0d 00:00","loser_holding_min_s":0.0,"loser_holding_max":"5d 21:45","loser_holding_max_s":510300.0,"loser_holding_avg":"0d 21:27","loser_holding_avg_s":77220.0,"max_consecutive_wins":2,"max_consecutive_losses":7,"max_drawdown_account":0.20882510433999993,"max_relative_drawdown":0.20882510433999993,"max_drawdown_abs":208.82510433999997,"drawdown_start":"2024-01-03 11:20:00","drawdown_start_ts":1704280800000.0,"drawdown_end":"2024-01-23 11:45:00","drawdown_end_ts":1706010300000.0,"drawdown_duration":"20 days 00:25:00","drawdown_duration_s":1729500.0,"max_drawdown_low":-208.82510433999997,"max_drawdown_high":0.0,"csum_min":791.1748956600001,"csum_max":979.38015256}},"strategy_comparison":[{"key":"FutureMeanRevV1","trades":21,"profit_mean":-0.006407857969876602,"profit_mean_pct":-0.64,"profit_total_abs":-136.44024133,"profit_total":-0.13644024133,"profit_total_pct":-13.64,"duration_avg":"1 day, 7:08:00","wins":6,"draws":0,"losses":15,"winrate":0.2857142857142857,"cagr":-0.8522505475097866,"expectancy":-6.4971543490476265,"expectancy_ratio":-0.24932072883010015,"sortino":-18.230664448519242,"sharpe":-2.9786961373086993,"calmar":-44.58083234594694,"sqn":-0.9297,"profit_factor":0.6509509796378599,"max_drawdown_account":0.20882510433999993,"max_drawdown_abs":"208.825"}]}