{"strategy":{"FutureUltraMomentum":{"trades":[{"pair":"SOL/USDT:USDT","stake_amount":98.1526,"max_stake_amount":98.1526,"amount":0.91,"open_date":"2024-01-01 16:10:00+00:00","close_date":"2024-01-01 16:31:00+00:00","open_rate":107.86,"close_rate":106.7814,"fee_open":0.0002,"fee_close":0.0002,"trade_duration":21,"profit_ratio":-0.010395920766943168,"profit_abs":-1.02059073,"exit_reason":"stop_loss","initial_stop_loss_abs":106.7814,"initial_stop_loss_ratio":-0.01,"stop_loss_abs":106.7814,"stop_loss_ratio":-0.01,"min_rate":106.72,"max_rate":108.54,"is_open":false,"enter_tag":"","leverage":1.0,"is_short":false,"open_timestamp":1704125400000,"close_timestamp":1704126660000,"orders":[{"amount":0.91,"safe_price":107.86,"ft_order_side":"buy","order_filled_timestamp":1704125400000,"ft_is_entry":true,"ft_order_tag":"","cost":98.17223052},{"amount":0.91,"safe_price":106.7814,"ft_order_side":"sell","order_filled_timestamp":1704126660000,"ft_is_entry":false,"ft_order_tag":"stop_loss","cost":97.1905082148}],"funding_fees":0.0,"weekday":0},{"pair":"SOL/USDT:USDT","stake_amount":98.5188,"max_stake_amount":98.5188,"amount":0.87,"open_date":"2024-01-02 01:09:00+00:00","close_date":"2024-01-02 01:10:00+00:00","open_rate":113.24,"close_rate":112.10759999999999,"fee_open":0.0002,"fee_close":0.0002,"trade_duration":1,"profit_ratio":-0.01039592079148087,"profit_abs":-1.02439848,"exit_reason":"stop_loss","initial_stop_loss_abs":112.10759999999999,"initial_stop_loss_ratio":-0.01,"stop_loss_abs":112.10759999999999,"stop_loss_ratio":-0.01,"min_rate":112.06,"max_rate":113.36,"is_open":false,"enter_tag":"","leverage":1.0,"is_short":false,"open_timestamp":1704157740000,"close_timestamp":1704157800000,"orders":[{"amount":0.87,"safe_price":113.24,"ft_order_side":"buy","order_filled_timestamp":1704157740000,"ft_is_entry":true,"ft_order_tag":"","cost":98.53850376},{"amount":0.87,"safe_price":112.10759999999999,"ft_order_side":"sell","order_filled_timestamp":1704157800000,"ft_is_entry":false,"ft_order_tag":"stop_loss","cost":97.55311872239999}],"funding_fees":0.0,"weekday":1},{"pair":"DOGE/USDT:USDT","stake_amount":98.5215,"max_stake_amount":98.5215,"amount":1050.0,"open_date":"2024-01-02 07:36:00+00:00","close_date":"2024-01-02 11:37:00+00:00","open_rate":0.09383,"close_rate":0.0929,"fee_open":0.0002,"fee_close":0.0002,"trade_duration":241,"profit_ratio":-0.01030749834259941,"profit_abs":-1.0157133,"exit_reason":"stop_loss","initial_stop_loss_abs":0.0929,"initial_stop_loss_ratio":-0.01,"stop_loss_abs":0.0929,"stop_loss_ratio":-0.01,"min_rate":0.09281,"max_rate":0.09446,"is_open":false,"enter_tag":"","leverage":1.0,"is_short":false,"open_timestamp":1704180960000,"close_timestamp":1704195420000,"orders":[{"amount":1050.0,"safe_price":0.09383,"ft_order_side":"buy","order_filled_timestamp":1704180960000,"ft_is_entry":true,"ft_order_tag":"","cost":98.5412043},{"amount":1050.0,"safe_price":0.0929,"ft_order_side":"sell","order_filled_timestamp":1704195420000,"ft_is_entry":false,"ft_order_tag":"stop_loss","cost":97.564509}],"funding_fees":0.0,"weekday":1},{"pair":"XRP/USDT:USDT","stake_amount":98.3906,"max_stake_amount":98.3906,"amount":154.0,"open_date":"2024-01-03 04:52:00+00:00","close_date":"2024-01-03 05:03:00+00:00","open_rate":0.6389,"close_rate":0.6326,"fee_open":0.0002,"fee_close":0.0002,"trade_duration":11,"profit_ratio":-0.01025667460028107,"profit_abs":-1.0093622,"exit_reason":"stop_loss","initial_stop_loss_abs":0.6326,"initial_stop_loss_ratio":-0.01,"stop_loss_abs":0.6326,"stop_loss_ratio":-0.01,"min_rate":0.6324,"max_rate":0.64,"is_open":false,"enter_tag":"","leverage":1.0,"is_short":false,"open_timestamp":1704257520000,"close_timestamp":1704258180000,"orders":[{"amount":154.0,"safe_price":0.6389,"ft_order_side":"buy","order_filled_timestamp":1704257520000,"ft_is_entry":true,"ft_order_tag":"","cost":98.41027812},{"amount":154.0,"safe_price":0.6326,"ft_order_side":"sell","order_filled_timestamp":1704258180000,"ft_is_entry":false,"ft_order_tag":"stop_loss","cost":97.43988408}],"funding_fees":0.0,"weekday":2},{"pair":"SOL/USDT:USDT","stake_amount":98.5096,"max_stake_amount":98.5096,"amount":0.98,"open_date":"2024-01-03 15:57:00+00:00","close_date":"2024-01-03 16:38:00+00:00","open_rate":100.52,"close_rate":99.5148,"fee_open":0.0002,"fee_close":0.0002,"trade_duration":41,"profit_ratio":-0.01039592080771742,"profit_abs":-1.02430282,"exit_reason":"stop_loss","initial_stop_loss_abs":99.5148,"initial_stop_loss_ratio":-0.01,"stop_loss_abs":99.5148,"stop_loss_ratio":-0.01,"min_rate":99.45,"max_rate":103.24,"is_open":false,"enter_tag":"","leverage":1.0,"is_short":false,"open_timestamp":1704297420000,"close_timestamp":1704299880000,"orders":[{"amount":0.98,"safe_price":100.52,"ft_order_side":"buy","order_filled_timestamp":1704297420000,"ft_is_entry":true,"ft_order_tag":"","cost":98.52930192},{"amount":0.98,"safe_price":99.5148,"ft_order_side":"sell","order_filled_timestamp":1704299880000,"ft_is_entry":false,"ft_order_tag":"stop_loss","cost":97.5440089008}],"funding_fees":0.0,"weekday":2},{"pair":"BTC/USDT:USDT","stake_amount":94.31774,"max_stake_amount":94.31774,"amount":0.0022,"open_date":"2024-01-03 15:56:00+00:00","close_date":"2024-01-03 18:56:00+00:00","open_rate":42871.7,"close_rate":42442.983,"fee_open":0.0002,"fee_close":0.0002,"trade_duration":180,"profit_ratio":-0.010395920810324656,"profit_abs":-0.98071586,"exit_reason":"stop_loss","initial_stop_loss_abs":42442.983,"initial_stop_loss_ratio":-0.01,"stop_loss_abs":42442.983,"stop_loss_ratio":-0.01,"min_rate":41700.0,"max_rate":43585.0,"is_open":false,"enter_tag":"","leverage":1.0,"is_short":false,"open_timestamp":1704297360000,"close_timestamp":1704308160000,"orders":[{"amount":0.0022,"safe_price":42871.7,"ft_order_side":"buy","order_filled_timestamp":1704297360000,"ft_is_entry":true,"ft_order_tag":"","cost":94.336603548},{"amount":0.0022,"safe_price":42442.983,"ft_order_side":"sell","order_filled_timestamp":1704308160000,"ft_is_entry":false,"ft_order_tag":"stop_loss","cost":93.39323751252}],"funding_fees":0.0,"weekday":2},{"pair":"SOL/USDT:USDT","stake_amount":97.804,"max_stake_amount":97.804,"amount":0.98,"open_date":"2024-01-04 00:10:00+00:00","close_date":"2024-01-04 01:20:00+00:00","open_rate":99.8,"close_rate":98.80199999999999,"fee_open":0.0002,"fee_close":0.0002,"trade_duration":70,"profit_ratio":-0.010395920795391861,"profit_abs":-1.01696599,"exit_reason":"stop_loss","initial_stop_loss_abs":98.80199999999999,"initial_stop_loss_ratio":-0.01,"stop_loss_abs":98.80199999999999,"stop_loss_ratio":-0.01,"min_rate":98.68,"max_rate":100.42,"is_open":false,"enter_tag":"","leverage":1.0,"is_short":false,"open_timestamp":1704327000000,"close_timestamp":1704331200000,"orders":[{"amount":0.98,"safe_price":99.8,"ft_order_side":"buy","order_filled_timestamp":1704327000000,"ft_is_entry":true,"ft_order_tag":"","cost":97.8235608},{"amount":0.98,"safe_price":98.80199999999999,"ft_order_side":"sell","order_filled_timestamp":1704331200000,"ft_is_entry":false,"ft_order_tag":"stop_loss","cost":96.84532519199999}],"funding_fees":0.0,"weekday":3},{"pair":"SOL/USDT:USDT","stake_amount":97.8446,"max_stake_amount":97.8446,"amount":0.94,"open_date":"2024-01-04 15:31:00+00:00","close_date":"2024-01-04 15:47:00+00:00","open_rate":104.09,"close_rate":103.0491,"fee_open":0.0002,"fee_close":0.0002,"trade_duration":16,"profit_ratio":-0.010395920807662237,"profit_abs":-1.01738815,"exit_reason":"stop_loss","initial_stop_loss_abs":103.0491,"initial_stop_loss_ratio":-0.01,"stop_loss_abs":103.0491,"stop_loss_ratio":-0.01,"min_rate":102.96,"max_rate":104.4,"is_open":false,"enter_tag":"","leverage":1.0,"is_short":false,"open_timestamp":1704382260000,"close_timestamp":1704383220000,"orders":[{"amount":0.94,"safe_price":104.09,"ft_order_side":"buy","order_filled_timestamp":1704382260000,"ft_is_entry":true,"ft_order_tag":"","cost":97.86416892},{"amount":0.94,"safe_price":103.0491,"ft_order_side":"sell","order_filled_timestamp":1704383220000,"ft_is_entry":false,"ft_order_tag":"stop_loss","cost":96.8855272308}],"funding_fees":0.0,"weekday":3},{"pair":"LINK/USDT:USDT","stake_amount":97.8996,"max_stake_amount":97.8996,"amount":6.8,"open_date":"2024-01-05 07:01:00+00:00","close_date":"2024-01-05 10:02:00+00:00","open_rate":14.397,"close_rate":14.618758151630324,"fee_open":0.0002,"fee_close":0.0002,"trade_duration":181,"profit_ratio":0.014997000599880022,"profit_abs":1.468494,"exit_reason":"roi","initial_stop_loss_abs":14.25303,"initial_stop_loss_ratio":-0.01,"stop_loss_abs":14.25303,"stop_loss_ratio":-0.01,"min_rate":14.352,"max_rate":14.642,"is_open":false,"enter_tag":"","leverage":1.0,"is_short":false,"open_timestamp":1704438060000,"close_timestamp":1704448920000,"orders":[{"amount":6.8,"safe_price":14.397,"ft_order_side":"buy","order_filled_timestamp":1704438060000,"ft_is_entry":true,"ft_order_tag":"","cost":97.91917991999999},{"amount":6.8,"safe_price":14.618758151630324,"ft_order_side":"sell","order_filled_timestamp":1704448920000,"ft_is_entry":false,"ft_order_tag":"roi","cost":99.4274369421724}],"funding_fees":0.0,"weekday":4},{"pair":"SOL/USDT:USDT","stake_amount":97.451,"max_stake_amount":97.451,"amount":0.95,"open_date":"2024-01-05 09:03:00+00:00","close_date":"2024-01-05 10:14:00+00:00","open_rate":102.58,"close_rate":101.5542,"fee_open":0.0002,"fee_close":0.0002,"trade_duration":71,"profit_ratio":-0.010395920836355863,"profit_abs":-1.0132955,"exit_reason":"stop_loss","initial_stop_loss_abs":101.5542,"initial_stop_loss_ratio":-0.01,"stop_loss_abs":101.5542,"stop_loss_ratio":-0.01,"min_rate":101.41,"max_rate":103.23,"is_open":false,"enter_tag":"","leverage":1.0,"is_short":false,"open_timestamp":1704445380000,"close_timestamp":1704449640000,"orders":[{"amount":0.95,"safe_price":102.58,"ft_order_side":"buy","order_filled_timestamp":1704445380000,"ft_is_entry":true,"ft_order_tag":"","cost":97.47049019999999},{"amount":0.95,"safe_price":101.5542,"ft_order_side":"sell","order_filled_timestamp":1704449640000,"ft_is_entry":false,"ft_order_tag":"stop_loss","cost":96.49578529799999}],"funding_fees":0.0,"weekday":4},{"pair":"XRP/USDT:USDT","stake_amount":97.918,"max_stake_amount":97.918,"amount":173.0,"open_date":"2024-01-08 00:33:00+00:00","close_date":"2024-01-08 02:52:00+00:00","open_rate":0.566,"close_rate":0.5604,"fee_open":0.0002,"fee_close":0.0002,"trade_duration":139,"profit_ratio":-0.01028995614304701,"profit_abs":-1.00777344,"exit_reason":"stop_loss","initial_stop_loss_abs":0.5604,"initial_stop_loss_ratio":-0.01,"stop_loss_abs":0.5604,"stop_loss_ratio":-0.01,"min_rate":0.5576,"max_rate":0.5819,"is_open":false,"enter_tag":"","leverage":1.0,"is_short":false,"open_timestamp":1704673980000,"close_timestamp":1704682320000,"orders":[{"amount":173.0,"safe_price":0.566,"ft_order_side":"buy","order_filled_timestamp":1704673980000,"ft_is_entry":true,"ft_order_tag":"","cost":97.9375836},{"amount":173.0,"safe_price":0.5604,"ft_order_side":"sell","order_filled_timestamp":1704682320000,"ft_is_entry":false,"ft_order_tag":"stop_loss","cost":96.96858984}],"funding_fees":0.0,"weekday":0},{"pair":"SOL/USDT:USDT","stake_amount":97.5132,"max_stake_amount":97.5132,"amount":1.08,"open_date":"2024-01-08 06:23:00+00:00","close_date":"2024-01-08 06:50:00+00:00","open_rate":90.29,"close_rate":89.3871,"fee_open":0.0002,"fee_close":0.0002,"trade_duration":27,"profit_ratio":-0.010395920778926135,"profit_abs":-1.01394225,"exit_reason":"stop_loss","initial_stop_loss_abs":89.3871,"initial_stop_loss_ratio":-0.01,"stop_loss_abs":89.3871,"stop_loss_ratio":-0.01,"min_rate":88.83,"max_rate":90.8,"is_open":false,"enter_tag":"","leverage":1.0,"is_short":false,"open_timestamp":1704694980000,"close_timestamp":1704696600000,"orders":[{"amount":1.08,"safe_price":90.29,"ft_order_side":"buy","order_filled_timestamp":1704694980000,"ft_is_entry":true,"ft_order_tag":"","cost":97.53270264000001},{"amount":1.08,"safe_price":89.3871,"ft_order_side":"sell","order_filled_timestamp":1704696600000,"ft_is_entry":false,"ft_order_tag":"stop_loss","cost":96.5573756136}],"funding_fees":0.0,"weekday":0},{"pair":"DOGE/USDT:USDT","stake_amount":98.1125,"max_stake_amount":98.1125,"amount":1250.0,"open_date":"2024-01-08 06:23:00+00:00","close_date":"2024-01-08 07:32:00+00:00","open_rate":0.07849,"close_rate":0.07771,"fee_open":0.0002,"fee_close":0.0002,"trade_duration":69,"profit_ratio":-0.01033351744735777,"profit_abs":-1.01405,"exit_reason":"stop_loss","initial_stop_loss_abs":0.07771,"initial_stop_loss_ratio":-0.01,"stop_loss_abs":0.07771,"stop_loss_ratio":-0.01,"min_rate":0.07767,"max_rate":0.07865,"is_open":false,"enter_tag":"","leverage":1.0,"is_short":false,"open_timestamp":1704694980000,"close_timestamp":1704699120000,"orders":[{"amount":1250.0,"safe_price":0.07849,"ft_order_side":"buy","order_filled_timestamp":1704694980000,"ft_is_entry":true,"ft_order_tag":"","cost":98.13212250000001},{"amount":1250.0,"safe_price":0.07771,"ft_order_side":"sell","order_filled_timestamp":1704699120000,"ft_is_entry":false,"ft_order_tag":"stop_loss","cost":97.1569275}],"funding_fees":0.0,"weekday":0},{"pair":"BTC/USDT:USDT","stake_amount":97.33592,"max_stake_amount":97.33592,"amount":0.0022,"open_date":"2024-01-08 06:22:00+00:00","close_date":"2024-01-08 07:37:00+00:00","open_rate":44243.6,"close_rate":43801.164,"fee_open":0.0002,"fee_close":0.0002,"trade_duration":75,"profit_ratio":-0.01039592085527995,"profit_abs":-1.0120989,"exit_reason":"stop_loss","initial_stop_loss_abs":43801.164,"initial_stop_loss_ratio":-0.01,"stop_loss_abs":43801.164,"stop_loss_ratio":-0.01,"min_rate":43800.0,"max_rate":44333.3,"is_open":false,"enter_tag":"","leverage":1.0,"is_short":false,"open_timestamp":1704694920000,"close_timestamp":1704699420000,"orders":[{"amount":0.0022,"safe_price":44243.6,"ft_order_side":"buy","order_filled_timestamp":1704694920000,"ft_is_entry":true,"ft_order_tag":"","cost":97.355387184},{"amount":0.0022,"safe_price":43801.164,"ft_order_side":"sell","order_filled_timestamp":1704699420000,"ft_is_entry":false,"ft_order_tag":"stop_loss","cost":96.38183331216}],"funding_fees":0.0,"weekday":0},{"pair":"LTC/USDT:USDT","stake_amount":96.75,"max_stake_amount":96.75,"amount":1.5,"open_date":"2024-01-08 06:30:00+00:00","close_date":"2024-01-08 09:56:00+00:00","open_rate":64.5,"close_rate":63.855,"fee_open":0.0002,"fee_close":0.0002,"trade_duration":206,"profit_ratio":-0.010395920815836833,"profit_abs":-1.0060065,"exit_reason":"stop_loss","initial_stop_loss_abs":63.855,"initial_stop_loss_ratio":-0.01,"stop_loss_abs":63.855,"stop_loss_ratio":-0.01,"min_rate":63.85,"max_rate":64.97,"is_open":false,"enter_tag":"","leverage":1.0,"is_short":false,"open_timestamp":1704695400000,"close_timestamp":1704707760000,"orders":[{"amount":1.5,"safe_price":64.5,"ft_order_side":"buy","order_filled_timestamp":1704695400000,"ft_is_entry":true,"ft_order_tag":"","cost":96.76935},{"amount":1.5,"safe_price":63.855,"ft_order_side":"sell","order_filled_timestamp":1704707760000,"ft_is_entry":false,"ft_order_tag":"stop_loss","cost":95.80165649999999}],"funding_fees":0.0,"weekday":0},{"pair":"UNI/USDT:USDT","stake_amount":94.64,"max_stake_amount":94.64,"amount":16.0,"open_date":"2024-01-08 06:23:00+00:00","close_date":"2024-01-08 11:30:00+00:00","open_rate":5.915,"close_rate":6.006109221844369,"fee_open":0.0002,"fee_close":0.0002,"trade_duration":307,"profit_ratio":0.014997000599880024,"profit_abs":1.4196,"exit_reason":"roi","initial_stop_loss_abs":5.856,"initial_stop_loss_ratio":-0.01,"stop_loss_abs":5.856,"stop_loss_ratio":-0.01,"min_rate":5.857,"max_rate":6.007,"is_open":false,"enter_tag":"","leverage":1.0,"is_short":false,"open_timestamp":1704694980000,"close_timestamp":1704713400000,"orders":[{"amount":16.0,"safe_price":5.915,"ft_order_side":"buy","order_filled_timestamp":1704694980000,"ft_is_entry":true,"ft_order_tag":"","cost":94.658928},{"amount":16.0,"safe_price":6.006109221844369,"ft_order_side":"sell","order_filled_timestamp":1704713400000,"ft_is_entry":false,"ft_order_tag":"roi","cost":96.1169670990198}],"funding_fees":0.0,"weekday":0},{"pair":"SOL/USDT:USDT","stake_amount":97.566,"max_stake_amount":97.566,"amount":1.05,"open_date":"2024-01-08 12:02:00+00:00","close_date":"2024-01-08 13:09:00+00:00","open_rate":92.92,"close_rate":94.81594718943789,"fee_open":0.0002,"fee_close":0.0002,"trade_duration":67,"profit_ratio":0.01999600079984003,"profit_abs":1.95132,"exit_reason":"roi","initial_stop_loss_abs":91.99080000000001,"initial_stop_loss_ratio":-0.01,"stop_loss_abs":91.99080000000001,"stop_loss_ratio":-0.01,"min_rate":92.26,"max_rate":94.85,"is_open":false,"enter_tag":"","leverage":1.0,"is_short":false,"open_timestamp":1704715320000,"close_timestamp":1704719340000,"orders":[{"amount":1.05,"safe_price":92.92,"ft_order_side":"buy","order_filled_timestamp":1704715320000,"ft_is_entry":true,"ft_order_tag":"","cost":97.5855132},{"amount":1.05,"safe_price":94.81594718943789,"ft_order_side":"sell","order_filled_timestamp":1704719340000,"ft_is_entry":false,"ft_order_tag":"roi","cost":99.57665589781958}],"funding_fees":0.0,"weekday":0},{"pair":"SOL/USDT:USDT","stake_amount":97.9011,"max_stake_amount":97.9011,"amount":0.99,"open_date":"2024-01-08 18:39:00+00:00","close_date":"2024-01-08 18:53:00+00:00","open_rate":98.89,"close_rate":97.9011,"fee_open":0.0002,"fee_close":0.0002,"trade_duration":14,"profit_ratio":-0.010395920838303997,"profit_abs":-1.01797564,"exit_reason":"stop_loss","initial_stop_loss_abs":97.9011,"initial_stop_loss_ratio":-0.01,"stop_loss_abs":97.9011,"stop_loss_ratio":-0.01,"min_rate":97.65,"max_rate":99.14,"is_open":false,"enter_tag":"","leverage":1.0,"is_short":false,"open_timestamp":1704739140000,"close_timestamp":1704739980000,"orders":[{"amount":0.99,"safe_price":98.89,"ft_order_side":"buy","order_filled_timestamp":1704739140000,"ft_is_entry":true,"ft_order_tag":"","cost":97.92068022},{"amount":0.99,"safe_price":97.9011,"ft_order_side":"sell","order_filled_timestamp":1704739980000,"ft_is_entry":false,"ft_order_tag":"stop_loss","cost":96.9414734178}],"funding_fees":0.0,"weekday":0},{"pair":"SOL/USDT:USDT","stake_amount":97.7648,"max_stake_amount":97.7648,"amount":0.98,"open_date":"2024-01-09 03:28:00+00:00","close_date":"2024-01-09 03:38:00+00:00","open_rate":99.76,"close_rate":98.7624,"fee_open":0.0002,"fee_close":0.0002,"trade_duration":10,"profit_ratio":-0.010395920811746198,"profit_abs":-1.01655839,"exit_reason":"stop_loss","initial_stop_loss_abs":98.7624,"initial_stop_loss_ratio":-0.01,"stop_loss_abs":98.7624,"stop_loss_ratio":-0.01,"min_rate":98.56,"max_rate":99.76,"is_open":false,"enter_tag":"","leverage":1.0,"is_short":false,"open_timestamp":1704770880000,"close_timestamp":1704771480000,"orders":[{"amount":0.98,"safe_price":99.76,"ft_order_side":"buy","order_filled_timestamp":1704770880000,"ft_is_entry":true,"ft_order_tag":"","cost":97.78435296},{"amount":0.98,"safe_price":98.7624,"ft_order_side":"sell","order_filled_timestamp":1704771480000,"ft_is_entry":false,"ft_order_tag":"stop_loss","cost":96.80650943039998}],"funding_fees":0.0,"weekday":1},{"pair":"SOL/USDT:USDT","stake_amount":96.912,"max_stake_amount":96.912,"amount":0.96,"open_date":"2024-01-09 04:05:00+00:00","close_date":"2024-01-09 05:05:00+00:00","open_rate":100.95,"close_rate":103.38,"fee_open":0.0002,"fee_close":0.0002,"trade_duration":60,"profit_ratio":0.023661775817199117,"profit_abs":2.29356864,"exit_reason":"roi","initial_stop_loss_abs":99.9405,"initial_stop_loss_ratio":-0.01,"stop_loss_abs":99.9405,"stop_loss_ratio":-0.01,"min_rate":100.31,"max_rate":103.95,"is_open":false,"enter_tag":"","leverage":1.0,"is_short":false,"open_timestamp":1704773100000,"close_timestamp":1704776700000,"orders":[{"amount":0.96,"safe_price":100.95,"ft_order_side":"buy","order_filled_timestamp":1704773100000,"ft_is_entry":true,"ft_order_tag":"","cost":96.9313824},{"amount":0.96,"safe_price":103.38,"ft_order_side":"sell","order_filled_timestamp":1704776700000,"ft_is_entry":false,"ft_order_tag":"roi","cost":99.26464896}],"funding_fees":0.0,"weekday":1},{"pair":"BTC/USDT:USDT","stake_amount":98.0406,"max_stake_amount":98.0406,"amount":0.0021,"open_date":"2024-01-08 18:39:00+00:00","close_date":"2024-01-09 12:56:00+00:00","open_rate":46686.0,"close_rate":46219.14,"fee_open":0.0002,"fee_close":0.0002,"trade_duration":1097,"profit_ratio":-0.010395920828074213,"profit_abs":-1.01942616,"exit_reason":"stop_loss","initial_stop_loss_abs":46219.14,"initial_stop_loss_ratio":-0.01,"stop_loss_abs":46219.14,"stop_loss_ratio":-0.01,"min_rate":45500.0,"max_rate":47358.0,"is_open":false,"enter_tag":"","leverage":1.0,"is_short":false,"open_timestamp":1704739140000,"close_timestamp":1704804960000,"orders":[{"amount":0.0021,"safe_price":46686.0,"ft_order_side":"buy","order_filled_timestamp":1704739140000,"ft_is_entry":true,"ft_order_tag":"","cost":98.06020812},{"amount":0.0021,"safe_price":46219.14,"ft_order_side":"sell","order_filled_timestamp":1704804960000,"ft_is_entry":false,"ft_order_tag":"stop_loss","cost":97.0796060388}],"funding_fees":0.0,"weekday":1},{"pair":"DOGE/USDT:USDT","stake_amount":97.9724,"max_stake_amount":97.9724,"amount":1240.0,"open_date":"2024-01-09 17:13:00+00:00","close_date":"2024-01-09 17:13:00+00:00","open_rate":0.07901,"close_rate":0.07822,"fee_open":0.0002,"fee_close":0.0002,"trade_duration":0,"profit_ratio":-0.010394655659426271,"profit_abs":-1.01859304,"exit_reason":"stop_loss","initial_stop_loss_abs":0.07822,"initial_stop_loss_ratio":-0.01,"stop_loss_abs":0.07822,"stop_loss_ratio":-0.01,"min_rate":0.07792,"max_rate":0.07921,"is_open":false,"enter_tag":"","leverage":1.0,"is_short":false,"open_timestamp":1704820380000,"close_timestamp":1704820380000,"orders":[{"amount":1240.0,"safe_price":0.07901,"ft_order_side":"buy","order_filled_timestamp":1704820380000,"ft_is_entry":true,"ft_order_tag":"","cost":97.99199447999999},{"amount":1240.0,"safe_price":0.07822,"ft_order_side":"sell","order_filled_timestamp":1704820380000,"ft_is_entry":false,"ft_order_tag":"stop_loss","cost":97.01219856}],"funding_fees":0.0,"weekday":1},{"pair":"DOGE/USDT:USDT","stake_amount":97.4534,"max_stake_amount":97.4534,"amount":1210.0,"open_date":"2024-01-09 17:29:00+00:00","close_date":"2024-01-09 17:31:00+00:00","open_rate":0.08054,"close_rate":0.08298890578115622,"fee_open":0.0002,"fee_close":0.0002,"trade_duration":2,"profit_ratio":0.029994001199760045,"profit_abs":2.923602,"exit_reason":"roi","initial_stop_loss_abs":0.07974,"initial_stop_loss_ratio":-0.01,"stop_loss_abs":0.07974,"stop_loss_ratio":-0.01,"min_rate":0.08047,"max_rate":0.08374,"is_open":false,"enter_tag":"","leverage":1.0,"is_short":false,"open_timestamp":1704821340000,"close_timestamp":1704821460000,"orders":[{"amount":1210.0,"safe_price":0.08054,"ft_order_side":"buy","order_filled_timestamp":1704821340000,"ft_is_entry":true,"ft_order_tag":"","cost":97.47289068},{"amount":1210.0,"safe_price":0.08298890578115622,"ft_order_side":"sell","order_filled_timestamp":1704821460000,"ft_is_entry":false,"ft_order_tag":"roi","cost":100.43665931039806}],"funding_fees":0.0,"weekday":1},{"pair":"DOGE/USDT:USDT","stake_amount":97.8822,"max_stake_amount":97.8822,"amount":1170.0,"open_date":"2024-01-09 17:32:00+00:00","close_date":"2024-01-09 17:32:00+00:00","open_rate":0.08366,"close_rate":0.08283,"fee_open":0.0002,"fee_close":0.0002,"trade_duration":0,"profit_ratio":-0.010317061617559348,"profit_abs":-1.01005866,"exit_reason":"stop_loss","initial_stop_loss_abs":0.08283,"initial_stop_loss_ratio":-0.01,"stop_loss_abs":0.08283,"stop_loss_ratio":-0.01,"min_rate":0.082,"max_rate":0.084,"is_open":false,"enter_tag":"","leverage":1.0,"is_short":false,"open_timestamp":1704821520000,"close_timestamp":1704821520000,"orders":[{"amount":1170.0,"safe_price":0.08366,"ft_order_side":"buy","order_filled_timestamp":1704821520000,"ft_is_entry":true,"ft_order_tag":"","cost":97.90177643999999},{"amount":1170.0,"safe_price":0.08283,"ft_order_side":"sell","order_filled_timestamp":1704821520000,"ft_is_entry":false,"ft_order_tag":"stop_loss","cost":96.93048222}],"funding_fees":0.0,"weekday":1},{"pair":"XRP/USDT:USDT","stake_amount":97.9024,"max_stake_amount":97.9024,"amount":172.0,"open_date":"2024-01-09 18:09:00+00:00","close_date":"2024-01-09 21:12:00+00:00","open_rate":0.5692,"close_rate":0.5779674334866974,"fee_open":0.0002,"fee_close":0.0002,"trade_duration":183,"profit_ratio":0.014997000599880024,"profit_abs":1.468536,"exit_reason":"roi","initial_stop_loss_abs":0.5636,"initial_stop_loss_ratio":-0.01,"stop_loss_abs":0.5636,"stop_loss_ratio":-0.01,"min_rate":0.5637,"max_rate":0.5781,"is_open":false,"enter_tag":"","leverage":1.0,"is_short":false,"open_timestamp":1704823740000,"close_timestamp":1704834720000,"orders":[{"amount":172.0,"safe_price":0.5692,"ft_order_side":"buy","order_filled_timestamp":1704823740000,"ft_is_entry":true,"ft_order_tag":"","cost":97.92198048},{"amount":172.0,"safe_price":0.5779674334866974,"ft_order_side":"sell","order_filled_timestamp":1704834720000,"ft_is_entry":false,"ft_order_tag":"roi","cost":99.4302806394239}],"funding_fees":0.0,"weekday":1},{"pair":"SOL/USDT:USDT","stake_amount":97.7844,"max_stake_amount":97.7844,"amount":0.98,"open_date":"2024-01-09 21:12:00+00:00","close_date":"2024-01-09 21:14:00+00:00","open_rate":99.78,"close_rate":102.81391878375673,"fee_open":0.0002,"fee_close":0.0002,"trade_duration":2,"profit_ratio":0.029994001199760048,"profit_abs":2.933532,"exit_reason":"roi","initial_stop_loss_abs":98.7822,"initial_stop_loss_ratio":-0.01,"stop_loss_abs":98.7822,"stop_loss_ratio":-0.01,"min_rate":99.62,"max_rate":105.66,"is_open":false,"enter_tag":"","leverage":1.0,"is_short":false,"open_timestamp":1704834720000,"close_timestamp":1704834840000,"orders":[{"amount":0.98,"safe_price":99.78,"ft_order_side":"buy","order_filled_timestamp":1704834720000,"ft_is_entry":true,"ft_order_tag":"","cost":97.80395688},{"amount":0.98,"safe_price":102.81391878375673,"ft_order_side":"sell","order_filled_timestamp":1704834840000,"ft_is_entry":false,"ft_order_tag":"roi","cost":100.77779193616321}],"funding_fees":0.0,"weekday":1},{"pair":"BTC/USDT:USDT","stake_amount":95.2326,"max_stake_amount":95.2326,"amount":0.002,"open_date":"2024-01-09 21:12:00+00:00","close_date":"2024-01-09 21:15:00+00:00","open_rate":47616.3,"close_rate":47140.137,"fee_open":0.0002,"fee_close":0.0002,"trade_duration":3,"profit_ratio":-0.010395920765444003,"profit_abs":-0.99022857,"exit_reason":"stop_loss","initial_stop_loss_abs":47140.137,"initial_stop_loss_ratio":-0.01,"stop_loss_abs":47140.137,"stop_loss_ratio":-0.01,"min_rate":46246.0,"max_rate":48515.9,"is_open":false,"enter_tag":"","leverage":1.0,"is_short":false,"open_timestamp":1704834720000,"close_timestamp":1704834900000,"orders":[{"amount":0.002,"safe_price":47616.3,"ft_order_side":"buy","order_filled_timestamp":1704834720000,"ft_is_entry":true,"ft_order_tag":"","cost":95.25164652000001},{"amount":0.002,"safe_price":47140.137,"ft_order_side":"sell","order_filled_timestamp":1704834900000,"ft_is_entry":false,"ft_order_tag":"stop_loss","cost":94.2991300548}],"funding_fees":0.0,"weekday":1},{"pair":"LINK/USDT:USDT","stake_amount":96.915,"max_stake_amount":96.915,"amount":7.1,"open_date":"2024-01-09 21:12:00+00:00","close_date":"2024-01-09 21:15:00+00:00","open_rate":13.65,"close_rate":13.5135,"fee_open":0.0002,"fee_close":0.0002,"trade_duration":3,"profit_ratio":-0.010395920815836833,"profit_abs":-1.00772217,"exit_reason":"stop_loss","initial_stop_loss_abs":13.5135,"initial_stop_loss_ratio":-0.01,"stop_loss_abs":13.5135,"stop_loss_ratio":-0.01,"min_rate":13.481,"max_rate":13.866,"is_open":false,"enter_tag":"","leverage":1.0,"is_short":false,"open_timestamp":1704834720000,"close_timestamp":1704834900000,"orders":[{"amount":7.1,"safe_price":13.65,"ft_order_side":"buy","order_filled_timestamp":1704834720000,"ft_is_entry":true,"ft_order_tag":"","cost":96.934383},{"amount":7.1,"safe_price":13.5135,"ft_order_side":"sell","order_filled_timestamp":1704834900000,"ft_is_entry":false,"ft_order_tag":"stop_loss","cost":95.96503917}],"funding_fees":0.0,"weekday":1},{"pair":"UNI/USDT:USDT","stake_amount":93.248,"max_stake_amount":93.248,"amount":16.0,"open_date":"2024-01-09 21:12:00+00:00","close_date":"2024-01-09 21:15:00+00:00","open_rate":5.828,"close_rate":5.77,"fee_open":0.0002,"fee_close":0.0002,"trade_duration":3,"profit_ratio":-0.010347896103689353,"profit_abs":-0.9651136,"exit_reason":"stop_loss","initial_stop_loss_abs":5.77,"initial_stop_loss_ratio":-0.01,"stop_loss_abs":5.77,"stop_loss_ratio":-0.01,"min_rate":5.762,"max_rate":5.907,"is_open":false,"enter_tag":"","leverage":1.0,"is_short":false,"open_timestamp":1704834720000,"close_timestamp":1704834900000,"orders":[{"amount":16.0,"safe_price":5.828,"ft_order_side":"buy","order_filled_timestamp":1704834720000,"ft_is_entry":true,"ft_order_tag":"","cost":93.26664960000001},{"amount":16.0,"safe_price":5.77,"ft_order_side":"sell","order_filled_timestamp":1704834900000,"ft_is_entry":false,"ft_order_tag":"stop_loss","cost":92.33846399999999}],"funding_fees":0.0,"weekday":1},{"pair":"ETH/USDT:USDT","stake_amount":96.1254,"max_stake_amount":96.1254,"amount":0.042,"open_date":"2024-01-09 21:13:00+00:00","close_date":"2024-01-09 21:15:00+00:00","open_rate":2288.7,"close_rate":2265.8129999999996,"fee_open":0.0002,"fee_close":0.0002,"trade_duration":2,"profit_ratio":-0.01039592082415763,"profit_abs":-0.99951191,"exit_reason":"stop_loss","initial_stop_loss_abs":2265.8129999999996,"initial_stop_loss_ratio":-0.01,"stop_loss_abs":2265.8129999999996,"stop_loss_ratio":-0.01,"min_rate":2245.46,"max_rate":2304.55,"is_open":false,"enter_tag":"","leverage":1.0,"is_short":false,"open_timestamp":1704834780000,"close_timestamp":1704834900000,"orders":[{"amount":0.042,"safe_price":2288.7,"ft_order_side":"buy","order_filled_timestamp":1704834780000,"ft_is_entry":true,"ft_order_tag":"","cost":96.14462508},{"amount":0.042,"safe_price":2265.8129999999996,"ft_order_side":"sell","order_filled_timestamp":1704834900000,"ft_is_entry":false,"ft_order_tag":"stop_loss","cost":95.18317882919999}],"funding_fees":0.0,"weekday":1},{"pair":"LTC/USDT:USDT","stake_amount":93.128,"max_stake_amount":93.128,"amount":1.4,"open_date":"2024-01-09 21:13:00+00:00","close_date":"2024-01-09 21:15:00+00:00","open_rate":66.52,"close_rate":65.8548,"fee_open":0.0002,"fee_close":0.0002,"trade_duration":2,"profit_ratio":-0.010395920772893787,"profit_abs":-0.96834494,"exit_reason":"stop_loss","initial_stop_loss_abs":65.8548,"initial_stop_loss_ratio":-0.01,"stop_loss_abs":65.8548,"stop_loss_ratio":-0.01,"min_rate":65.73,"max_rate":67.11,"is_open":false,"enter_tag":"","leverage":1.0,"is_short":false,"open_timestamp":1704834780000,"close_timestamp":1704834900000,"orders":[{"amount":1.4,"safe_price":66.52,"ft_order_side":"buy","order_filled_timestamp":1704834780000,"ft_is_entry":true,"ft_order_tag":"","cost":93.14662559999998},{"amount":1.4,"safe_price":65.8548,"ft_order_side":"sell","order_filled_timestamp":1704834900000,"ft_is_entry":false,"ft_order_tag":"stop_loss","cost":92.21515934399999}],"funding_fees":0.0,"weekday":1},{"pair":"SOL/USDT:USDT","stake_amount":97.8918,"max_stake_amount":97.8918,"amount":0.93,"open_date":"2024-01-09 21:15:00+00:00","close_date":"2024-01-09 21:15:00+00:00","open_rate":105.26,"close_rate":104.2074,"fee_open":0.0002,"fee_close":0.0002,"trade_duration":0,"profit_ratio":-0.010395920852604774,"profit_abs":-1.01787894,"exit_reason":"stop_loss","initial_stop_loss_abs":104.2074,"initial_stop_loss_ratio":-0.01,"stop_loss_abs":104.2074,"stop_loss_ratio":-0.01,"min_rate":99.13,"max_rate":105.48,"is_open":false,"enter_tag":"","leverage":1.0,"is_short":false,"open_timestamp":1704834900000,"close_timestamp":1704834900000,"orders":[{"amount":0.93,"safe_price":105.26,"ft_order_side":"buy","order_filled_timestamp":1704834900000,"ft_is_entry":true,"ft_order_tag":"","cost":97.91137836},{"amount":0.93,"safe_price":104.2074,"ft_order_side":"sell","order_filled_timestamp":1704834900000,"ft_is_entry":false,"ft_order_tag":"stop_loss","cost":96.9322645764}],"funding_fees":0.0,"weekday":1},{"pair":"DOGE/USDT:USDT","stake_amount":97.7196,"max_stake_amount":97.7196,"amount":1210.0,"open_date":"2024-01-09 22:16:00+00:00","close_date":"2024-01-09 22:18:00+00:00","open_rate":0.08076,"close_rate":0.07996,"fee_open":0.0002,"fee_close":0.0002,"trade_duration":2,"profit_ratio":-0.010301852457641212,"profit_abs":-1.00689424,"exit_reason":"stop_loss","initial_stop_loss_abs":0.07996,"initial_stop_loss_ratio":-0.01,"stop_loss_abs":0.07996,"stop_loss_ratio":-0.01,"min_rate":0.07986,"max_rate":0.08225,"is_open":false,"enter_tag":"","leverage":1.0,"is_short":false,"open_timestamp":1704838560000,"close_timestamp":1704838680000,"orders":[{"amount":1210.0,"safe_price":0.08076,"ft_order_side":"buy","order_filled_timestamp":1704838560000,"ft_is_entry":true,"ft_order_tag":"","cost":97.73914392},{"amount":1210.0,"safe_price":0.07996,"ft_order_side":"sell","order_filled_timestamp":1704838680000,"ft_is_entry":false,"ft_order_tag":"stop_loss","cost":96.77095032000001}],"funding_fees":0.0,"weekday":1},{"pair":"UNI/USDT:USDT","stake_amount":93.015,"max_stake_amount":93.015,"amount":15.0,"open_date":"2024-01-10 09:36:00+00:00","close_date":"2024-01-10 12:20:00+00:00","open_rate":6.201,"close_rate":6.139,"fee_open":0.0002,"fee_close":0.0002,"trade_duration":164,"profit_ratio":-0.010394308817643019,"profit_abs":-0.96702,"exit_reason":"stop_loss","initial_stop_loss_abs":6.139,"initial_stop_loss_ratio":-0.01,"stop_loss_abs":6.139,"stop_loss_ratio":-0.01,"min_rate":6.137,"max_rate":6.284,"is_open":false,"enter_tag":"","leverage":1.0,"is_short":false,"open_timestamp":1704879360000,"close_timestamp":1704889200000,"orders":[{"amount":15.0,"safe_price":6.201,"ft_order_side":"buy","order_filled_timestamp":1704879360000,"ft_is_entry":true,"ft_order_tag":"","cost":93.033603},{"amount":15.0,"safe_price":6.139,"ft_order_side":"sell","order_filled_timestamp":1704889200000,"ft_is_entry":false,"ft_order_tag":"stop_loss","cost":92.10341700000001}],"funding_fees":0.0,"weekday":2},{"pair":"XRP/USDT:USDT","stake_amount":97.4116,"max_stake_amount":97.4116,"amount":169.0,"open_date":"2024-01-10 15:58:00+00:00","close_date":"2024-01-10 15:58:00+00:00","open_rate":0.5764,"close_rate":0.5707,"fee_open":0.0002,"fee_close":0.0002,"trade_duration":0,"profit_ratio":-0.010284931216393779,"profit_abs":-1.00207198,"exit_reason":"stop_loss","initial_stop_loss_abs":0.5707,"initial_stop_loss_ratio":-0.01,"stop_loss_abs":0.5707,"stop_loss_ratio":-0.01,"min_rate":0.5681,"max_rate":0.5779,"is_open":false,"enter_tag":"","leverage":1.0,"is_short":false,"open_timestamp":1704902280000,"close_timestamp":1704902280000,"orders":[{"amount":169.0,"safe_price":0.5764,"ft_order_side":"buy","order_filled_timestamp":1704902280000,"ft_is_entry":true,"ft_order_tag":"","cost":97.43108232},{"amount":169.0,"safe_price":0.5707,"ft_order_side":"sell","order_filled_timestamp":1704902280000,"ft_is_entry":false,"ft_order_tag":"stop_loss","cost":96.46758966}],"funding_fees":0.0,"weekday":2},{"pair":"ETH/USDT:USDT","stake_amount":97.5868,"max_stake_amount":97.5868,"amount":0.04,"open_date":"2024-01-10 15:11:00+00:00","close_date":"2024-01-10 16:46:00+00:00","open_rate":2439.67,"close_rate":2415.2733,"fee_open":0.0002,"fee_close":0.0002,"trade_duration":95,"profit_ratio":-0.010395920852719691,"profit_abs":-1.01470755,"exit_reason":"stop_loss","initial_stop_loss_abs":2415.2733,"initial_stop_loss_ratio":-0.01,"stop_loss_abs":2415.2733,"stop_loss_ratio":-0.01,"min_rate":2408.22,"max_rate":2462.0,"is_open":false,"enter_tag":"","leverage":1.0,"is_short":false,"open_timestamp":1704899460000,"close_timestamp":1704905160000,"orders":[{"amount":0.04,"safe_price":2439.67,"ft_order_side":"buy","order_filled_timestamp":1704899460000,"ft_is_entry":true,"ft_order_tag":"","cost":97.60631736},{"amount":0.04,"safe_price":2415.2733,"ft_order_side":"sell","order_filled_timestamp":1704905160000,"ft_is_entry":false,"ft_order_tag":"stop_loss","cost":96.6302541864}],"funding_fees":0.0,"weekday":2},{"pair":"SOL/USDT:USDT","stake_amount":97.1091,"max_stake_amount":97.1091,"amount":0.99,"open_date":"2024-01-10 18:04:00+00:00","close_date":"2024-01-10 18:09:00+00:00","open_rate":98.09,"close_rate":97.1091,"fee_open":0.0002,"fee_close":0.0002,"trade_duration":5,"profit_ratio":-0.010395920797304685,"profit_abs":-1.00974042,"exit_reason":"stop_loss","initial_stop_loss_abs":97.1091,"initial_stop_loss_ratio":-0.01,"stop_loss_abs":97.1091,"stop_loss_ratio":-0.01,"min_rate":96.46,"max_rate":98.29,"is_open":false,"enter_tag":"","leverage":1.0,"is_short":false,"open_timestamp":1704909840000,"close_timestamp":1704910140000,"orders":[{"amount":0.99,"safe_price":98.09,"ft_order_side":"buy","order_filled_timestamp":1704909840000,"ft_is_entry":true,"ft_order_tag":"","cost":97.12852181999999},{"amount":0.99,"safe_price":97.1091,"ft_order_side":"sell","order_filled_timestamp":1704910140000,"ft_is_entry":false,"ft_order_tag":"stop_loss","cost":96.1572366018}],"funding_fees":0.0,"weekday":2},{"pair":"XRP/USDT:USDT","stake_amount":96.8715,"max_stake_amount":96.8715,"amount":165.0,"open_date":"2024-01-10 21:11:00+00:00","close_date":"2024-01-10 21:18:00+00:00","open_rate":0.5871,"close_rate":0.5813,"fee_open":0.0002,"fee_close":0.0002,"trade_duration":7,"profit_ratio":-0.010275035778059854,"profit_abs":-0.9955572,"exit_reason":"stop_loss","initial_stop_loss_abs":0.5813,"initial_stop_loss_ratio":-0.01,"stop_loss_abs":0.5813,"stop_loss_ratio":-0.01,"min_rate":0.5795,"max_rate":0.5938,"is_open":false,"enter_tag":"","leverage":1.0,"is_short":false,"open_timestamp":1704921060000,"close_timestamp":1704921480000,"orders":[{"amount":165.0,"safe_price":0.5871,"ft_order_side":"buy","order_filled_timestamp":1704921060000,"ft_is_entry":true,"ft_order_tag":"","cost":96.8908743},{"amount":165.0,"safe_price":0.5813,"ft_order_side":"sell","order_filled_timestamp":1704921480000,"ft_is_entry":false,"ft_order_tag":"stop_loss","cost":95.93368290000001}],"funding_fees":0.0,"weekday":2},{"pair":"LTC/USDT:USDT","stake_amount":96.572,"max_stake_amount":96.572,"amount":1.4,"open_date":"2024-01-10 21:12:00+00:00","close_date":"2024-01-10 21:18:00+00:00","open_rate":68.98,"close_rate":68.2902,"fee_open":0.0002,"fee_close":0.0002,"trade_duration":6,"profit_ratio":-0.010395920857248423,"profit_abs":-1.00415566,"exit_reason":"stop_loss","initial_stop_loss_abs":68.2902,"initial_stop_loss_ratio":-0.01,"stop_loss_abs":68.2902,"stop_loss_ratio":-0.01,"min_rate":68.25,"max_rate":69.55,"is_open":false,"enter_tag":"","leverage":1.0,"is_short":false,"open_timestamp":1704921120000,"close_timestamp":1704921480000,"orders":[{"amount":1.4,"safe_price":68.98,"ft_order_side":"buy","order_filled_timestamp":1704921120000,"ft_is_entry":true,"ft_order_tag":"","cost":96.5913144},{"amount":1.4,"safe_price":68.2902,"ft_order_side":"sell","order_filled_timestamp":1704921480000,"ft_is_entry":false,"ft_order_tag":"stop_loss","cost":95.62540125599999}],"funding_fees":0.0,"weekday":2},{"pair":"SOL/USDT:USDT","stake_amount":96.9514,"max_stake_amount":96.9514,"amount":0.98,"open_date":"2024-01-10 21:48:00+00:00","close_date":"2024-01-10 21:58:00+00:00","open_rate":98.93,"close_rate":101.93807361472295,"fee_open":0.0002,"fee_close":0.0002,"trade_duration":10,"profit_ratio":0.029994001199760048,"profit_abs":2.908542,"exit_reason":"roi","initial_stop_loss_abs":97.9407,"initial_stop_loss_ratio":-0.01,"stop_loss_abs":97.9407,"stop_loss_ratio":-0.01,"min_rate":98.87,"max_rate":101.99,"is_open":false,"enter_tag":"","leverage":1.0,"is_short":false,"open_timestamp":1704923280000,"close_timestamp":1704923880000,"orders":[{"amount":0.98,"safe_price":98.93,"ft_order_side":"buy","order_filled_timestamp":1704923280000,"ft_is_entry":true,"ft_order_tag":"","cost":96.97079028},{"amount":0.98,"safe_price":101.93807361472295,"ft_order_side":"sell","order_filled_timestamp":1704923880000,"ft_is_entry":false,"ft_order_tag":"roi","cost":99.91929200485697}],"funding_fees":0.0,"weekday":2},{"pair":"SOL/USDT:USDT","stake_amount":96.8316,"max_stake_amount":96.8316,"amount":0.93,"open_date":"2024-01-10 22:23:00+00:00","close_date":"2024-01-10 22:25:00+00:00","open_rate":104.12,"close_rate":103.0788,"fee_open":0.0002,"fee_close":0.0002,"trade_duration":2,"profit_ratio":-0.010395920848877287,"profit_abs":-1.00685498,"exit_reason":"stop_loss","initial_stop_loss_abs":103.0788,"initial_stop_loss_ratio":-0.01,"stop_loss_abs":103.0788,"stop_loss_ratio":-0.01,"min_rate":103.01,"max_rate":104.13,"is_open":false,"enter_tag":"","leverage":1.0,"is_short":false,"open_timestamp":1704925380000,"close_timestamp":1704925500000,"orders":[{"amount":0.93,"safe_price":104.12,"ft_order_side":"buy","order_filled_timestamp":1704925380000,"ft_is_entry":true,"ft_order_tag":"","cost":96.85096632000001},{"amount":0.93,"safe_price":103.0788,"ft_order_side":"sell","order_filled_timestamp":1704925500000,"ft_is_entry":false,"ft_order_tag":"stop_loss","cost":95.8824566568}],"funding_fees":0.0,"weekday":2},{"pair":"XRP/USDT:USDT","stake_amount":97.3875,"max_stake_amount":97.3875,"amount":159.0,"open_date":"2024-01-10 22:29:00+00:00","close_date":"2024-01-10 22:32:00+00:00","open_rate":0.6125,"close_rate":0.6064,"fee_open":0.0002,"fee_close":0.0002,"trade_duration":3,"profit_ratio":-0.010355120812572179,"profit_abs":-1.00866102,"exit_reason":"stop_loss","initial_stop_loss_abs":0.6064,"initial_stop_loss_ratio":-0.01,"stop_loss_abs":0.6064,"stop_loss_ratio":-0.01,"min_rate":0.6062,"max_rate":0.6125,"is_open":false,"enter_tag":"","leverage":1.0,"is_short":false,"open_timestamp":1704925740000,"close_timestamp":1704925920000,"orders":[{"amount":159.0,"safe_price":0.6125,"ft_order_side":"buy","order_filled_timestamp":1704925740000,"ft_is_entry":true,"ft_order_tag":"","cost":97.4069775},{"amount":159.0,"safe_price":0.6064,"ft_order_side":"sell","order_filled_timestamp":1704925920000,"ft_is_entry":false,"ft_order_tag":"stop_loss","cost":96.43688352000001}],"funding_fees":0.0,"weekday":2},{"pair":"UNI/USDT:USDT","stake_amount":94.15,"max_stake_amount":94.15,"amount":14.0,"open_date":"2024-01-11 08:21:00+00:00","close_date":"2024-01-11 11:43:00+00:00","open_rate":6.725,"close_rate":6.8285857171434285,"fee_open":0.0002,"fee_close":0.0002,"trade_duration":202,"profit_ratio":0.014997000599880024,"profit_abs":1.41225,"exit_reason":"roi","initial_stop_loss_abs":6.658,"initial_stop_loss_ratio":-0.01,"stop_loss_abs":6.658,"stop_loss_ratio":-0.01,"min_rate":6.688,"max_rate":6.849,"is_open":false,"enter_tag":"","leverage":1.0,"is_short":false,"open_timestamp":1704961260000,"close_timestamp":1704973380000,"orders":[{"amount":14.0,"safe_price":6.725,"ft_order_side":"buy","order_filled_timestamp":1704961260000,"ft_is_entry":true,"ft_order_tag":"","cost":94.16882999999999},{"amount":14.0,"safe_price":6.8285857171434285,"ft_order_side":"sell","order_filled_timestamp":1704973380000,"ft_is_entry":false,"ft_order_tag":"roi","cost":95.61932008001601}],"funding_fees":0.0,"weekday":3},{"pair":"SOL/USDT:USDT","stake_amount":97.0424,"max_stake_amount":97.0424,"amount":0.91,"open_date":"2024-01-11 12:37:00+00:00","close_date":"2024-01-11 13:02:00+00:00","open_rate":106.64,"close_rate":105.5736,"fee_open":0.0002,"fee_close":0.0002,"trade_duration":25,"profit_ratio":-0.010395920865289858,"profit_abs":-1.00904688,"exit_reason":"stop_loss","initial_stop_loss_abs":105.5736,"initial_stop_loss_ratio":-0.01,"stop_loss_abs":105.5736,"stop_loss_ratio":-0.01,"min_rate":105.45,"max_rate":107.17,"is_open":false,"enter_tag":"","leverage":1.0,"is_short":false,"open_timestamp":1704976620000,"close_timestamp":1704978120000,"orders":[{"amount":0.91,"safe_price":106.64,"ft_order_side":"buy","order_filled_timestamp":1704976620000,"ft_is_entry":true,"ft_order_tag":"","cost":97.06180848},{"amount":0.91,"safe_price":105.5736,"ft_order_side":"sell","order_filled_timestamp":1704978120000,"ft_is_entry":false,"ft_order_tag":"stop_loss","cost":96.0911903952}],"funding_fees":0.0,"weekday":3},{"pair":"ETH/USDT:USDT","stake_amount":96.46128,"max_stake_amount":96.46128,"amount":0.036,"open_date":"2024-01-11 14:48:00+00:00","close_date":"2024-01-11 15:18:00+00:00","open_rate":2679.48,"close_rate":2652.6852,"fee_open":0.0002,"fee_close":0.0002,"trade_duration":30,"profit_ratio":-0.01039592082164111,"profit_abs":-1.00300439,"exit_reason":"stop_loss","initial_stop_loss_abs":2652.6852,"initial_stop_loss_ratio":-0.01,"stop_loss_abs":2652.6852,"stop_loss_ratio":-0.01,"min_rate":2651.54,"max_rate":2691.46,"is_open":false,"enter_tag":"","leverage":1.0,"is_short":false,"open_timestamp":1704984480000,"close_timestamp":1704986280000,"orders":[{"amount":0.036,"safe_price":2679.48,"ft_order_side":"buy","order_filled_timestamp":1704984480000,"ft_is_entry":true,"ft_order_tag":"","cost":96.48057225599999},{"amount":0.036,"safe_price":2652.6852,"ft_order_side":"sell","order_filled_timestamp":1704986280000,"ft_is_entry":false,"ft_order_tag":"stop_loss","cost":95.51576653343999}],"funding_fees":0.0,"weekday":3},{"pair":"ETH/USDT:USDT","stake_amount":95.7528,"max_stake_amount":95.7528,"amount":0.036,"open_date":"2024-01-12 11:30:00+00:00","close_date":"2024-01-12 12:47:00+00:00","open_rate":2659.8,"close_rate":2633.202,"fee_open":0.0002,"fee_close":0.0002,"trade_duration":77,"profit_ratio":-0.010395920769894363,"profit_abs":-0.99563761,"exit_reason":"stop_loss","initial_stop_loss_abs":2633.202,"initial_stop_loss_ratio":-0.01,"stop_loss_abs":2633.202,"stop_loss_ratio":-0.01,"min_rate":2632.29,"max_rate":2680.0,"is_open":false,"enter_tag":"","leverage":1.0,"is_short":false,"open_timestamp":1705059000000,"close_timestamp":1705063620000,"orders":[{"amount":0.036,"safe_price":2659.8,"ft_order_side":"buy","order_filled_timestamp":1705059000000,"ft_is_entry":true,"ft_order_tag":"","cost":95.77195056},{"amount":0.036,"safe_price":2633.202,"ft_order_side":"sell","order_filled_timestamp":1705063620000,"ft_is_entry":false,"ft_order_tag":"stop_loss","cost":94.8142310544}],"funding_fees":0.0,"weekday":4},{"pair":"LINK/USDT:USDT","stake_amount":96.6336,"max_stake_amount":96.6336,"amount":6.4,"open_date":"2024-01-14 06:02:00+00:00","close_date":"2024-01-14 07:03:00+00:00","open_rate":15.099,"close_rate":14.94801,"fee_open":0.0002,"fee_close":0.0002,"trade_duration":61,"profit_ratio":-0.0103959207868672,"profit_abs":-1.00479617,"exit_reason":"stop_loss","initial_stop_loss_abs":14.94801,"initial_stop_loss_ratio":-0.01,"stop_loss_abs":14.94801,"stop_loss_ratio":-0.01,"min_rate":14.874,"max_rate":15.254,"is_open":false,"enter_tag":"","leverage":1.0,"is_short":false,"open_timestamp":1705212120000,"close_timestamp":1705215780000,"orders":[{"amount":6.4,"safe_price":15.099,"ft_order_side":"buy","order_filled_timestamp":1705212120000,"ft_is_entry":true,"ft_order_tag":"","cost":96.65292672},{"amount":6.4,"safe_price":14.94801,"ft_order_side":"sell","order_filled_timestamp":1705215780000,"ft_is_entry":false,"ft_order_tag":"stop_loss","cost":95.6863974528}],"funding_fees":0.0,"weekday":6},{"pair":"SOL/USDT:USDT","stake_amount":96.5485,"max_stake_amount":96.5485,"amount":0.95,"open_date":"2024-01-14 16:19:00+00:00","close_date":"2024-01-14 17:08:00+00:00","open_rate":101.63,"close_rate":100.6137,"fee_open":0.0002,"fee_close":0.0002,"trade_duration":49,"profit_ratio":-0.01039592078477058,"profit_abs":-1.0039113,"exit_reason":"stop_loss","initial_stop_loss_abs":100.6137,"initial_stop_loss_ratio":-0.01,"stop_loss_abs":100.6137,"stop_loss_ratio":-0.01,"min_rate":100.57,"max_rate":103.0,"is_open":false,"enter_tag":"","leverage":1.0,"is_short":false,"open_timestamp":1705249140000,"close_timestamp":1705252080000,"orders":[{"amount":0.95,"safe_price":101.63,"ft_order_side":"buy","order_filled_timestamp":1705249140000,"ft_is_entry":true,"ft_order_tag":"","cost":96.56780969999998},{"amount":0.95,"safe_price":100.6137,"ft_order_side":"sell","order_filled_timestamp":1705252080000,"ft_is_entry":false,"ft_order_tag":"stop_loss","cost":95.60213160299999}],"funding_fees":0.0,"weekday":6}],"locks":[],"best_pair":{"key":"UNI/USDT:USDT","trades":4,"profit_mean":0.002312949069606919,"profit_mean_pct":0.23,"profit_total_abs":0.8997164,"profit_total":0.0008997164,"profit_total_pct":0.09,"duration_avg":"2:49:00","wins":2,"draws":0,"losses":2,"winrate":0.5,"cagr":0.025571390048750864,"expectancy":0.22492910000000005,"expectancy_ratio":0.23282975877030454,"sortino":1387.1540145499487,"sharpe":1.1101900918472078,"calmar":68.53109183383465,"sqn":0.3271,"profit_factor":1.465659517540609,"max_drawdown_account":0.0019293946313812206,"max_drawdown_abs":1.9321336},"worst_pair":{"key":"SOL/USDT:USDT","trades":18,"profit_mean":-0.0023276173537119826,"profit_mean_pct":-0.23,"profit_total_abs":-4.125887829999998,"profit_total":-0.004125887829999998,"profit_total_pct":-0.41,"duration_avg":"0:27:00","wins":4,"draws":0,"losses":14,"winrate":0.2222222222222222,"cagr":-0.10959767748357596,"expectancy":-0.2292159905555553,"expectancy_ratio":-0.2257832708893458,"sortino":-1023.7454993635831,"sharpe":-4.087104346637053,"calmar":-84.05014401571069,"sqn":-0.637,"profit_factor":0.7097072231422697,"max_drawdown_account":0.007214097949999995,"max_drawdown_abs":7.214097949999999},"results_per_pair":[{"key":"UNI/USDT:USDT","trades":4,"profit_mean":0.002312949069606919,"profit_mean_pct":0.23,"profit_total_abs":0.8997164,"profit_total":0.0008997164,"profit_total_pct":0.09,"duration_avg":"2:49:00","wins":2,"draws":0,"losses":2,"winrate":0.5,"cagr":0.025571390048750864,"expectancy":0.22492910000000005,"expectancy_ratio":0.23282975877030454,"sortino":1387.1540145499487,"sharpe":1.1101900918472078,"calmar":68.53109183383465,"sqn":0.3271,"profit_factor":1.465659517540609,"max_drawdown_account":0.0019293946313812206,"max_drawdown_abs":1.9321336},{"key":"LINK/USDT:USDT","trades":3,"profit_mean":-0.0019316136676080034,"profit_mean_pct":-0.19,"profit_total_abs":-0.5440243400000002,"profit_total":-0.0005440243400000002,"profit_total_pct":-0.05,"duration_avg":"1:22:00","wins":1,"draws":0,"losses":2,"winrate":0.3333333333333333,"cagr":-0.015162558964627926,"expectancy":-0.18134144666666674,"expectancy_ratio":-0.18021345998433658,"sortino":-546.4835386717493,"sharpe":-0.6853233839663233,"calmar":-39.78495351176623,"sqn":-0.2198,"profit_factor":0.7296798100234951,"max_drawdown_account":0.00200956730247365,"max_drawdown_abs":2.01251834},{"key":"DOGE/USDT:USDT","trades":6,"profit_mean":-0.0036100973874706615,"profit_mean_pct":-0.36,"profit_total_abs":-2.14170724,"profit_total":-0.00214170724,"profit_total_pct":-0.21,"duration_avg":"0:52:00","wins":1,"draws":0,"losses":5,"winrate":0.16666666666666666,"cagr":-0.05842100840748998,"expectancy":-0.35695120666666674,"expectancy_ratio":-0.35234887916405544,"sortino":-760.4331550062104,"sharpe":-2.145357439759835,"calmar":-103.251757300797,"sqn":-0.544,"profit_factor":0.5771813450031335,"max_drawdown_account":0.003048356340000055,"max_drawdown_abs":3.0483563399999998},{"key":"LTC/USDT:USDT","trades":3,"profit_mean":-0.010395920815326346,"profit_mean_pct":-1.04,"profit_total_abs":-2.9785071,"profit_total":-0.0029785071,"profit_total_pct":-0.3,"duration_avg":"1:11:00","wins":0,"draws":0,"losses":3,"winrate":0.0,"cagr":-0.08034079311205589,"expectancy":-0.9928357,"expectancy_ratio":-1.0,"sortino":-252.52329762597444,"sharpe":-252.52329762597444,"calmar":-146.9613321118676,"sqn":-81.0013,"profit_factor":0.0,"max_drawdown_account":0.002978507100000002,"max_drawdown_abs":2.9785071},{"key":"XRP/USDT:USDT","trades":6,"profit_mean":-0.0060774529917456445,"profit_mean_pct":-0.61,"profit_total_abs":-3.55488984,"profit_total":-0.00355488984,"profit_total_pct":-0.36,"duration_avg":"0:57:00","wins":1,"draws":0,"losses":5,"winrate":0.16666666666666666,"cagr":-0.09515190263337481,"expectancy":-0.5924816400000003,"expectancy_ratio":-0.5897187087766385,"sortino":-996.7160171318914,"sharpe":-5.6679585901023195,"calmar":-146.96133211186822,"sqn":-1.4373,"profit_factor":0.2923375494680339,"max_drawdown_account":0.003554889839999987,"max_drawdown_abs":3.55488984},{"key":"BTC/USDT:USDT","trades":4,"profit_mean":-0.010395920814780704,"profit_mean_pct":-1.04,"profit_total_abs":-4.00246949,"profit_total":-0.0040024694900000005,"profit_total_pct":-0.4,"duration_avg":"5:39:00","wins":0,"draws":0,"losses":4,"winrate":0.0,"cagr":-0.1064942622018501,"expectancy":-1.0006173725,"expectancy_ratio":-1.0,"sortino":-373.96651345929064,"sharpe":-373.96651345929064,"calmar":-146.9613321118694,"sqn":-110.187,"profit_factor":0.0,"max_drawdown_account":0.004002469489999953,"max_drawdown_abs":4.00246949},{"key":"ETH/USDT:USDT","trades":4,"profit_mean":-0.0103959208171032,"profit_mean_pct":-1.04,"profit_total_abs":-4.01286146,"profit_total":-0.00401286146,"profit_total_pct":-0.4,"duration_avg":"0:51:00","wins":0,"draws":0,"losses":4,"winrate":0.0,"cagr":-0.10675597510486734,"expectancy":-1.003215365,"expectancy_ratio":-1.0,"sortino":-827.3113809344038,"sharpe":-827.3113809344038,"calmar":-146.9613321118694,"sqn":-243.7623,"profit_factor":0.0,"max_drawdown_account":0.0040128614599999534,"max_drawdown_abs":4.01286146},{"key":"SOL/USDT:USDT","trades":18,"profit_mean":-0.0023276173537119826,"profit_mean_pct":-0.23,"profit_total_abs":-4.125887829999998,"profit_total":-0.004125887829999998,"profit_total_pct":-0.41,"duration_avg":"0:27:00","wins":4,"draws":0,"losses":14,"winrate":0.2222222222222222,"cagr":-0.10959767748357596,"expectancy":-0.2292159905555553,"expectancy_ratio":-0.2257832708893458,"sortino":-1023.7454993635831,"sharpe":-4.087104346637053,"calmar":-84.05014401571069,"sqn":-0.637,"profit_factor":0.7097072231422697,"max_drawdown_account":0.007214097949999995,"max_drawdown_abs":7.214097949999999},{"key":"TOTAL","trades":48,"profit_mean":-0.00439417892375051,"profit_mean_pct":-0.44,"profit_total_abs":-20.460630899999998,"profit_total":-0.0204606309,"profit_total_pct":-2.05,"duration_avg":"1:20:00","wins":9,"draws":0,"losses":39,"winrate":0.1875,"cagr":-0.4403423384878783,"expectancy":-0.42626314374999974,"expectancy_ratio":-0.42365521415227103,"sortino":-2084.707699453833,"sharpe":-24.254807253625717,"calmar":-146.961332111868,"sqn":-2.3572,"profit_factor":0.4785781979664355,"max_drawdown_account":0.020460630899999957,"max_drawdown_abs":20.460630899999995}],"results_per_enter_tag":[{"key":"","trades":48,"profit_mean":-0.00439417892375051,"profit_mean_pct":-0.44,"profit_total_abs":-20.460630899999998,"profit_total":-0.0204606309,"profit_total_pct":-2.05,"duration_avg":"1:20:00","wins":9,"draws":0,"losses":39,"winrate":0.1875,"cagr":-0.4403423384878783,"expectancy":-0.42626314374999974,"expectancy_ratio":-0.42365521415227103,"sortino":-2084.707699453833,"sharpe":-24.254807253625717,"calmar":-146.961332111868,"sqn":-2.3572,"profit_factor":0.4785781979664355,"max_drawdown_account":0.020460630899999957,"max_drawdown_abs":20.460630899999995},{"key":"TOTAL","trades":48,"profit_mean":-0.00439417892375051,"profit_mean_pct":-0.44,"profit_total_abs":-20.460630899999998,"profit_total":-0.0204606309,"profit_total_pct":-2.05,"duration_avg":"1:20:00","wins":9,"draws":0,"losses":39,"winrate":0.1875,"cagr":-0.4403423384878783,"expectancy":-0.42626314374999974,"expectancy_ratio":-0.42365521415227103,"sortino":-2084.707699453833,"sharpe":-24.254807253625717,"calmar":-146.961332111868,"sqn":-2.3572,"profit_factor":0.4785781979664355,"max_drawdown_account":0.020460630899999957,"max_drawdown_abs":20.460630899999995}],"exit_reason_summary":[{"key":"roi","trades":9,"profit_mean":0.021514198068426596,"profit_mean_pct":2.15,"profit_total_abs":18.77944464,"profit_total":0.01877944464,"profit_total_pct":1.88,"duration_avg":"1:53:00","wins":9,"draws":0,"losses":0,"winrate":1.0,"cagr":0.686034355555013,"expectancy":2.0866049600000003,"expectancy_ratio":100.0,"sortino":-100,"sharpe":42.37140057594454,"calmar":-100,"sqn":9.0609,"profit_factor":0.0,"max_drawdown_account":0.0,"max_drawdown_abs":0.0},{"key":"stop_loss","trades":39,"profit_mean":-0.010373035152714458,"profit_mean_pct":-1.04,"profit_total_abs":-39.24007553999999,"profit_total":-0.039240075539999995,"profit_total_pct":-3.92,"duration_avg":"1:13:00","wins":0,"draws":0,"losses":39,"winrate":0.0,"cagr":-0.675003035668498,"expectancy":-1.0061557830769228,"expectancy_ratio":-1.0,"sortino":-3998.12146581404,"sharpe":-3998.12146581404,"calmar":-146.9613321118676,"sqn":-430.0115,"profit_factor":0.0,"max_drawdown_account":0.03924007554000002,"max_drawdown_abs":39.24007554},{"key":"TOTAL","trades":48,"profit_mean":-0.00439417892375051,"profit_mean_pct":-0.44,"profit_total_abs":-20.460630899999998,"profit_total":-0.0204606309,"profit_total_pct":-2.05,"duration_avg":"1:20:00","wins":9,"draws":0,"losses":39,"winrate":0.1875,"cagr":-0.4403423384878783,"expectancy":-0.42626314374999974,"expectancy_ratio":-0.42365521415227103,"sortino":-2084.707699453833,"sharpe":-24.254807253625717,"calmar":-146.961332111868,"sqn":-2.3572,"profit_factor":0.4785781979664355,"max_drawdown_account":0.020460630899999957,"max_drawdown_abs":20.460630899999995}],"mix_tag_stats":[{"key":["","roi"],"trades":9,"profit_mean":0.021514198068426596,"profit_mean_pct":2.15,"profit_total_abs":18.77944464,"profit_total":0.01877944464,"profit_total_pct":1.88,"duration_avg":"1:53:00","wins":9,"draws":0,"losses":0,"winrate":1.0,"cagr":0.686034355555013,"expectancy":2.0866049600000003,"expectancy_ratio":100.0,"sortino":-100,"sharpe":42.37140057594454,"calmar":-100,"sqn":9.0609,"profit_factor":0.0,"max_drawdown_account":0.0,"max_drawdown_abs":0.0},{"key":["","stop_loss"],"trades":39,"profit_mean":-0.010373035152714458,"profit_mean_pct":-1.04,"profit_total_abs":-39.24007553999999,"profit_total":-0.039240075539999995,"profit_total_pct":-3.92,"duration_avg":"1:13:00","wins":0,"draws":0,"losses":39,"winrate":0.0,"cagr":-0.675003035668498,"expectancy":-1.0061557830769228,"expectancy_ratio":-1.0,"sortino":-3998.12146581404,"sharpe":-3998.12146581404,"calmar":-146.9613321118676,"sqn":-430.0115,"profit_factor":0.0,"max_drawdown_account":0.03924007554000002,"max_drawdown_abs":39.24007554},{"key":"TOTAL","trades":48,"profit_mean":-0.00439417892375051,"profit_mean_pct":-0.44,"profit_total_abs":-20.460630899999998,"profit_total":-0.0204606309,"profit_total_pct":-2.05,"duration_avg":"1:20:00","wins":9,"draws":0,"losses":39,"winrate":0.1875,"cagr":-0.4403423384878783,"expectancy":-0.42626314374999974,"expectancy_ratio":-0.42365521415227103,"sortino":-2084.707699453833,"sharpe":-24.254807253625717,"calmar":-146.961332111868,"sqn":-2.3572,"profit_factor":0.4785781979664355,"max_drawdown_account":0.020460630899999957,"max_drawdown_abs":20.460630899999995}],"left_open_trades":[{"key":"TOTAL","trades":0,"profit_mean":0.0,"profit_mean_pct":0.0,"profit_total_abs":0.0,"profit_total":0.0,"profit_total_pct":0.0,"duration_avg":"0:00","wins":0,"draws":0,"losses":0,"winrate":0.0,"cagr":0.0,"expectancy":0.0,"expectancy_ratio":100.0,"sortino":0,"sharpe":0,"calmar":0,"sqn":0.0,"profit_factor":0.0,"max_drawdown_account":0.0,"max_drawdown_abs":0.0}],"total_trades":48,"trade_count_long":48,"trade_count_short":0,"total_volume":9290.14356345619,"avg_stake_amount":96.94675916666667,"profit_mean":-0.00439417892375051,"profit_median":-0.010395920771394075,"profit_total":-0.0204606309,"profit_total_long":-0.0204606309,"profit_total_short":0.0,"profit_total_abs":-20.460630899999998,"profit_total_long_abs":-20.460630899999998,"profit_total_short_abs":0.0,"cagr":-0.4403423384878783,"expectancy":-0.42626314374999974,"expectancy_ratio":-0.42365521415227103,"sortino":-2084.707699453833,"sharpe":-24.254807253625717,"calmar":-146.961332111868,"sqn":-2.3572,"profit_factor":0.4785781979664355,"backtest_start":"2024-01-01 03:20:00","backtest_start_ts":1704079200000,"backtest_end":"2024-01-15 00:00:00","backtest_end_ts":1705276800000,"backtest_days":13,"backtest_run_start_ts":1768523663,"backtest_run_end_ts":1768523665,"trades_per_day":3.69,"market_change":-0.04578900133562548,"pairlist":["BTC/USDT:USDT","ETH/USDT:USDT","SOL/USDT:USDT","XRP/USDT:USDT","DOGE/USDT:USDT","LTC/USDT:USDT","LINK/USDT:USDT","UNI/USDT:USDT"],"stake_amount":"unlimited","stake_currency":"USDT","stake_currency_decimals":3,"starting_balance":1000,"dry_run_wallet":1000,"final_balance":979.5393691,"rejected_signals":0,"timedout_entry_orders":0,"timedout_exit_orders":0,"canceled_trade_entries":0,"canceled_entry_orders":0,"replaced_entry_orders":0,"max_open_trades":8,"max_open_trades_setting":10,"timeframe":"1m","timeframe_detail":"","timerange":"20240101-20240115","enable_protections":false,"strategy_name":"FutureUltraMomentum","freqaimodel":null,"freqai_identifier":null,"stoploss":-0.01,"trailing_stop":false,"trailing_stop_positive":null,"trailing_stop_positive_offset":0.0,"trailing_only_offset_is_reached":false,"use_custom_stoploss":false,"minimal_roi":{"0":0.03,"60":0.02,"180":0.015,"360":0.01},"use_exit_signal":true,"exit_profit_only":false,"exit_profit_offset":0.0,"ignore_roi_if_entry_signal":false,"trading_mode":"futures","margin_mode":"isolated","periodic_breakdown":{"day":[{"date":"01/01/2024","date_ts":1704067200000,"profit_abs":-1.02059073,"wins":0,"draws":0,"losses":1,"trades":1,"profit_factor":0.0},{"date":"02/01/2024","date_ts":1704153600000,"profit_abs":-2.04011178,"wins":0,"draws":0,"losses":2,"trades":2,"profit_factor":0.0},{"date":"03/01/2024","date_ts":1704240000000,"profit_abs":-3.01438088,"wins":0,"draws":0,"losses":3,"trades":3,"profit_factor":0.0},{"date":"04/01/2024","date_ts":1704326400000,"profit_abs":-2.03435414,"wins":0,"draws":0,"losses":2,"trades":2,"profit_factor":0.0},{"date":"05/01/2024","date_ts":1704412800000,"profit_abs":0.4551985,"wins":1,"draws":0,"losses":1,"trades":2,"profit_factor":1.44922582},{"date":"06/01/2024","date_ts":1704499200000,"profit_abs":0.0,"wins":0,"draws":0,"losses":0,"trades":0,"profit_factor":0.0},{"date":"07/01/2024","date_ts":1704585600000,"profit_abs":0.0,"wins":0,"draws":0,"losses":0,"trades":0,"profit_factor":0.0},{"date":"08/01/2024","date_ts":1704672000000,"profit_abs":-2.70092673,"wins":2,"draws":0,"losses":6,"trades":8,"profit_factor":0.55517212},{"date":"09/01/2024","date_ts":1704758400000,"profit_abs":-1.40109198,"wins":4,"draws":0,"losses":11,"trades":15,"profit_factor":0.87286298},{"date":"10/01/2024","date_ts":1704844800000,"profit_abs":-5.10022681,"wins":1,"draws":0,"losses":8,"trades":9,"profit_factor":0.36316968},{"date":"11/01/2024","date_ts":1704931200000,"profit_abs":-0.59980127,"wins":1,"draws":0,"losses":2,"trades":3,"profit_factor":0.70189563},{"date":"12/01/2024","date_ts":1705017600000,"profit_abs":-0.99563761,"wins":0,"draws":0,"losses":1,"trades":1,"profit_factor":0.0},{"date":"13/01/2024","date_ts":1705104000000,"profit_abs":0.0,"wins":0,"draws":0,"losses":0,"trades":0,"profit_factor":0.0},{"date":"14/01/2024","date_ts":1705190400000,"profit_abs":-2.00870747,"wins":0,"draws":0,"losses":2,"trades":2,"profit_factor":0.0}],"week":[{"date":"01/01/2024","date_ts":1704067200000,"profit_abs":-1.02059073,"wins":0,"draws":0,"losses":1,"trades":1,"profit_factor":0.0},{"date":"08/01/2024","date_ts":1704672000000,"profit_abs":-9.33457503,"wins":3,"draws":0,"losses":14,"trades":17,"profit_factor":0.34142922},{"date":"15/01/2024","date_ts":1705276800000,"profit_abs":-10.10546514,"wins":6,"draws":0,"losses":24,"trades":30,"profit_factor":0.57973563}],"month":[{"date":"31/01/2024","date_ts":1706659200000,"profit_abs":-20.4606309,"wins":9,"draws":0,"losses":39,"trades":48,"profit_factor":0.4785782}],"year":[{"date":"31/12/2024","date_ts":1735603200000,"profit_abs":-20.4606309,"wins":9,"draws":0,"losses":39,"trades":48,"profit_factor":0.4785782}],"weekday":[{"date":"Monday","date_ts":0,"profit_abs":-3.72151746,"wins":2,"draws":0,"losses":7,"trades":9,"profit_factor":0.47528371},{"date":"Tuesday","date_ts":1,"profit_abs":-3.44120376,"wins":4,"draws":0,"losses":13,"trades":17,"profit_factor":0.73651706},{"date":"Wednesday","date_ts":2,"profit_abs":-8.11460769,"wins":1,"draws":0,"losses":11,"trades":12,"profit_factor":0.26385762},{"date":"Thursday","date_ts":3,"profit_abs":-2.63415541,"wins":1,"draws":0,"losses":4,"trades":5,"profit_factor":0.34901347},{"date":"Friday","date_ts":4,"profit_abs":-0.54043911,"wins":1,"draws":0,"losses":2,"trades":3,"profit_factor":0.73098203},{"date":"Sunday","date_ts":6,"profit_abs":-2.00870747,"wins":0,"draws":0,"losses":2,"trades":2,"profit_factor":0.0}]},"backtest_best_day":0.00460107976352416,"backtest_worst_day":-0.05289907878105887,"backtest_best_day_abs":0.4551985,"backtest_worst_day_abs":-5.10022681,"winning_days":1,"draw_days":3,"losing_days":10,"daily_profit":[["2024-01-01",-1.02059073],["2024-01-02",-2.04011178],["2024-01-03",-3.01438088],["2024-01-04",-2.03435414],["2024-01-05",0.4551985],["2024-01-06",0.0],["2024-01-07",0.0],["2024-01-08",-2.70092673],["2024-01-09",-1.40109198],["2024-01-10",-5.10022681],["2024-01-11",-0.59980127],["2024-01-12",-0.99563761],["2024-01-13",0.0],["2024-01-14",-2.00870747]],"wins":9,"losses":39,"draws":0,"winrate":0.1875,"holding_avg":"1:20:00","holding_avg_s":4800.0,"winner_holding_min":"0d 00:02","winner_holding_min_s":120.0,"winner_holding_max":"0d 05:07","winner_holding_max_s":18420.0,"winner_holding_avg":"0d 01:53","winner_holding_avg_s":6780.0,"loser_holding_min":"0d 00:00","loser_holding_min_s":0.0,"loser_holding_max":"0d 18:17","loser_holding_max_s":65820.0,"loser_holding_avg":"0d 01:13","loser_holding_avg_s":4380.0,"max_consecutive_wins":2,"max_consecutive_losses":13,"max_drawdown_account":0.020460630899999957,"max_relative_drawdown":0.020460630899999957,"max_drawdown_abs":20.460630899999995,"drawdown_start":"2024-01-01 16:31:00","drawdown_start_ts":1704126660000.0,"drawdown_end":"2024-01-14 17:08:00","drawdown_end_ts":1705252080000.0,"drawdown_duration":"13 days 00:37:00","drawdown_duration_s":1125420.0,"max_drawdown_low":-20.460630899999995,"max_drawdown_high":0.0,"csum_min":979.5393691,"csum_max":998.97940927}},"strategy_comparison":[{"key":"FutureUltraMomentum","trades":48,"profit_mean":-0.00439417892375051,"profit_mean_pct":-0.44,"profit_total_abs":-20.460630899999998,"profit_total":-0.0204606309,"profit_total_pct":-2.05,"duration_avg":"1:20:00","wins":9,"draws":0,"losses":39,"winrate":0.1875,"cagr":-0.4403423384878783,"expectancy":-0.42626314374999974,"expectancy_ratio":-0.42365521415227103,"sortino":-2084.707699453833,"sharpe":-24.254807253625717,"calmar":-146.961332111868,"sqn":-2.3572,"profit_factor":0.4785781979664355,"max_drawdown_account":0.020460630899999957,"max_drawdown_abs":"20.461"}]}