{"strategy":{"NineSecondSniper":{"trades":[{"pair":"XRP/USDT:USDT","stake_amount":98.7019,"max_stake_amount":98.7019,"amount":53.0,"open_date":"2026-01-01 16:01:00+00:00","close_date":"2026-01-01 17:30:00+00:00","open_rate":1.8623,"close_rate":1.872358431686337,"fee_open":0.0002,"fee_close":0.0002,"trade_duration":89,"profit_ratio":0.004999000199960008,"profit_abs":0.4935095,"exit_reason":"roi","initial_stop_loss_abs":1.7692,"initial_stop_loss_ratio":-0.05,"stop_loss_abs":1.7692,"stop_loss_ratio":-0.05,"min_rate":1.8542,"max_rate":1.8743,"is_open":false,"enter_tag":"","leverage":1.0,"is_short":false,"open_timestamp":1767283260000,"close_timestamp":1767288600000,"orders":[{"amount":53.0,"safe_price":1.8623,"ft_order_side":"buy","order_filled_timestamp":1767283260000,"ft_is_entry":true,"ft_order_tag":"","cost":98.72164038000001},{"amount":53.0,"safe_price":1.872358431686337,"ft_order_side":"sell","order_filled_timestamp":1767288600000,"ft_is_entry":false,"ft_order_tag":"roi","cost":99.25484387875174}],"funding_fees":0.0,"weekday":3},{"pair":"DOGE/USDT:USDT","stake_amount":98.5604,"max_stake_amount":98.5604,"amount":790.0,"open_date":"2026-01-01 16:02:00+00:00","close_date":"2026-01-01 17:45:00+00:00","open_rate":0.12476,"close_rate":0.12543383876775352,"fee_open":0.0002,"fee_close":0.0002,"trade_duration":103,"profit_ratio":0.004999000199960008,"profit_abs":0.492802,"exit_reason":"roi","initial_stop_loss_abs":0.11853,"initial_stop_loss_ratio":-0.05,"stop_loss_abs":0.11853,"stop_loss_ratio":-0.05,"min_rate":0.12356,"max_rate":0.12549,"is_open":false,"enter_tag":"","leverage":1.0,"is_short":false,"open_timestamp":1767283320000,"close_timestamp":1767289500000,"orders":[{"amount":790.0,"safe_price":0.12476,"ft_order_side":"buy","order_filled_timestamp":1767283320000,"ft_is_entry":true,"ft_order_tag":"","cost":98.58011207999999},{"amount":790.0,"safe_price":0.12543383876775352,"ft_order_side":"sell","order_filled_timestamp":1767289500000,"ft_is_entry":false,"ft_order_tag":"roi","cost":99.11255117305058}],"funding_fees":0.0,"weekday":3},{"pair":"DOGE/USDT:USDT","stake_amount":98.7026,"max_stake_amount":98.7026,"amount":790.0,"open_date":"2026-01-01 18:07:00+00:00","close_date":"2026-01-01 19:39:00+00:00","open_rate":0.12494,"close_rate":0.12561481096219243,"fee_open":0.0002,"fee_close":0.0002,"trade_duration":92,"profit_ratio":0.004999000199960008,"profit_abs":0.493513,"exit_reason":"roi","initial_stop_loss_abs":0.1187,"initial_stop_loss_ratio":-0.05,"stop_loss_abs":0.1187,"stop_loss_ratio":-0.05,"min_rate":0.12447,"max_rate":0.12569,"is_open":false,"enter_tag":"","leverage":1.0,"is_short":false,"open_timestamp":1767290820000,"close_timestamp":1767296340000,"orders":[{"amount":790.0,"safe_price":0.12494,"ft_order_side":"buy","order_filled_timestamp":1767290820000,"ft_is_entry":true,"ft_order_tag":"","cost":98.72234051999999},{"amount":790.0,"safe_price":0.12561481096219243,"ft_order_side":"sell","order_filled_timestamp":1767296340000,"ft_is_entry":false,"ft_order_tag":"roi","cost":99.25554780026405}],"funding_fees":0.0,"weekday":3},{"pair":"DOGE/USDT:USDT","stake_amount":99.0786,"max_stake_amount":99.0786,"amount":740.0,"open_date":"2026-01-02 15:05:00+00:00","close_date":"2026-01-02 15:39:00+00:00","open_rate":0.13389,"close_rate":0.1352827345469094,"fee_open":0.0002,"fee_close":0.0002,"trade_duration":34,"profit_ratio":0.009998000399920015,"profit_abs":0.990786,"exit_reason":"roi","initial_stop_loss_abs":0.1272,"initial_stop_loss_ratio":-0.05,"stop_loss_abs":0.1272,"stop_loss_ratio":-0.05,"min_rate":0.13298,"max_rate":0.13623,"is_open":false,"enter_tag":"","leverage":1.0,"is_short":false,"open_timestamp":1767366300000,"close_timestamp":1767368340000,"orders":[{"amount":740.0,"safe_price":0.13389,"ft_order_side":"buy","order_filled_timestamp":1767366300000,"ft_is_entry":true,"ft_order_tag":"","cost":99.09841572},{"amount":740.0,"safe_price":0.1352827345469094,"ft_order_side":"sell","order_filled_timestamp":1767368340000,"ft_is_entry":false,"ft_order_tag":"roi","cost":100.12924540942589}],"funding_fees":0.0,"weekday":4},{"pair":"DOGE/USDT:USDT","stake_amount":98.8055,"max_stake_amount":98.8055,"amount":730.0,"open_date":"2026-01-02 16:01:00+00:00","close_date":"2026-01-02 16:22:00+00:00","open_rate":0.13535,"close_rate":0.13675792158431685,"fee_open":0.0002,"fee_close":0.0002,"trade_duration":21,"profit_ratio":0.009998000399920015,"profit_abs":0.988055,"exit_reason":"roi","initial_stop_loss_abs":0.12859,"initial_stop_loss_ratio":-0.05,"stop_loss_abs":0.12859,"stop_loss_ratio":-0.05,"min_rate":0.1347,"max_rate":0.13785,"is_open":false,"enter_tag":"","leverage":1.0,"is_short":false,"open_timestamp":1767369660000,"close_timestamp":1767370920000,"orders":[{"amount":730.0,"safe_price":0.13535,"ft_order_side":"buy","order_filled_timestamp":1767369660000,"ft_is_entry":true,"ft_order_tag":"","cost":98.82526109999999},{"amount":730.0,"safe_price":0.13675792158431685,"ft_order_side":"sell","order_filled_timestamp":1767370920000,"ft_is_entry":false,"ft_order_tag":"roi","cost":99.8532494131026}],"funding_fees":0.0,"weekday":4},{"pair":"DOGE/USDT:USDT","stake_amount":98.1007,"max_stake_amount":98.1007,"amount":710.0,"open_date":"2026-01-02 16:48:00+00:00","close_date":"2026-01-02 17:45:00+00:00","open_rate":0.13817,"close_rate":0.1396072554510902,"fee_open":0.0002,"fee_close":0.0002,"trade_duration":57,"profit_ratio":0.009998000399920015,"profit_abs":0.981007,"exit_reason":"roi","initial_stop_loss_abs":0.13127,"initial_stop_loss_ratio":-0.05,"stop_loss_abs":0.13127,"stop_loss_ratio":-0.05,"min_rate":0.13758,"max_rate":0.13977,"is_open":false,"enter_tag":"","leverage":1.0,"is_short":false,"open_timestamp":1767372480000,"close_timestamp":1767375900000,"orders":[{"amount":710.0,"safe_price":0.13817,"ft_order_side":"buy","order_filled_timestamp":1767372480000,"ft_is_entry":true,"ft_order_tag":"","cost":98.12032013999999},{"amount":710.0,"safe_price":0.1396072554510902,"ft_order_side":"sell","order_filled_timestamp":1767375900000,"ft_is_entry":false,"ft_order_tag":"roi","cost":99.1409756005481}],"funding_fees":0.0,"weekday":4},{"pair":"XRP/USDT:USDT","stake_amount":97.51,"max_stake_amount":97.51,"amount":49.0,"open_date":"2026-01-02 18:20:00+00:00","close_date":"2026-01-02 21:34:00+00:00","open_rate":1.99,"close_rate":2.0007481496299255,"fee_open":0.0002,"fee_close":0.0002,"trade_duration":194,"profit_ratio":0.004999000199960008,"profit_abs":0.48755,"exit_reason":"roi","initial_stop_loss_abs":1.8905,"initial_stop_loss_ratio":-0.05,"stop_loss_abs":1.8905,"stop_loss_ratio":-0.05,"min_rate":1.9682,"max_rate":2.0025,"is_open":false,"enter_tag":"","leverage":1.0,"is_short":false,"open_timestamp":1767378000000,"close_timestamp":1767389640000,"orders":[{"amount":49.0,"safe_price":1.99,"ft_order_side":"buy","order_filled_timestamp":1767378000000,"ft_is_entry":true,"ft_order_tag":"","cost":97.52950200000001},{"amount":49.0,"safe_price":2.0007481496299255,"ft_order_side":"sell","order_filled_timestamp":1767389640000,"ft_is_entry":false,"ft_order_tag":"roi","cost":98.05626666373271}],"funding_fees":0.0,"weekday":4},{"pair":"DOGE/USDT:USDT","stake_amount":99.197,"max_stake_amount":99.197,"amount":700.0,"open_date":"2026-01-02 22:03:00+00:00","close_date":"2026-01-02 22:05:00+00:00","open_rate":0.14171,"close_rate":0.14318407881576314,"fee_open":0.0002,"fee_close":0.0002,"trade_duration":2,"profit_ratio":0.009998000399920017,"profit_abs":0.99197,"exit_reason":"roi","initial_stop_loss_abs":0.13463,"initial_stop_loss_ratio":-0.05,"stop_loss_abs":0.13463,"stop_loss_ratio":-0.05,"min_rate":0.14144,"max_rate":0.14368,"is_open":false,"enter_tag":"","leverage":1.0,"is_short":false,"open_timestamp":1767391380000,"close_timestamp":1767391500000,"orders":[{"amount":700.0,"safe_price":0.14171,"ft_order_side":"buy","order_filled_timestamp":1767391380000,"ft_is_entry":true,"ft_order_tag":"","cost":99.2168394},{"amount":700.0,"safe_price":0.14318407881576314,"ft_order_side":"sell","order_filled_timestamp":1767391500000,"ft_is_entry":false,"ft_order_tag":"roi","cost":100.2489009420684}],"funding_fees":0.0,"weekday":4},{"pair":"DOGE/USDT:USDT","stake_amount":99.4497,"max_stake_amount":99.4497,"amount":690.0,"open_date":"2026-01-02 22:54:00+00:00","close_date":"2026-01-02 23:25:00+00:00","open_rate":0.14413,"close_rate":0.14196,"fee_open":0.0002,"fee_close":0.0002,"trade_duration":31,"profit_ratio":-0.015449751234794322,"profit_abs":-1.53678042,"exit_reason":"custom_exit","initial_stop_loss_abs":0.13693,"initial_stop_loss_ratio":-0.05,"stop_loss_abs":0.13693,"stop_loss_ratio":-0.05,"min_rate":0.14194,"max_rate":0.14495,"is_open":false,"enter_tag":"","leverage":1.0,"is_short":false,"open_timestamp":1767394440000,"close_timestamp":1767396300000,"orders":[{"amount":690.0,"safe_price":0.14413,"ft_order_side":"buy","order_filled_timestamp":1767394440000,"ft_is_entry":true,"ft_order_tag":"","cost":99.46958994},{"amount":690.0,"safe_price":0.14196,"ft_order_side":"sell","order_filled_timestamp":1767396300000,"ft_is_entry":false,"ft_order_tag":"custom_exit","cost":97.97199047999999}],"funding_fees":0.0,"weekday":4},{"pair":"XRP/USDT:USDT","stake_amount":98.8428,"max_stake_amount":98.8428,"amount":49.0,"open_date":"2026-01-02 22:38:00+00:00","close_date":"2026-01-03 00:25:00+00:00","open_rate":2.0172,"close_rate":2.028095059011802,"fee_open":0.0002,"fee_close":0.0002,"trade_duration":107,"profit_ratio":0.004899580266377817,"profit_abs":0.48438509,"exit_reason":"roi","initial_stop_loss_abs":1.9164,"initial_stop_loss_ratio":-0.05,"stop_loss_abs":1.9164,"stop_loss_ratio":-0.05,"min_rate":2.004,"max_rate":2.0293,"is_open":false,"enter_tag":"","leverage":1.0,"is_short":false,"open_timestamp":1767393480000,"close_timestamp":1767399900000,"orders":[{"amount":49.0,"safe_price":2.0172,"ft_order_side":"buy","order_filled_timestamp":1767393480000,"ft_is_entry":true,"ft_order_tag":"","cost":98.86256856},{"amount":49.0,"safe_price":2.028095059011802,"ft_order_side":"sell","order_filled_timestamp":1767399900000,"ft_is_entry":false,"ft_order_tag":"roi","cost":99.39653322315662}],"funding_fees":-0.00982891,"weekday":5},{"pair":"DOGE/USDT:USDT","stake_amount":98.4492,"max_stake_amount":98.4492,"amount":690.0,"open_date":"2026-01-03 02:32:00+00:00","close_date":"2026-01-03 03:32:00+00:00","open_rate":0.14268,"close_rate":0.14347,"fee_open":0.0002,"fee_close":0.0002,"trade_duration":60,"profit_ratio":0.005134731394063211,"profit_abs":0.5056113,"exit_reason":"roi","initial_stop_loss_abs":0.13555,"initial_stop_loss_ratio":-0.05,"stop_loss_abs":0.13555,"stop_loss_ratio":-0.05,"min_rate":0.1423,"max_rate":0.14394,"is_open":false,"enter_tag":"","leverage":1.0,"is_short":false,"open_timestamp":1767407520000,"close_timestamp":1767411120000,"orders":[{"amount":690.0,"safe_price":0.14268,"ft_order_side":"buy","order_filled_timestamp":1767407520000,"ft_is_entry":true,"ft_order_tag":"","cost":98.46888984},{"amount":690.0,"safe_price":0.14347,"ft_order_side":"sell","order_filled_timestamp":1767411120000,"ft_is_entry":false,"ft_order_tag":"roi","cost":99.01409885999999}],"funding_fees":0.0,"weekday":5},{"pair":"DOGE/USDT:USDT","stake_amount":99.3858,"max_stake_amount":99.3858,"amount":710.0,"open_date":"2026-01-03 07:32:00+00:00","close_date":"2026-01-03 08:33:00+00:00","open_rate":0.13998,"close_rate":0.14073604320864172,"fee_open":0.0002,"fee_close":0.0002,"trade_duration":61,"profit_ratio":0.004899048765757636,"profit_abs":0.48699326,"exit_reason":"roi","initial_stop_loss_abs":0.13299,"initial_stop_loss_ratio":-0.05,"stop_loss_abs":0.13299,"stop_loss_ratio":-0.05,"min_rate":0.1393,"max_rate":0.14107,"is_open":false,"enter_tag":"","leverage":1.0,"is_short":false,"open_timestamp":1767425520000,"close_timestamp":1767429180000,"orders":[{"amount":710.0,"safe_price":0.13998,"ft_order_side":"buy","order_filled_timestamp":1767425520000,"ft_is_entry":true,"ft_order_tag":"","cost":99.40567715999998},{"amount":710.0,"safe_price":0.14073604320864172,"ft_order_side":"sell","order_filled_timestamp":1767429180000,"ft_is_entry":false,"ft_order_tag":"roi","cost":99.94257519627125}],"funding_fees":-0.009935740000000002,"weekday":5},{"pair":"DOGE/USDT:USDT","stake_amount":99.351,"max_stake_amount":99.351,"amount":700.0,"open_date":"2026-01-03 09:43:00+00:00","close_date":"2026-01-03 10:43:00+00:00","open_rate":0.14193,"close_rate":0.1427,"fee_open":0.0002,"fee_close":0.0002,"trade_duration":60,"profit_ratio":0.005023119944460344,"profit_abs":0.4991518,"exit_reason":"roi","initial_stop_loss_abs":0.13484,"initial_stop_loss_ratio":-0.05,"stop_loss_abs":0.13484,"stop_loss_ratio":-0.05,"min_rate":0.14183,"max_rate":0.14324,"is_open":false,"enter_tag":"","leverage":1.0,"is_short":false,"open_timestamp":1767433380000,"close_timestamp":1767436980000,"orders":[{"amount":700.0,"safe_price":0.14193,"ft_order_side":"buy","order_filled_timestamp":1767433380000,"ft_is_entry":true,"ft_order_tag":"","cost":99.3708702},{"amount":700.0,"safe_price":0.1427,"ft_order_side":"sell","order_filled_timestamp":1767436980000,"ft_is_entry":false,"ft_order_tag":"roi","cost":99.909978}],"funding_fees":0.0,"weekday":5},{"pair":"DOGE/USDT:USDT","stake_amount":98.4423,"max_stake_amount":98.4423,"amount":690.0,"open_date":"2026-01-03 21:27:00+00:00","close_date":"2026-01-03 23:17:00+00:00","open_rate":0.14267,"close_rate":0.14344057211442288,"fee_open":0.0002,"fee_close":0.0002,"trade_duration":110,"profit_ratio":0.004999000199960009,"profit_abs":0.4922115,"exit_reason":"roi","initial_stop_loss_abs":0.13554,"initial_stop_loss_ratio":-0.05,"stop_loss_abs":0.13554,"stop_loss_ratio":-0.05,"min_rate":0.1421,"max_rate":0.14345,"is_open":false,"enter_tag":"","leverage":1.0,"is_short":false,"open_timestamp":1767475620000,"close_timestamp":1767482220000,"orders":[{"amount":690.0,"safe_price":0.14267,"ft_order_side":"buy","order_filled_timestamp":1767475620000,"ft_is_entry":true,"ft_order_tag":"","cost":98.46198845999999},{"amount":690.0,"safe_price":0.14344057211442288,"ft_order_side":"sell","order_filled_timestamp":1767482220000,"ft_is_entry":false,"ft_order_tag":"roi","cost":98.99378955790358}],"funding_fees":0.0,"weekday":5},{"pair":"DOGE/USDT:USDT","stake_amount":98.5932,"max_stake_amount":98.5932,"amount":680.0,"open_date":"2026-01-04 00:34:00+00:00","close_date":"2026-01-04 00:34:00+00:00","open_rate":0.14499,"close_rate":0.14649819763952793,"fee_open":0.0002,"fee_close":0.0002,"trade_duration":0,"profit_ratio":0.009998000399920015,"profit_abs":0.985932,"exit_reason":"roi","initial_stop_loss_abs":0.13775,"initial_stop_loss_ratio":-0.05,"stop_loss_abs":0.13775,"stop_loss_ratio":-0.05,"min_rate":0.14498,"max_rate":0.1472,"is_open":false,"enter_tag":"","leverage":1.0,"is_short":false,"open_timestamp":1767486840000,"close_timestamp":1767486840000,"orders":[{"amount":680.0,"safe_price":0.14499,"ft_order_side":"buy","order_filled_timestamp":1767486840000,"ft_is_entry":true,"ft_order_tag":"","cost":98.61291864},{"amount":680.0,"safe_price":0.14649819763952793,"ft_order_side":"sell","order_filled_timestamp":1767486840000,"ft_is_entry":false,"ft_order_tag":"roi","cost":99.63869814975797}],"funding_fees":0.0,"weekday":6},{"pair":"DOGE/USDT:USDT","stake_amount":99.4024,"max_stake_amount":99.4024,"amount":680.0,"open_date":"2026-01-04 01:56:00+00:00","close_date":"2026-01-04 02:59:00+00:00","open_rate":0.14618,"close_rate":0.1469695299059812,"fee_open":0.0002,"fee_close":0.0002,"trade_duration":63,"profit_ratio":0.004999000199960009,"profit_abs":0.497012,"exit_reason":"roi","initial_stop_loss_abs":0.13888,"initial_stop_loss_ratio":-0.05,"stop_loss_abs":0.13888,"stop_loss_ratio":-0.05,"min_rate":0.14594,"max_rate":0.14741,"is_open":false,"enter_tag":"","leverage":1.0,"is_short":false,"open_timestamp":1767491760000,"close_timestamp":1767495540000,"orders":[{"amount":680.0,"safe_price":0.14618,"ft_order_side":"buy","order_filled_timestamp":1767491760000,"ft_is_entry":true,"ft_order_tag":"","cost":99.42228048},{"amount":680.0,"safe_price":0.1469695299059812,"ft_order_side":"sell","order_filled_timestamp":1767495540000,"ft_is_entry":false,"ft_order_tag":"roi","cost":99.95926819213443}],"funding_fees":0.0,"weekday":6},{"pair":"XRP/USDT:USDT","stake_amount":98.7552,"max_stake_amount":98.7552,"amount":48.0,"open_date":"2026-01-04 03:59:00+00:00","close_date":"2026-01-04 05:22:00+00:00","open_rate":2.0574,"close_rate":2.068512182436487,"fee_open":0.0002,"fee_close":0.0002,"trade_duration":83,"profit_ratio":0.004999000199960008,"profit_abs":0.493776,"exit_reason":"roi","initial_stop_loss_abs":1.9546,"initial_stop_loss_ratio":-0.05,"stop_loss_abs":1.9546,"stop_loss_ratio":-0.05,"min_rate":2.0514,"max_rate":2.0703,"is_open":false,"enter_tag":"","leverage":1.0,"is_short":false,"open_timestamp":1767499140000,"close_timestamp":1767504120000,"orders":[{"amount":48.0,"safe_price":2.0574,"ft_order_side":"buy","order_filled_timestamp":1767499140000,"ft_is_entry":true,"ft_order_tag":"","cost":98.77495104},{"amount":48.0,"safe_price":2.068512182436487,"ft_order_side":"sell","order_filled_timestamp":1767504120000,"ft_is_entry":false,"ft_order_tag":"roi","cost":99.30844247390276}],"funding_fees":0.0,"weekday":6},{"pair":"DOGE/USDT:USDT","stake_amount":99.229,"max_stake_amount":99.229,"amount":650.0,"open_date":"2026-01-04 06:18:00+00:00","close_date":"2026-01-04 06:50:00+00:00","open_rate":0.15266,"close_rate":0.14991,"fee_open":0.0002,"fee_close":0.0002,"trade_duration":32,"profit_ratio":-0.018406602971296215,"profit_abs":-1.8268341,"exit_reason":"custom_exit","initial_stop_loss_abs":0.14503,"initial_stop_loss_ratio":-0.05,"stop_loss_abs":0.14503,"stop_loss_ratio":-0.05,"min_rate":0.14923,"max_rate":0.15419,"is_open":false,"enter_tag":"","leverage":1.0,"is_short":false,"open_timestamp":1767507480000,"close_timestamp":1767509400000,"orders":[{"amount":650.0,"safe_price":0.15266,"ft_order_side":"buy","order_filled_timestamp":1767507480000,"ft_is_entry":true,"ft_order_tag":"","cost":99.2488458},{"amount":650.0,"safe_price":0.14991,"ft_order_side":"sell","order_filled_timestamp":1767509400000,"ft_is_entry":false,"ft_order_tag":"custom_exit","cost":97.46098829999998}],"funding_fees":0.0,"weekday":6},{"pair":"DOGE/USDT:USDT","stake_amount":98.2605,"max_stake_amount":98.2605,"amount":650.0,"open_date":"2026-01-04 16:40:00+00:00","close_date":"2026-01-04 17:09:00+00:00","open_rate":0.15117,"close_rate":0.1527424824964993,"fee_open":0.0002,"fee_close":0.0002,"trade_duration":29,"profit_ratio":0.009998000399920015,"profit_abs":0.982605,"exit_reason":"roi","initial_stop_loss_abs":0.14362,"initial_stop_loss_ratio":-0.05,"stop_loss_abs":0.14362,"stop_loss_ratio":-0.05,"min_rate":0.15083,"max_rate":0.15294,"is_open":false,"enter_tag":"","leverage":1.0,"is_short":false,"open_timestamp":1767544800000,"close_timestamp":1767546540000,"orders":[{"amount":650.0,"safe_price":0.15117,"ft_order_side":"buy","order_filled_timestamp":1767544800000,"ft_is_entry":true,"ft_order_tag":"","cost":98.2801521},{"amount":650.0,"safe_price":0.1527424824964993,"ft_order_side":"sell","order_filled_timestamp":1767546540000,"ft_is_entry":false,"ft_order_tag":"roi","cost":99.30247014544908}],"funding_fees":0.0,"weekday":6},{"pair":"DOGE/USDT:USDT","stake_amount":98.7294,"max_stake_amount":98.7294,"amount":660.0,"open_date":"2026-01-05 00:06:00+00:00","close_date":"2026-01-05 00:49:00+00:00","open_rate":0.14959,"close_rate":0.15114604720944186,"fee_open":0.0002,"fee_close":0.0002,"trade_duration":43,"profit_ratio":0.009998000399920015,"profit_abs":0.987294,"exit_reason":"roi","initial_stop_loss_abs":0.14212,"initial_stop_loss_ratio":-0.05,"stop_loss_abs":0.14212,"stop_loss_ratio":-0.05,"min_rate":0.14877,"max_rate":0.15124,"is_open":false,"enter_tag":"","leverage":1.0,"is_short":false,"open_timestamp":1767571560000,"close_timestamp":1767574140000,"orders":[{"amount":660.0,"safe_price":0.14959,"ft_order_side":"buy","order_filled_timestamp":1767571560000,"ft_is_entry":true,"ft_order_tag":"","cost":98.74914588},{"amount":660.0,"safe_price":0.15114604720944186,"ft_order_side":"sell","order_filled_timestamp":1767574140000,"ft_is_entry":false,"ft_order_tag":"roi","cost":99.77634243646327}],"funding_fees":0.0,"weekday":0},{"pair":"XRP/USDT:USDT","stake_amount":97.8558,"max_stake_amount":97.8558,"amount":46.0,"open_date":"2026-01-05 05:11:00+00:00","close_date":"2026-01-05 08:08:00+00:00","open_rate":2.1273,"close_rate":2.138789717943588,"fee_open":0.0002,"fee_close":0.0002,"trade_duration":177,"profit_ratio":0.005017636655468495,"profit_abs":0.49110305,"exit_reason":"roi","initial_stop_loss_abs":2.021,"initial_stop_loss_ratio":-0.05,"stop_loss_abs":2.021,"stop_loss_ratio":-0.05,"min_rate":2.1087,"max_rate":2.1395,"is_open":false,"enter_tag":"","leverage":1.0,"is_short":false,"open_timestamp":1767589860000,"close_timestamp":1767600480000,"orders":[{"amount":46.0,"safe_price":2.1273,"ft_order_side":"buy","order_filled_timestamp":1767589860000,"ft_is_entry":true,"ft_order_tag":"","cost":97.87537116},{"amount":46.0,"safe_price":2.138789717943588,"ft_order_side":"sell","order_filled_timestamp":1767600480000,"ft_is_entry":false,"ft_order_tag":"roi","cost":98.40400389081013}],"funding_fees":0.0018240515737078466,"weekday":0},{"pair":"DOGE/USDT:USDT","stake_amount":99.4158,"max_stake_amount":99.4158,"amount":660.0,"open_date":"2026-01-05 16:51:00+00:00","close_date":"2026-01-05 17:53:00+00:00","open_rate":0.15063,"close_rate":0.15144356471294257,"fee_open":0.0002,"fee_close":0.0002,"trade_duration":62,"profit_ratio":0.004999000199960008,"profit_abs":0.497079,"exit_reason":"roi","initial_stop_loss_abs":0.1431,"initial_stop_loss_ratio":-0.05,"stop_loss_abs":0.1431,"stop_loss_ratio":-0.05,"min_rate":0.14858,"max_rate":0.15156,"is_open":false,"enter_tag":"","leverage":1.0,"is_short":false,"open_timestamp":1767631860000,"close_timestamp":1767635580000,"orders":[{"amount":660.0,"safe_price":0.15063,"ft_order_side":"buy","order_filled_timestamp":1767631860000,"ft_is_entry":true,"ft_order_tag":"","cost":99.43568315999998},{"amount":660.0,"safe_price":0.15144356471294257,"ft_order_side":"sell","order_filled_timestamp":1767635580000,"ft_is_entry":false,"ft_order_tag":"roi","cost":99.9727432610842}],"funding_fees":0.0,"weekday":0},{"pair":"XRP/USDT:USDT","stake_amount":98.6625,"max_stake_amount":98.6625,"amount":45.0,"open_date":"2026-01-05 16:59:00+00:00","close_date":"2026-01-05 17:59:00+00:00","open_rate":2.1925,"close_rate":2.2043418683736746,"fee_open":0.0002,"fee_close":0.0002,"trade_duration":60,"profit_ratio":0.004999000199960008,"profit_abs":0.4933125,"exit_reason":"roi","initial_stop_loss_abs":2.0829,"initial_stop_loss_ratio":-0.05,"stop_loss_abs":2.0829,"stop_loss_ratio":-0.05,"min_rate":2.1672,"max_rate":2.207,"is_open":false,"enter_tag":"","leverage":1.0,"is_short":false,"open_timestamp":1767632340000,"close_timestamp":1767635940000,"orders":[{"amount":45.0,"safe_price":2.1925,"ft_order_side":"buy","order_filled_timestamp":1767632340000,"ft_is_entry":true,"ft_order_tag":"","cost":98.6822325},{"amount":45.0,"safe_price":2.2043418683736746,"ft_order_side":"sell","order_filled_timestamp":1767635940000,"ft_is_entry":false,"ft_order_tag":"roi","cost":99.21522315363072}],"funding_fees":0.0,"weekday":0},{"pair":"DOGE/USDT:USDT","stake_amount":98.7935,"max_stake_amount":98.7935,"amount":650.0,"open_date":"2026-01-05 19:01:00+00:00","close_date":"2026-01-05 20:25:00+00:00","open_rate":0.15199,"close_rate":0.15281091018203638,"fee_open":0.0002,"fee_close":0.0002,"trade_duration":84,"profit_ratio":0.004999000199960008,"profit_abs":0.4939675,"exit_reason":"roi","initial_stop_loss_abs":0.1444,"initial_stop_loss_ratio":-0.05,"stop_loss_abs":0.1444,"stop_loss_ratio":-0.05,"min_rate":0.15119,"max_rate":0.15316,"is_open":false,"enter_tag":"","leverage":1.0,"is_short":false,"open_timestamp":1767639660000,"close_timestamp":1767644700000,"orders":[{"amount":650.0,"safe_price":0.15199,"ft_order_side":"buy","order_filled_timestamp":1767639660000,"ft_is_entry":true,"ft_order_tag":"","cost":98.81325869999999},{"amount":650.0,"safe_price":0.15281091018203638,"ft_order_side":"sell","order_filled_timestamp":1767644700000,"ft_is_entry":false,"ft_order_tag":"roi","cost":99.34695703664731}],"funding_fees":0.0,"weekday":0},{"pair":"XRP/USDT:USDT","stake_amount":99.5794,"max_stake_amount":99.5794,"amount":43.0,"open_date":"2026-01-05 21:00:00+00:00","close_date":"2026-01-05 21:52:00+00:00","open_rate":2.3158,"close_rate":2.3398891378275652,"fee_open":0.0002,"fee_close":0.0002,"trade_duration":52,"profit_ratio":0.009998000399920015,"profit_abs":0.995794,"exit_reason":"roi","initial_stop_loss_abs":2.2001,"initial_stop_loss_ratio":-0.05,"stop_loss_abs":2.2001,"stop_loss_ratio":-0.05,"min_rate":2.3119,"max_rate":2.3435,"is_open":false,"enter_tag":"","leverage":1.0,"is_short":false,"open_timestamp":1767646800000,"close_timestamp":1767649920000,"orders":[{"amount":43.0,"safe_price":2.3158,"ft_order_side":"buy","order_filled_timestamp":1767646800000,"ft_is_entry":true,"ft_order_tag":"","cost":99.59931587999999},{"amount":43.0,"safe_price":2.3398891378275652,"ft_order_side":"sell","order_filled_timestamp":1767649920000,"ft_is_entry":false,"ft_order_tag":"roi","cost":100.63535597317062}],"funding_fees":0.0,"weekday":0},{"pair":"XRP/USDT:USDT","stake_amount":98.1089,"max_stake_amount":98.1089,"amount":41.0,"open_date":"2026-01-06 02:59:00+00:00","close_date":"2026-01-06 05:13:00+00:00","open_rate":2.3929,"close_rate":2.4058242448489695,"fee_open":0.0002,"fee_close":0.0002,"trade_duration":134,"profit_ratio":0.004999000199960008,"profit_abs":0.4905445,"exit_reason":"roi","initial_stop_loss_abs":2.2733,"initial_stop_loss_ratio":-0.05,"stop_loss_abs":2.2733,"stop_loss_ratio":-0.05,"min_rate":2.3653,"max_rate":2.4075,"is_open":false,"enter_tag":"","leverage":1.0,"is_short":false,"open_timestamp":1767668340000,"close_timestamp":1767676380000,"orders":[{"amount":41.0,"safe_price":2.3929,"ft_order_side":"buy","order_filled_timestamp":1767668340000,"ft_is_entry":true,"ft_order_tag":"","cost":98.12852178},{"amount":41.0,"safe_price":2.4058242448489695,"ft_order_side":"sell","order_filled_timestamp":1767676380000,"ft_is_entry":false,"ft_order_tag":"roi","cost":98.6585217976155}],"funding_fees":0.0,"weekday":1},{"pair":"DOGE/USDT:USDT","stake_amount":98.995,"max_stake_amount":98.995,"amount":650.0,"open_date":"2026-01-06 01:06:00+00:00","close_date":"2026-01-06 07:12:00+00:00","open_rate":0.1523,"close_rate":0.15051,"fee_open":0.0002,"fee_close":0.0002,"trade_duration":366,"profit_ratio":-0.012148338552906623,"profit_abs":-1.2028653,"exit_reason":"custom_exit","initial_stop_loss_abs":0.14469,"initial_stop_loss_ratio":-0.05,"stop_loss_abs":0.14469,"stop_loss_ratio":-0.05,"min_rate":0.1503,"max_rate":0.15337,"is_open":false,"enter_tag":"","leverage":1.0,"is_short":false,"open_timestamp":1767661560000,"close_timestamp":1767683520000,"orders":[{"amount":650.0,"safe_price":0.1523,"ft_order_side":"buy","order_filled_timestamp":1767661560000,"ft_is_entry":true,"ft_order_tag":"","cost":99.01479899999998},{"amount":650.0,"safe_price":0.15051,"ft_order_side":"sell","order_filled_timestamp":1767683520000,"ft_is_entry":false,"ft_order_tag":"custom_exit","cost":97.8510663}],"funding_fees":0.0,"weekday":1},{"pair":"XRP/USDT:USDT","stake_amount":97.9859,"max_stake_amount":97.9859,"amount":41.0,"open_date":"2026-01-06 14:29:00+00:00","close_date":"2026-01-06 15:38:00+00:00","open_rate":2.3899,"close_rate":2.36,"fee_open":0.0002,"fee_close":0.0002,"trade_duration":69,"profit_ratio":-0.012905900346354427,"profit_abs":-1.26484918,"exit_reason":"custom_exit","initial_stop_loss_abs":2.2705,"initial_stop_loss_ratio":-0.05,"stop_loss_abs":2.2705,"stop_loss_ratio":-0.05,"min_rate":2.3554,"max_rate":2.3984,"is_open":false,"enter_tag":"","leverage":1.0,"is_short":false,"open_timestamp":1767709740000,"close_timestamp":1767713880000,"orders":[{"amount":41.0,"safe_price":2.3899,"ft_order_side":"buy","order_filled_timestamp":1767709740000,"ft_is_entry":true,"ft_order_tag":"","cost":98.00549717999999},{"amount":41.0,"safe_price":2.36,"ft_order_side":"sell","order_filled_timestamp":1767713880000,"ft_is_entry":false,"ft_order_tag":"custom_exit","cost":96.77935199999999}],"funding_fees":0.0,"weekday":1},{"pair":"XRP/USDT:USDT","stake_amount":98.2335,"max_stake_amount":98.2335,"amount":43.0,"open_date":"2026-01-06 21:38:00+00:00","close_date":"2026-01-06 22:49:00+00:00","open_rate":2.2845,"close_rate":2.2968387677535507,"fee_open":0.0002,"fee_close":0.0002,"trade_duration":71,"profit_ratio":0.004999000199960008,"profit_abs":0.4911675,"exit_reason":"roi","initial_stop_loss_abs":2.1703,"initial_stop_loss_ratio":-0.05,"stop_loss_abs":2.1703,"stop_loss_ratio":-0.05,"min_rate":2.2739,"max_rate":2.2986,"is_open":false,"enter_tag":"","leverage":1.0,"is_short":false,"open_timestamp":1767735480000,"close_timestamp":1767739740000,"orders":[{"amount":43.0,"safe_price":2.2845,"ft_order_side":"buy","order_filled_timestamp":1767735480000,"ft_is_entry":true,"ft_order_tag":"","cost":98.25314669999999},{"amount":43.0,"safe_price":2.2968387677535507,"ft_order_side":"sell","order_filled_timestamp":1767739740000,"ft_is_entry":false,"ft_order_tag":"roi","cost":98.78381982680536}],"funding_fees":0.0,"weekday":1},{"pair":"XRP/USDT:USDT","stake_amount":99.6996,"max_stake_amount":99.6996,"amount":44.0,"open_date":"2026-01-07 02:34:00+00:00","close_date":"2026-01-07 07:20:00+00:00","open_rate":2.2659,"close_rate":2.278138307661532,"fee_open":0.0002,"fee_close":0.0002,"trade_duration":286,"profit_ratio":0.004999000199960008,"profit_abs":0.498498,"exit_reason":"roi","initial_stop_loss_abs":2.1527,"initial_stop_loss_ratio":-0.05,"stop_loss_abs":2.1527,"stop_loss_ratio":-0.05,"min_rate":2.2421,"max_rate":2.2808,"is_open":false,"enter_tag":"","leverage":1.0,"is_short":false,"open_timestamp":1767753240000,"close_timestamp":1767770400000,"orders":[{"amount":44.0,"safe_price":2.2659,"ft_order_side":"buy","order_filled_timestamp":1767753240000,"ft_is_entry":true,"ft_order_tag":"","cost":99.71953991999999},{"amount":44.0,"safe_price":2.278138307661532,"ft_order_side":"sell","order_filled_timestamp":1767770400000,"ft_is_entry":false,"ft_order_tag":"roi","cost":100.25813315421483}],"funding_fees":0.0,"weekday":2},{"pair":"XRP/USDT:USDT","stake_amount":98.2679,"max_stake_amount":98.2679,"amount":43.0,"open_date":"2026-01-07 08:52:00+00:00","close_date":"2026-01-07 09:24:00+00:00","open_rate":2.2853,"close_rate":2.2586,"fee_open":0.0002,"fee_close":0.0002,"trade_duration":32,"profit_ratio":-0.012078615213814543,"profit_abs":-1.18717754,"exit_reason":"custom_exit","initial_stop_loss_abs":2.1711,"initial_stop_loss_ratio":-0.05,"stop_loss_abs":2.1711,"stop_loss_ratio":-0.05,"min_rate":2.2581,"max_rate":2.2906,"is_open":false,"enter_tag":"","leverage":1.0,"is_short":false,"open_timestamp":1767775920000,"close_timestamp":1767777840000,"orders":[{"amount":43.0,"safe_price":2.2853,"ft_order_side":"buy","order_filled_timestamp":1767775920000,"ft_is_entry":true,"ft_order_tag":"","cost":98.28755358},{"amount":43.0,"safe_price":2.2586,"ft_order_side":"sell","order_filled_timestamp":1767777840000,"ft_is_entry":false,"ft_order_tag":"custom_exit","cost":97.13922396}],"funding_fees":0.0,"weekday":2},{"pair":"XRP/USDT:USDT","stake_amount":98.956,"max_stake_amount":98.956,"amount":44.0,"open_date":"2026-01-07 11:02:00+00:00","close_date":"2026-01-07 14:12:00+00:00","open_rate":2.249,"close_rate":2.2212,"fee_open":0.0002,"fee_close":0.0002,"trade_duration":190,"profit_ratio":-0.012756025940209912,"profit_abs":-1.26253776,"exit_reason":"custom_exit","initial_stop_loss_abs":2.1366,"initial_stop_loss_ratio":-0.05,"stop_loss_abs":2.1366,"stop_loss_ratio":-0.05,"min_rate":2.2205,"max_rate":2.2575,"is_open":false,"enter_tag":"","leverage":1.0,"is_short":false,"open_timestamp":1767783720000,"close_timestamp":1767795120000,"orders":[{"amount":44.0,"safe_price":2.249,"ft_order_side":"buy","order_filled_timestamp":1767783720000,"ft_is_entry":true,"ft_order_tag":"","cost":98.9757912},{"amount":44.0,"safe_price":2.2212,"ft_order_side":"sell","order_filled_timestamp":1767795120000,"ft_is_entry":false,"ft_order_tag":"custom_exit","cost":97.75234655999999}],"funding_fees":0.0,"weekday":2},{"pair":"XRP/USDT:USDT","stake_amount":98.7165,"max_stake_amount":98.7165,"amount":45.0,"open_date":"2026-01-07 18:21:00+00:00","close_date":"2026-01-07 22:52:00+00:00","open_rate":2.1937,"close_rate":2.1678,"fee_open":0.0002,"fee_close":0.0002,"trade_duration":271,"profit_ratio":-0.012201735246696387,"profit_abs":-1.2047535,"exit_reason":"custom_exit","initial_stop_loss_abs":2.0841,"initial_stop_loss_ratio":-0.05,"stop_loss_abs":2.0841,"stop_loss_ratio":-0.05,"min_rate":2.166,"max_rate":2.2032,"is_open":false,"enter_tag":"","leverage":1.0,"is_short":false,"open_timestamp":1767810060000,"close_timestamp":1767826320000,"orders":[{"amount":45.0,"safe_price":2.1937,"ft_order_side":"buy","order_filled_timestamp":1767810060000,"ft_is_entry":true,"ft_order_tag":"","cost":98.73624330000001},{"amount":45.0,"safe_price":2.1678,"ft_order_side":"sell","order_filled_timestamp":1767826320000,"ft_is_entry":false,"ft_order_tag":"custom_exit","cost":97.5705102}],"funding_fees":0.0,"weekday":2},{"pair":"DOGE/USDT:USDT","stake_amount":98.6631,"max_stake_amount":98.6631,"amount":690.0,"open_date":"2026-01-08 17:59:00+00:00","close_date":"2026-01-08 20:04:00+00:00","open_rate":0.14299,"close_rate":0.14126,"fee_open":0.0002,"fee_close":0.0002,"trade_duration":125,"profit_ratio":-0.012493829648644717,"profit_abs":-1.2329265,"exit_reason":"custom_exit","initial_stop_loss_abs":0.13585,"initial_stop_loss_ratio":-0.05,"stop_loss_abs":0.13585,"stop_loss_ratio":-0.05,"min_rate":0.14117,"max_rate":0.14307,"is_open":false,"enter_tag":"","leverage":1.0,"is_short":false,"open_timestamp":1767895140000,"close_timestamp":1767902640000,"orders":[{"amount":690.0,"safe_price":0.14299,"ft_order_side":"buy","order_filled_timestamp":1767895140000,"ft_is_entry":true,"ft_order_tag":"","cost":98.68283262},{"amount":690.0,"safe_price":0.14126,"ft_order_side":"sell","order_filled_timestamp":1767902640000,"ft_is_entry":false,"ft_order_tag":"custom_exit","cost":97.48889387999999}],"funding_fees":0.0,"weekday":3},{"pair":"DOGE/USDT:USDT","stake_amount":98.448,"max_stake_amount":98.448,"amount":700.0,"open_date":"2026-01-09 13:55:00+00:00","close_date":"2026-01-09 14:23:00+00:00","open_rate":0.14064,"close_rate":0.13888,"fee_open":0.0002,"fee_close":0.0002,"trade_duration":28,"profit_ratio":-0.012909136033999116,"profit_abs":-1.2711328,"exit_reason":"custom_exit","initial_stop_loss_abs":0.13361,"initial_stop_loss_ratio":-0.05,"stop_loss_abs":0.13361,"stop_loss_ratio":-0.05,"min_rate":0.13854,"max_rate":0.14067,"is_open":false,"enter_tag":"","leverage":1.0,"is_short":false,"open_timestamp":1767966900000,"close_timestamp":1767968580000,"orders":[{"amount":700.0,"safe_price":0.14064,"ft_order_side":"buy","order_filled_timestamp":1767966900000,"ft_is_entry":true,"ft_order_tag":"","cost":98.46768959999999},{"amount":700.0,"safe_price":0.13888,"ft_order_side":"sell","order_filled_timestamp":1767968580000,"ft_is_entry":false,"ft_order_tag":"custom_exit","cost":97.2354432}],"funding_fees":0.0,"weekday":4},{"pair":"XRP/USDT:USDT","stake_amount":98.9397,"max_stake_amount":98.9397,"amount":47.0,"open_date":"2026-01-09 13:42:00+00:00","close_date":"2026-01-09 14:49:00+00:00","open_rate":2.1051,"close_rate":2.0805,"fee_open":0.0002,"fee_close":0.0002,"trade_duration":67,"profit_ratio":-0.012081152246107712,"profit_abs":-1.19554464,"exit_reason":"custom_exit","initial_stop_loss_abs":1.9999,"initial_stop_loss_ratio":-0.05,"stop_loss_abs":1.9999,"stop_loss_ratio":-0.05,"min_rate":2.0796,"max_rate":2.1089,"is_open":false,"enter_tag":"","leverage":1.0,"is_short":false,"open_timestamp":1767966120000,"close_timestamp":1767970140000,"orders":[{"amount":47.0,"safe_price":2.1051,"ft_order_side":"buy","order_filled_timestamp":1767966120000,"ft_is_entry":true,"ft_order_tag":"","cost":98.95948794000002},{"amount":47.0,"safe_price":2.0805,"ft_order_side":"sell","order_filled_timestamp":1767970140000,"ft_is_entry":false,"ft_order_tag":"custom_exit","cost":97.80305669999998}],"funding_fees":0.0,"weekday":4},{"pair":"DOGE/USDT:USDT","stake_amount":98.105,"max_stake_amount":98.105,"amount":700.0,"open_date":"2026-01-10 04:57:00+00:00","close_date":"2026-01-11 01:25:00+00:00","open_rate":0.14015,"close_rate":0.13853,"fee_open":0.0002,"fee_close":0.0002,"trade_duration":1228,"profit_ratio":-0.012042844068666517,"profit_abs":-1.18169951,"exit_reason":"custom_exit","initial_stop_loss_abs":0.13315,"initial_stop_loss_ratio":-0.05,"stop_loss_abs":0.13315,"stop_loss_ratio":-0.05,"min_rate":0.13851,"max_rate":0.14053,"is_open":false,"enter_tag":"","leverage":1.0,"is_short":false,"open_timestamp":1768021020000,"close_timestamp":1768094700000,"orders":[{"amount":700.0,"safe_price":0.14015,"ft_order_side":"buy","order_filled_timestamp":1768021020000,"ft_is_entry":true,"ft_order_tag":"","cost":98.124621},{"amount":700.0,"safe_price":0.13853,"ft_order_side":"sell","order_filled_timestamp":1768094700000,"ft_is_entry":false,"ft_order_tag":"custom_exit","cost":96.99039419999998}],"funding_fees":-0.008684307046035806,"weekday":6},{"pair":"DOGE/USDT:USDT","stake_amount":98.761,"max_stake_amount":98.761,"amount":710.0,"open_date":"2026-01-12 01:11:00+00:00","close_date":"2026-01-12 02:13:00+00:00","open_rate":0.1391,"close_rate":0.13985129025805157,"fee_open":0.0002,"fee_close":0.0002,"trade_duration":62,"profit_ratio":0.004999000199960009,"profit_abs":0.493805,"exit_reason":"roi","initial_stop_loss_abs":0.13215,"initial_stop_loss_ratio":-0.05,"stop_loss_abs":0.13215,"stop_loss_ratio":-0.05,"min_rate":0.13837,"max_rate":0.13996,"is_open":false,"enter_tag":"","leverage":1.0,"is_short":false,"open_timestamp":1768180260000,"close_timestamp":1768183980000,"orders":[{"amount":710.0,"safe_price":0.1391,"ft_order_side":"buy","order_filled_timestamp":1768180260000,"ft_is_entry":true,"ft_order_tag":"","cost":98.7807522},{"amount":710.0,"safe_price":0.13985129025805157,"ft_order_side":"sell","order_filled_timestamp":1768183980000,"ft_is_entry":false,"ft_order_tag":"roi","cost":99.31427496643326}],"funding_fees":0.0,"weekday":0},{"pair":"DOGE/USDT:USDT","stake_amount":98.084,"max_stake_amount":98.084,"amount":700.0,"open_date":"2026-01-12 02:32:00+00:00","close_date":"2026-01-12 02:48:00+00:00","open_rate":0.14012,"close_rate":0.14157753950790156,"fee_open":0.0002,"fee_close":0.0002,"trade_duration":16,"profit_ratio":0.009998000399920017,"profit_abs":0.98084,"exit_reason":"roi","initial_stop_loss_abs":0.13312,"initial_stop_loss_ratio":-0.05,"stop_loss_abs":0.13312,"stop_loss_ratio":-0.05,"min_rate":0.13988,"max_rate":0.14158,"is_open":false,"enter_tag":"","leverage":1.0,"is_short":false,"open_timestamp":1768185120000,"close_timestamp":1768186080000,"orders":[{"amount":700.0,"safe_price":0.14012,"ft_order_side":"buy","order_filled_timestamp":1768185120000,"ft_is_entry":true,"ft_order_tag":"","cost":98.1036168},{"amount":700.0,"safe_price":0.14157753950790156,"ft_order_side":"sell","order_filled_timestamp":1768186080000,"ft_is_entry":false,"ft_order_tag":"roi","cost":99.1240985110622}],"funding_fees":0.0,"weekday":0},{"pair":"XRP/USDT:USDT","stake_amount":97.4545,"max_stake_amount":97.4545,"amount":47.0,"open_date":"2026-01-12 15:07:00+00:00","close_date":"2026-01-12 16:01:00+00:00","open_rate":2.0735,"close_rate":2.095068713742749,"fee_open":0.0002,"fee_close":0.0002,"trade_duration":54,"profit_ratio":0.010035561701824194,"profit_abs":0.97820625,"exit_reason":"roi","initial_stop_loss_abs":1.9699,"initial_stop_loss_ratio":-0.05,"stop_loss_abs":1.9699,"stop_loss_ratio":-0.05,"min_rate":2.0695,"max_rate":2.0967,"is_open":false,"enter_tag":"","leverage":1.0,"is_short":false,"open_timestamp":1768230420000,"close_timestamp":1768233660000,"orders":[{"amount":47.0,"safe_price":2.0735,"ft_order_side":"buy","order_filled_timestamp":1768230420000,"ft_is_entry":true,"ft_order_tag":"","cost":97.4739909},{"amount":47.0,"safe_price":2.095068713742749,"ft_order_side":"sell","order_filled_timestamp":1768233660000,"ft_is_entry":false,"ft_order_tag":"roi","cost":98.48792319181838}],"funding_fees":0.0036612463697860208,"weekday":0},{"pair":"DOGE/USDT:USDT","stake_amount":98.7768,"max_stake_amount":98.7768,"amount":720.0,"open_date":"2026-01-13 02:10:00+00:00","close_date":"2026-01-13 05:00:00+00:00","open_rate":0.13719,"close_rate":0.13793097419483896,"fee_open":0.0002,"fee_close":0.0002,"trade_duration":170,"profit_ratio":0.004999000199960008,"profit_abs":0.493884,"exit_reason":"roi","initial_stop_loss_abs":0.13034,"initial_stop_loss_ratio":-0.05,"stop_loss_abs":0.13034,"stop_loss_ratio":-0.05,"min_rate":0.13647,"max_rate":0.138,"is_open":false,"enter_tag":"","leverage":1.0,"is_short":false,"open_timestamp":1768270200000,"close_timestamp":1768280400000,"orders":[{"amount":720.0,"safe_price":0.13719,"ft_order_side":"buy","order_filled_timestamp":1768270200000,"ft_is_entry":true,"ft_order_tag":"","cost":98.79655536000001},{"amount":720.0,"safe_price":0.13793097419483896,"ft_order_side":"sell","order_filled_timestamp":1768280400000,"ft_is_entry":false,"ft_order_tag":"roi","cost":99.3301634805681}],"funding_fees":0.0,"weekday":1},{"pair":"DOGE/USDT:USDT","stake_amount":98.7894,"max_stake_amount":98.7894,"amount":710.0,"open_date":"2026-01-13 06:03:00+00:00","close_date":"2026-01-13 08:51:00+00:00","open_rate":0.13914,"close_rate":0.13989150630126027,"fee_open":0.0002,"fee_close":0.0002,"trade_duration":168,"profit_ratio":0.004964745480330573,"profit_abs":0.49056232,"exit_reason":"roi","initial_stop_loss_abs":0.13219,"initial_stop_loss_ratio":-0.05,"stop_loss_abs":0.13219,"stop_loss_ratio":-0.05,"min_rate":0.1383,"max_rate":0.13996,"is_open":false,"enter_tag":"","leverage":1.0,"is_short":false,"open_timestamp":1768284180000,"close_timestamp":1768294260000,"orders":[{"amount":710.0,"safe_price":0.13914,"ft_order_side":"buy","order_filled_timestamp":1768284180000,"ft_is_entry":true,"ft_order_tag":"","cost":98.80915788000001},{"amount":710.0,"safe_price":0.13989150630126027,"ft_order_side":"sell","order_filled_timestamp":1768294260000,"ft_is_entry":false,"ft_order_tag":"roi","cost":99.34283406778957}],"funding_fees":-0.003384677293696837,"weekday":1},{"pair":"DOGE/USDT:USDT","stake_amount":99.187,"max_stake_amount":99.187,"amount":710.0,"open_date":"2026-01-13 08:54:00+00:00","close_date":"2026-01-13 13:30:00+00:00","open_rate":0.1397,"close_rate":0.1404545309061812,"fee_open":0.0002,"fee_close":0.0002,"trade_duration":276,"profit_ratio":0.004999000199960009,"profit_abs":0.495935,"exit_reason":"roi","initial_stop_loss_abs":0.13272,"initial_stop_loss_ratio":-0.05,"stop_loss_abs":0.13272,"stop_loss_ratio":-0.05,"min_rate":0.13872,"max_rate":0.14105,"is_open":false,"enter_tag":"","leverage":1.0,"is_short":false,"open_timestamp":1768294440000,"close_timestamp":1768311000000,"orders":[{"amount":710.0,"safe_price":0.1397,"ft_order_side":"buy","order_filled_timestamp":1768294440000,"ft_is_entry":true,"ft_order_tag":"","cost":99.2068374},{"amount":710.0,"safe_price":0.1404545309061812,"ft_order_side":"sell","order_filled_timestamp":1768311000000,"ft_is_entry":false,"ft_order_tag":"roi","cost":99.74266148677734}],"funding_fees":0.0,"weekday":1},{"pair":"XRP/USDT:USDT","stake_amount":98.3193,"max_stake_amount":98.3193,"amount":47.0,"open_date":"2026-01-13 14:44:00+00:00","close_date":"2026-01-13 15:19:00+00:00","open_rate":2.0919,"close_rate":2.0663,"fee_open":0.0002,"fee_close":0.0002,"trade_duration":35,"profit_ratio":-0.012632704588677369,"profit_abs":-1.24228708,"exit_reason":"custom_exit","initial_stop_loss_abs":1.9874,"initial_stop_loss_ratio":-0.05,"stop_loss_abs":1.9874,"stop_loss_ratio":-0.05,"min_rate":2.0644,"max_rate":2.0927,"is_open":false,"enter_tag":"","leverage":1.0,"is_short":false,"open_timestamp":1768315440000,"close_timestamp":1768317540000,"orders":[{"amount":47.0,"safe_price":2.0919,"ft_order_side":"buy","order_filled_timestamp":1768315440000,"ft_is_entry":true,"ft_order_tag":"","cost":98.33896385999999},{"amount":47.0,"safe_price":2.0663,"ft_order_side":"sell","order_filled_timestamp":1768317540000,"ft_is_entry":false,"ft_order_tag":"custom_exit","cost":97.13552322}],"funding_fees":0.0,"weekday":1},{"pair":"DOGE/USDT:USDT","stake_amount":99.3503,"max_stake_amount":99.3503,"amount":710.0,"open_date":"2026-01-13 15:29:00+00:00","close_date":"2026-01-13 15:36:00+00:00","open_rate":0.13993,"close_rate":0.14138556311262251,"fee_open":0.0002,"fee_close":0.0002,"trade_duration":7,"profit_ratio":0.009998000399920015,"profit_abs":0.993503,"exit_reason":"roi","initial_stop_loss_abs":0.13294,"initial_stop_loss_ratio":-0.05,"stop_loss_abs":0.13294,"stop_loss_ratio":-0.05,"min_rate":0.13965,"max_rate":0.14158,"is_open":false,"enter_tag":"","leverage":1.0,"is_short":false,"open_timestamp":1768318140000,"close_timestamp":1768318560000,"orders":[{"amount":710.0,"safe_price":0.13993,"ft_order_side":"buy","order_filled_timestamp":1768318140000,"ft_is_entry":true,"ft_order_tag":"","cost":99.37017006},{"amount":710.0,"safe_price":0.14138556311262251,"ft_order_side":"sell","order_filled_timestamp":1768318560000,"ft_is_entry":false,"ft_order_tag":"roi","cost":100.40382655992397}],"funding_fees":0.0,"weekday":1},{"pair":"XRP/USDT:USDT","stake_amount":98.4308,"max_stake_amount":98.4308,"amount":46.0,"open_date":"2026-01-13 20:08:00+00:00","close_date":"2026-01-13 22:10:00+00:00","open_rate":2.1398,"close_rate":2.151357231446289,"fee_open":0.0002,"fee_close":0.0002,"trade_duration":122,"profit_ratio":0.004999000199960008,"profit_abs":0.492154,"exit_reason":"roi","initial_stop_loss_abs":2.0329,"initial_stop_loss_ratio":-0.05,"stop_loss_abs":2.0329,"stop_loss_ratio":-0.05,"min_rate":2.1184,"max_rate":2.1733,"is_open":false,"enter_tag":"","leverage":1.0,"is_short":false,"open_timestamp":1768334880000,"close_timestamp":1768342200000,"orders":[{"amount":46.0,"safe_price":2.1398,"ft_order_side":"buy","order_filled_timestamp":1768334880000,"ft_is_entry":true,"ft_order_tag":"","cost":98.45048616},{"amount":46.0,"safe_price":2.151357231446289,"ft_order_side":"sell","order_filled_timestamp":1768342200000,"ft_is_entry":false,"ft_order_tag":"roi","cost":98.9822251330586}],"funding_fees":0.0,"weekday":1},{"pair":"DOGE/USDT:USDT","stake_amount":99.3409,"max_stake_amount":99.3409,"amount":670.0,"open_date":"2026-01-14 03:05:00+00:00","close_date":"2026-01-14 04:05:00+00:00","open_rate":0.14827,"close_rate":0.14931,"fee_open":0.0002,"fee_close":0.0002,"trade_duration":60,"profit_ratio":0.006611505647882362,"profit_abs":0.65692428,"exit_reason":"roi","initial_stop_loss_abs":0.14086,"initial_stop_loss_ratio":-0.05,"stop_loss_abs":0.14086,"stop_loss_ratio":-0.05,"min_rate":0.14793,"max_rate":0.14978,"is_open":false,"enter_tag":"","leverage":1.0,"is_short":false,"open_timestamp":1768359900000,"close_timestamp":1768363500000,"orders":[{"amount":670.0,"safe_price":0.14827,"ft_order_side":"buy","order_filled_timestamp":1768359900000,"ft_is_entry":true,"ft_order_tag":"","cost":99.36076818000001},{"amount":670.0,"safe_price":0.14931,"ft_order_side":"sell","order_filled_timestamp":1768363500000,"ft_is_entry":false,"ft_order_tag":"roi","cost":100.05770754}],"funding_fees":0.0,"weekday":2},{"pair":"DOGE/USDT:USDT","stake_amount":99.0126,"max_stake_amount":99.0126,"amount":670.0,"open_date":"2026-01-14 05:54:00+00:00","close_date":"2026-01-14 07:04:00+00:00","open_rate":0.14778,"close_rate":0.14857817163432682,"fee_open":0.0002,"fee_close":0.0002,"trade_duration":70,"profit_ratio":0.004999000199960008,"profit_abs":0.495063,"exit_reason":"roi","initial_stop_loss_abs":0.1404,"initial_stop_loss_ratio":-0.05,"stop_loss_abs":0.1404,"stop_loss_ratio":-0.05,"min_rate":0.14681,"max_rate":0.14866,"is_open":false,"enter_tag":"","leverage":1.0,"is_short":false,"open_timestamp":1768370040000,"close_timestamp":1768374240000,"orders":[{"amount":670.0,"safe_price":0.14778,"ft_order_side":"buy","order_filled_timestamp":1768370040000,"ft_is_entry":true,"ft_order_tag":"","cost":99.03240251999999},{"amount":670.0,"safe_price":0.14857817163432682,"ft_order_side":"sell","order_filled_timestamp":1768374240000,"ft_is_entry":false,"ft_order_tag":"roi","cost":99.56728446999797}],"funding_fees":0.0,"weekday":2},{"pair":"DOGE/USDT:USDT","stake_amount":98.4163,"max_stake_amount":98.4163,"amount":670.0,"open_date":"2026-01-14 14:22:00+00:00","close_date":"2026-01-14 14:47:00+00:00","open_rate":0.14689,"close_rate":0.14841796159231843,"fee_open":0.0002,"fee_close":0.0002,"trade_duration":25,"profit_ratio":0.009998000399920015,"profit_abs":0.984163,"exit_reason":"roi","initial_stop_loss_abs":0.13955,"initial_stop_loss_ratio":-0.05,"stop_loss_abs":0.13955,"stop_loss_ratio":-0.05,"min_rate":0.14629,"max_rate":0.14844,"is_open":false,"enter_tag":"","leverage":1.0,"is_short":false,"open_timestamp":1768400520000,"close_timestamp":1768402020000,"orders":[{"amount":670.0,"safe_price":0.14689,"ft_order_side":"buy","order_filled_timestamp":1768400520000,"ft_is_entry":true,"ft_order_tag":"","cost":98.43598325999999},{"amount":670.0,"safe_price":0.14841796159231843,"ft_order_side":"sell","order_filled_timestamp":1768402020000,"ft_is_entry":false,"ft_order_tag":"roi","cost":99.45992227370671}],"funding_fees":0.0,"weekday":2},{"pair":"DOGE/USDT:USDT","stake_amount":99.231,"max_stake_amount":99.231,"amount":660.0,"open_date":"2026-01-14 16:45:00+00:00","close_date":"2026-01-14 17:35:00+00:00","open_rate":0.15035,"close_rate":0.14857,"fee_open":0.0002,"fee_close":0.0002,"trade_duration":50,"profit_ratio":-0.012234227580822378,"profit_abs":-1.21425744,"exit_reason":"custom_exit","initial_stop_loss_abs":0.14284,"initial_stop_loss_ratio":-0.05,"stop_loss_abs":0.14284,"stop_loss_ratio":-0.05,"min_rate":0.14838,"max_rate":0.15061,"is_open":false,"enter_tag":"","leverage":1.0,"is_short":false,"open_timestamp":1768409100000,"close_timestamp":1768412100000,"orders":[{"amount":660.0,"safe_price":0.15035,"ft_order_side":"buy","order_filled_timestamp":1768409100000,"ft_is_entry":true,"ft_order_tag":"","cost":99.25084620000001},{"amount":660.0,"safe_price":0.14857,"ft_order_side":"sell","order_filled_timestamp":1768412100000,"ft_is_entry":false,"ft_order_tag":"custom_exit","cost":98.07581124000001}],"funding_fees":0.0,"weekday":2},{"pair":"XRP/USDT:USDT","stake_amount":99.59,"max_stake_amount":99.59,"amount":46.0,"open_date":"2026-01-14 16:18:00+00:00","close_date":"2026-01-14 17:53:00+00:00","open_rate":2.165,"close_rate":2.139,"fee_open":0.0002,"fee_close":0.0002,"trade_duration":95,"profit_ratio":-0.01240435515668229,"profit_abs":-1.2355968,"exit_reason":"custom_exit","initial_stop_loss_abs":2.0568,"initial_stop_loss_ratio":-0.05,"stop_loss_abs":2.0568,"stop_loss_ratio":-0.05,"min_rate":2.1356,"max_rate":2.175,"is_open":false,"enter_tag":"","leverage":1.0,"is_short":false,"open_timestamp":1768407480000,"close_timestamp":1768413180000,"orders":[{"amount":46.0,"safe_price":2.165,"ft_order_side":"buy","order_filled_timestamp":1768407480000,"ft_is_entry":true,"ft_order_tag":"","cost":99.60991800000001},{"amount":46.0,"safe_price":2.139,"ft_order_side":"sell","order_filled_timestamp":1768413180000,"ft_is_entry":false,"ft_order_tag":"custom_exit","cost":98.41367879999999}],"funding_fees":0.0,"weekday":2},{"pair":"DOGE/USDT:USDT","stake_amount":99.3007,"max_stake_amount":99.3007,"amount":670.0,"open_date":"2026-01-14 18:03:00+00:00","close_date":"2026-01-14 18:46:00+00:00","open_rate":0.14821,"close_rate":0.14647,"fee_open":0.0002,"fee_close":0.0002,"trade_duration":43,"profit_ratio":-0.012135323424485873,"profit_abs":-1.20528712,"exit_reason":"custom_exit","initial_stop_loss_abs":0.1408,"initial_stop_loss_ratio":-0.05,"stop_loss_abs":0.1408,"stop_loss_ratio":-0.05,"min_rate":0.14617,"max_rate":0.14882,"is_open":false,"enter_tag":"","leverage":1.0,"is_short":false,"open_timestamp":1768413780000,"close_timestamp":1768416360000,"orders":[{"amount":670.0,"safe_price":0.14821,"ft_order_side":"buy","order_filled_timestamp":1768413780000,"ft_is_entry":true,"ft_order_tag":"","cost":99.32056014},{"amount":670.0,"safe_price":0.14647,"ft_order_side":"sell","order_filled_timestamp":1768416360000,"ft_is_entry":false,"ft_order_tag":"custom_exit","cost":98.15452697999999}],"funding_fees":0.0,"weekday":2},{"pair":"XRP/USDT:USDT","stake_amount":98.463,"max_stake_amount":98.463,"amount":46.0,"open_date":"2026-01-14 18:05:00+00:00","close_date":"2026-01-14 19:27:00+00:00","open_rate":2.1405,"close_rate":2.15206101220244,"fee_open":0.0002,"fee_close":0.0002,"trade_duration":82,"profit_ratio":0.004999000199960009,"profit_abs":0.492315,"exit_reason":"roi","initial_stop_loss_abs":2.0335,"initial_stop_loss_ratio":-0.05,"stop_loss_abs":2.0335,"stop_loss_ratio":-0.05,"min_rate":2.1237,"max_rate":2.1525,"is_open":false,"enter_tag":"","leverage":1.0,"is_short":false,"open_timestamp":1768413900000,"close_timestamp":1768418820000,"orders":[{"amount":46.0,"safe_price":2.1405,"ft_order_side":"buy","order_filled_timestamp":1768413900000,"ft_is_entry":true,"ft_order_tag":"","cost":98.4826926},{"amount":46.0,"safe_price":2.15206101220244,"ft_order_side":"sell","order_filled_timestamp":1768418820000,"ft_is_entry":false,"ft_order_tag":"roi","cost":99.0146055226245}],"funding_fees":0.0,"weekday":2},{"pair":"DOGE/USDT:USDT","stake_amount":99.4079,"max_stake_amount":99.4079,"amount":670.0,"open_date":"2026-01-14 19:38:00+00:00","close_date":"2026-01-14 22:40:00+00:00","open_rate":0.14837,"close_rate":0.14651,"fee_open":0.0002,"fee_close":0.0002,"trade_duration":182,"profit_ratio":-0.012931133527961793,"profit_abs":-1.28571392,"exit_reason":"custom_exit","initial_stop_loss_abs":0.14096,"initial_stop_loss_ratio":-0.05,"stop_loss_abs":0.14096,"stop_loss_ratio":-0.05,"min_rate":0.14621,"max_rate":0.14914,"is_open":false,"enter_tag":"","leverage":1.0,"is_short":false,"open_timestamp":1768419480000,"close_timestamp":1768430400000,"orders":[{"amount":670.0,"safe_price":0.14837,"ft_order_side":"buy","order_filled_timestamp":1768419480000,"ft_is_entry":true,"ft_order_tag":"","cost":99.42778158},{"amount":670.0,"safe_price":0.14651,"ft_order_side":"sell","order_filled_timestamp":1768430400000,"ft_is_entry":false,"ft_order_tag":"custom_exit","cost":98.18133234}],"funding_fees":0.0,"weekday":2},{"pair":"XRP/USDT:USDT","stake_amount":98.3663,"max_stake_amount":98.3663,"amount":47.0,"open_date":"2026-01-15 16:18:00+00:00","close_date":"2026-01-15 18:41:00+00:00","open_rate":2.0929,"close_rate":2.0682,"fee_open":0.0002,"fee_close":0.0002,"trade_duration":143,"profit_ratio":-0.012197006343869552,"profit_abs":-1.20001434,"exit_reason":"custom_exit","initial_stop_loss_abs":1.9883,"initial_stop_loss_ratio":-0.05,"stop_loss_abs":1.9883,"stop_loss_ratio":-0.05,"min_rate":2.0638,"max_rate":2.097,"is_open":false,"enter_tag":"","leverage":1.0,"is_short":false,"open_timestamp":1768493880000,"close_timestamp":1768502460000,"orders":[{"amount":47.0,"safe_price":2.0929,"ft_order_side":"buy","order_filled_timestamp":1768493880000,"ft_is_entry":true,"ft_order_tag":"","cost":98.38597326000001},{"amount":47.0,"safe_price":2.0682,"ft_order_side":"sell","order_filled_timestamp":1768502460000,"ft_is_entry":false,"ft_order_tag":"custom_exit","cost":97.22484107999999}],"funding_fees":0.0,"weekday":3},{"pair":"DOGE/USDT:USDT","stake_amount":99.085,"max_stake_amount":99.085,"amount":700.0,"open_date":"2026-01-15 16:19:00+00:00","close_date":"2026-01-15 18:42:00+00:00","open_rate":0.14155,"close_rate":0.13989,"fee_open":0.0002,"fee_close":0.0002,"trade_duration":143,"profit_ratio":-0.012122534871337284,"profit_abs":-1.2014016,"exit_reason":"custom_exit","initial_stop_loss_abs":0.13448,"initial_stop_loss_ratio":-0.05,"stop_loss_abs":0.13448,"stop_loss_ratio":-0.05,"min_rate":0.13956,"max_rate":0.1423,"is_open":false,"enter_tag":"","leverage":1.0,"is_short":false,"open_timestamp":1768493940000,"close_timestamp":1768502520000,"orders":[{"amount":700.0,"safe_price":0.14155,"ft_order_side":"buy","order_filled_timestamp":1768493940000,"ft_is_entry":true,"ft_order_tag":"","cost":99.10481700000001},{"amount":700.0,"safe_price":0.13989,"ft_order_side":"sell","order_filled_timestamp":1768502520000,"ft_is_entry":false,"ft_order_tag":"custom_exit","cost":97.94258459999999}],"funding_fees":0.0,"weekday":3}],"locks":[],"best_pair":{"key":"DOGE/USDT:USDT","trades":35,"profit_mean":0.0012494124376108437,"profit_mean_pct":0.12,"profit_total_abs":4.29177125,"profit_total":0.00429177125,"profit_total_pct":0.43,"duration_avg":"1:53:00","wins":25,"draws":0,"losses":10,"winrate":0.7142857142857143,"cagr":0.1098330937928429,"expectancy":0.1226220357142857,"expectancy_ratio":0.09318563689611814,"sortino":27.81885379453136,"sharpe":5.829955670088352,"calmar":112.4300318857852,"sqn":0.7626,"profit_factor":1.3261497291364135,"max_drawdown_account":0.004861937878295709,"max_drawdown_abs":4.90666008},"worst_pair":{"key":"XRP/USDT:USDT","trades":21,"profit_mean":-0.0011578911551991238,"profit_mean_pct":-0.12,"profit_total_abs":-2.41044545,"profit_total":-0.00241044545,"profit_total_pct":-0.24,"duration_avg":"1:55:00","wins":13,"draws":0,"losses":8,"winrate":0.6190476190476191,"cagr":-0.057033929862901234,"expectancy":-0.11478311666666657,"expectancy_ratio":-0.09376977017375343,"sortino":-105.81844457448446,"sharpe":-3.482051230310821,"calmar":-45.08056718766146,"sqn":-0.5822,"profit_factor":0.7538543532938972,"max_drawdown_account":0.006810250851436052,"max_drawdown_abs":6.84042009},"results_per_pair":[{"key":"DOGE/USDT:USDT","trades":35,"profit_mean":0.0012494124376108437,"profit_mean_pct":0.12,"profit_total_abs":4.29177125,"profit_total":0.00429177125,"profit_total_pct":0.43,"duration_avg":"1:53:00","wins":25,"draws":0,"losses":10,"winrate":0.7142857142857143,"cagr":0.1098330937928429,"expectancy":0.1226220357142857,"expectancy_ratio":0.09318563689611814,"sortino":27.81885379453136,"sharpe":5.829955670088352,"calmar":112.4300318857852,"sqn":0.7626,"profit_factor":1.3261497291364135,"max_drawdown_account":0.004861937878295709,"max_drawdown_abs":4.90666008},{"key":"BTC/USDT:USDT","trades":0,"profit_mean":0.0,"profit_mean_pct":0.0,"profit_total_abs":0.0,"profit_total":0.0,"profit_total_pct":0.0,"duration_avg":"0:00","wins":0,"draws":0,"losses":0,"winrate":0.0,"cagr":0.0,"expectancy":0.0,"expectancy_ratio":100.0,"sortino":0,"sharpe":0,"calmar":0,"sqn":0.0,"profit_factor":0.0,"max_drawdown_account":0.0,"max_drawdown_abs":0.0},{"key":"ETH/USDT:USDT","trades":0,"profit_mean":0.0,"profit_mean_pct":0.0,"profit_total_abs":0.0,"profit_total":0.0,"profit_total_pct":0.0,"duration_avg":"0:00","wins":0,"draws":0,"losses":0,"winrate":0.0,"cagr":0.0,"expectancy":0.0,"expectancy_ratio":100.0,"sortino":0,"sharpe":0,"calmar":0,"sqn":0.0,"profit_factor":0.0,"max_drawdown_account":0.0,"max_drawdown_abs":0.0},{"key":"SOL/USDT:USDT","trades":0,"profit_mean":0.0,"profit_mean_pct":0.0,"profit_total_abs":0.0,"profit_total":0.0,"profit_total_pct":0.0,"duration_avg":"0:00","wins":0,"draws":0,"losses":0,"winrate":0.0,"cagr":0.0,"expectancy":0.0,"expectancy_ratio":100.0,"sortino":0,"sharpe":0,"calmar":0,"sqn":0.0,"profit_factor":0.0,"max_drawdown_account":0.0,"max_drawdown_abs":0.0},{"key":"XRP/USDT:USDT","trades":21,"profit_mean":-0.0011578911551991238,"profit_mean_pct":-0.12,"profit_total_abs":-2.41044545,"profit_total":-0.00241044545,"profit_total_pct":-0.24,"duration_avg":"1:55:00","wins":13,"draws":0,"losses":8,"winrate":0.6190476190476191,"cagr":-0.057033929862901234,"expectancy":-0.11478311666666657,"expectancy_ratio":-0.09376977017375343,"sortino":-105.81844457448446,"sharpe":-3.482051230310821,"calmar":-45.08056718766146,"sqn":-0.5822,"profit_factor":0.7538543532938972,"max_drawdown_account":0.006810250851436052,"max_drawdown_abs":6.84042009},{"key":"TOTAL","trades":56,"profit_mean":0.00034667359030710586,"profit_mean_pct":0.03,"profit_total_abs":1.8813258000000008,"profit_total":0.0018813258000000008,"profit_total_pct":0.19,"duration_avg":"1:54:00","wins":38,"draws":0,"losses":18,"winrate":0.6785714285714286,"cagr":0.04679793521086206,"expectancy":0.03359510357142842,"expectancy_ratio":0.026347195633864784,"sortino":15.497992326237911,"sharpe":2.5926473022386003,"calmar":22.992731055051244,"sqn":0.2696,"profit_factor":1.081969053083135,"max_drawdown_account":0.010421461419123612,"max_drawdown_abs":10.551024680000001}],"results_per_enter_tag":[{"key":"","trades":56,"profit_mean":0.00034667359030710586,"profit_mean_pct":0.03,"profit_total_abs":1.8813258000000008,"profit_total":0.0018813258000000008,"profit_total_pct":0.19,"duration_avg":"1:54:00","wins":38,"draws":0,"losses":18,"winrate":0.6785714285714286,"cagr":0.04679793521086206,"expectancy":0.03359510357142842,"expectancy_ratio":0.026347195633864784,"sortino":15.497992326237911,"sharpe":2.5926473022386003,"calmar":22.992731055051244,"sqn":0.2696,"profit_factor":1.081969053083135,"max_drawdown_account":0.010421461419123612,"max_drawdown_abs":10.551024680000001},{"key":"TOTAL","trades":56,"profit_mean":0.00034667359030710586,"profit_mean_pct":0.03,"profit_total_abs":1.8813258000000008,"profit_total":0.0018813258000000008,"profit_total_pct":0.19,"duration_avg":"1:54:00","wins":38,"draws":0,"losses":18,"winrate":0.6785714285714286,"cagr":0.04679793521086206,"expectancy":0.03359510357142842,"expectancy_ratio":0.026347195633864784,"sortino":15.497992326237911,"sharpe":2.5926473022386003,"calmar":22.992731055051244,"sqn":0.2696,"profit_factor":1.081969053083135,"max_drawdown_account":0.010421461419123612,"max_drawdown_abs":10.551024680000001}],"exit_reason_summary":[{"key":"roi","trades":38,"profit_mean":0.006619603633013814,"profit_mean_pct":0.66,"profit_total_abs":24.832985349999994,"profit_total":0.024832985349999993,"profit_total_pct":2.48,"duration_avg":"1:25:00","wins":38,"draws":0,"losses":0,"winrate":1.0,"cagr":0.816457815295152,"expectancy":0.6534996144736841,"expectancy_ratio":100.0,"sortino":-100,"sharpe":138.7933755420291,"calmar":-100,"sqn":17.4434,"profit_factor":0.0,"max_drawdown_account":0.0,"max_drawdown_abs":0.0},{"key":"custom_exit","trades":18,"profit_mean":-0.012896178722073723,"profit_mean_pct":-1.29,"profit_total_abs":-22.951659550000002,"profit_total":-0.022951659550000003,"profit_total_pct":-2.3,"duration_avg":"2:54:00","wins":0,"draws":0,"losses":18,"winrate":0.0,"cagr":-0.4316394608372295,"expectancy":-1.2750921972222224,"expectancy_ratio":-1.0,"sortino":-189.07126218134306,"sharpe":-189.07126218134306,"calmar":-127.36648783028511,"sqn":-34.0034,"profit_factor":0.0,"max_drawdown_account":0.022951659550000045,"max_drawdown_abs":22.95165955},{"key":"TOTAL","trades":56,"profit_mean":0.00034667359030710586,"profit_mean_pct":0.03,"profit_total_abs":1.8813258000000008,"profit_total":0.0018813258000000008,"profit_total_pct":0.19,"duration_avg":"1:54:00","wins":38,"draws":0,"losses":18,"winrate":0.6785714285714286,"cagr":0.04679793521086206,"expectancy":0.03359510357142842,"expectancy_ratio":0.026347195633864784,"sortino":15.497992326237911,"sharpe":2.5926473022386003,"calmar":22.992731055051244,"sqn":0.2696,"profit_factor":1.081969053083135,"max_drawdown_account":0.010421461419123612,"max_drawdown_abs":10.551024680000001}],"mix_tag_stats":[{"key":["","roi"],"trades":38,"profit_mean":0.006619603633013814,"profit_mean_pct":0.66,"profit_total_abs":24.832985349999994,"profit_total":0.024832985349999993,"profit_total_pct":2.48,"duration_avg":"1:25:00","wins":38,"draws":0,"losses":0,"winrate":1.0,"cagr":0.816457815295152,"expectancy":0.6534996144736841,"expectancy_ratio":100.0,"sortino":-100,"sharpe":138.7933755420291,"calmar":-100,"sqn":17.4434,"profit_factor":0.0,"max_drawdown_account":0.0,"max_drawdown_abs":0.0},{"key":["","custom_exit"],"trades":18,"profit_mean":-0.012896178722073723,"profit_mean_pct":-1.29,"profit_total_abs":-22.951659550000002,"profit_total":-0.022951659550000003,"profit_total_pct":-2.3,"duration_avg":"2:54:00","wins":0,"draws":0,"losses":18,"winrate":0.0,"cagr":-0.4316394608372295,"expectancy":-1.2750921972222224,"expectancy_ratio":-1.0,"sortino":-189.07126218134306,"sharpe":-189.07126218134306,"calmar":-127.36648783028511,"sqn":-34.0034,"profit_factor":0.0,"max_drawdown_account":0.022951659550000045,"max_drawdown_abs":22.95165955},{"key":"TOTAL","trades":56,"profit_mean":0.00034667359030710586,"profit_mean_pct":0.03,"profit_total_abs":1.8813258000000008,"profit_total":0.0018813258000000008,"profit_total_pct":0.19,"duration_avg":"1:54:00","wins":38,"draws":0,"losses":18,"winrate":0.6785714285714286,"cagr":0.04679793521086206,"expectancy":0.03359510357142842,"expectancy_ratio":0.026347195633864784,"sortino":15.497992326237911,"sharpe":2.5926473022386003,"calmar":22.992731055051244,"sqn":0.2696,"profit_factor":1.081969053083135,"max_drawdown_account":0.010421461419123612,"max_drawdown_abs":10.551024680000001}],"left_open_trades":[{"key":"TOTAL","trades":0,"profit_mean":0.0,"profit_mean_pct":0.0,"profit_total_abs":0.0,"profit_total":0.0,"profit_total_pct":0.0,"duration_avg":"0:00","wins":0,"draws":0,"losses":0,"winrate":0.0,"cagr":0.0,"expectancy":0.0,"expectancy_ratio":100.0,"sortino":0,"sharpe":0,"calmar":0,"sqn":0.0,"profit_factor":0.0,"max_drawdown_account":0.0,"max_drawdown_abs":0.0}],"total_trades":56,"trade_count_long":56,"trade_count_short":0,"total_volume":11067.013794473722,"avg_stake_amount":98.75607321428572,"profit_mean":0.00034667359030710586,"profit_median":0.004999000199960008,"profit_total":0.0018813258000000008,"profit_total_long":0.0018813258000000008,"profit_total_short":0.0,"profit_total_abs":1.8813258000000008,"profit_total_long_abs":1.8813258000000008,"profit_total_short_abs":0.0,"cagr":0.04679793521086206,"expectancy":0.03359510357142842,"expectancy_ratio":0.026347195633864784,"sortino":15.497992326237911,"sharpe":2.5926473022386003,"calmar":22.992731055051244,"sqn":0.2696,"profit_factor":1.081969053083135,"backtest_start":"2026-01-01 00:00:00","backtest_start_ts":1767225600000,"backtest_end":"2026-01-16 07:57:00","backtest_end_ts":1768550220000,"backtest_days":15,"backtest_run_start_ts":1768550369,"backtest_run_end_ts":1768550373,"trades_per_day":3.73,"market_change":0.13385891966193125,"pairlist":["BTC/USDT:USDT","ETH/USDT:USDT","SOL/USDT:USDT","XRP/USDT:USDT","DOGE/USDT:USDT"],"stake_amount":"unlimited","stake_currency":"USDT","stake_currency_decimals":3,"starting_balance":1000,"dry_run_wallet":1000,"final_balance":1001.8813258,"rejected_signals":0,"timedout_entry_orders":0,"timedout_exit_orders":0,"canceled_trade_entries":0,"canceled_entry_orders":0,"replaced_entry_orders":0,"max_open_trades":5,"max_open_trades_setting":10,"timeframe":"1m","timeframe_detail":"","timerange":"20260101-20260131","enable_protections":false,"strategy_name":"NineSecondSniper","freqaimodel":null,"freqai_identifier":null,"stoploss":-0.05,"trailing_stop":false,"trailing_stop_positive":null,"trailing_stop_positive_offset":0.0,"trailing_only_offset_is_reached":false,"use_custom_stoploss":false,"minimal_roi":{"0":0.01,"60":0.005},"use_exit_signal":true,"exit_profit_only":false,"exit_profit_offset":0.0,"ignore_roi_if_entry_signal":false,"trading_mode":"futures","margin_mode":"isolated","periodic_breakdown":{"day":[{"date":"01/01/2026","date_ts":1767225600000,"profit_abs":1.4798245,"wins":3,"draws":0,"losses":0,"trades":3,"profit_factor":0.0},{"date":"02/01/2026","date_ts":1767312000000,"profit_abs":2.90258758,"wins":5,"draws":0,"losses":1,"trades":6,"profit_factor":2.88874581},{"date":"03/01/2026","date_ts":1767398400000,"profit_abs":2.46835295,"wins":5,"draws":0,"losses":0,"trades":5,"profit_factor":0.0},{"date":"04/01/2026","date_ts":1767484800000,"profit_abs":1.1324909,"wins":4,"draws":0,"losses":1,"trades":5,"profit_factor":1.61991995},{"date":"05/01/2026","date_ts":1767571200000,"profit_abs":3.95855005,"wins":6,"draws":0,"losses":0,"trades":6,"profit_factor":0.0},{"date":"06/01/2026","date_ts":1767657600000,"profit_abs":-1.48600248,"wins":2,"draws":0,"losses":2,"trades":4,"profit_factor":0.39782236},{"date":"07/01/2026","date_ts":1767744000000,"profit_abs":-3.1559708,"wins":1,"draws":0,"losses":3,"trades":4,"profit_factor":0.13640779},{"date":"08/01/2026","date_ts":1767830400000,"profit_abs":-1.2329265,"wins":0,"draws":0,"losses":1,"trades":1,"profit_factor":0.0},{"date":"09/01/2026","date_ts":1767916800000,"profit_abs":-2.46667744,"wins":0,"draws":0,"losses":2,"trades":2,"profit_factor":0.0},{"date":"10/01/2026","date_ts":1768003200000,"profit_abs":0.0,"wins":0,"draws":0,"losses":0,"trades":0,"profit_factor":0.0},{"date":"11/01/2026","date_ts":1768089600000,"profit_abs":-1.18169951,"wins":0,"draws":0,"losses":1,"trades":1,"profit_factor":0.0},{"date":"12/01/2026","date_ts":1768176000000,"profit_abs":2.45285125,"wins":3,"draws":0,"losses":0,"trades":3,"profit_factor":0.0},{"date":"13/01/2026","date_ts":1768262400000,"profit_abs":1.72375124,"wins":5,"draws":0,"losses":1,"trades":6,"profit_factor":2.38756272},{"date":"14/01/2026","date_ts":1768348800000,"profit_abs":-2.31239,"wins":4,"draws":0,"losses":4,"trades":8,"profit_factor":0.53198589},{"date":"15/01/2026","date_ts":1768435200000,"profit_abs":-2.40141594,"wins":0,"draws":0,"losses":2,"trades":2,"profit_factor":0.0}],"week":[{"date":"05/01/2026","date_ts":1767571200000,"profit_abs":11.94180598,"wins":23,"draws":0,"losses":2,"trades":25,"profit_factor":4.5502897},{"date":"12/01/2026","date_ts":1768176000000,"profit_abs":-7.07042548,"wins":6,"draws":0,"losses":9,"trades":15,"profit_factor":0.35743772},{"date":"19/01/2026","date_ts":1768780800000,"profit_abs":-2.9900547,"wins":9,"draws":0,"losses":7,"trades":16,"profit_factor":0.65169382}],"month":[{"date":"31/01/2026","date_ts":1769817600000,"profit_abs":1.8813258,"wins":38,"draws":0,"losses":18,"trades":56,"profit_factor":1.08196905}],"year":[{"date":"31/12/2026","date_ts":1798675200000,"profit_abs":1.8813258,"wins":38,"draws":0,"losses":18,"trades":56,"profit_factor":1.08196905}],"weekday":[{"date":"Monday","date_ts":0,"profit_abs":6.4114013,"wins":9,"draws":0,"losses":0,"trades":9,"profit_factor":0.0},{"date":"Tuesday","date_ts":1,"profit_abs":0.23774876,"wins":7,"draws":0,"losses":3,"trades":10,"profit_factor":1.0640832},{"date":"Wednesday","date_ts":2,"profit_abs":-5.4683608,"wins":5,"draws":0,"losses":7,"trades":12,"profit_factor":0.36379818},{"date":"Thursday","date_ts":3,"profit_abs":-2.15451794,"wins":3,"draws":0,"losses":3,"trades":6,"profit_factor":0.40717806},{"date":"Friday","date_ts":4,"profit_abs":0.43591014,"wins":5,"draws":0,"losses":3,"trades":8,"profit_factor":1.10888341},{"date":"Saturday","date_ts":5,"profit_abs":2.46835295,"wins":5,"draws":0,"losses":0,"trades":5,"profit_factor":0.0},{"date":"Sunday","date_ts":6,"profit_abs":-0.04920861,"wins":4,"draws":0,"losses":2,"trades":6,"profit_factor":0.98364366}]},"backtest_best_day":0.04001063805518855,"backtest_worst_day":-0.03203737620076084,"backtest_best_day_abs":3.95855005,"backtest_worst_day_abs":-3.1559708,"winning_days":7,"draw_days":1,"losing_days":7,"daily_profit":[["2026-01-01",1.4798245],["2026-01-02",2.90258758],["2026-01-03",2.46835295],["2026-01-04",1.1324909],["2026-01-05",3.95855005],["2026-01-06",-1.48600248],["2026-01-07",-3.1559708],["2026-01-08",-1.2329265],["2026-01-09",-2.46667744],["2026-01-10",0.0],["2026-01-11",-1.18169951],["2026-01-12",2.45285125],["2026-01-13",1.72375124],["2026-01-14",-2.31239],["2026-01-15",-2.40141594]],"wins":38,"losses":18,"draws":0,"winrate":0.6785714285714286,"holding_avg":"1:54:00","holding_avg_s":6840.0,"winner_holding_min":"0d 00:00","winner_holding_min_s":0.0,"winner_holding_max":"0d 04:46","winner_holding_max_s":17160.0,"winner_holding_avg":"0d 01:25","winner_holding_avg_s":5100.0,"loser_holding_min":"0d 00:28","loser_holding_min_s":1680.0,"loser_holding_max":"0d 20:28","loser_holding_max_s":73680.0,"loser_holding_avg":"0d 02:54","loser_holding_avg_s":10440.0,"max_consecutive_wins":8,"max_consecutive_losses":7,"max_drawdown_account":0.010421461419123612,"max_relative_drawdown":0.010421461419123612,"max_drawdown_abs":10.551024680000001,"drawdown_start":"2026-01-06 05:13:00","drawdown_start_ts":1767676380000.0,"drawdown_end":"2026-01-15 18:42:00","drawdown_end_ts":1768502520000.0,"drawdown_duration":"9 days 13:29:00","drawdown_duration_s":826140.0,"max_drawdown_low":1.8813257999999995,"max_drawdown_high":12.43235048,"csum_min":1000.4935095,"csum_max":1012.43235048}},"strategy_comparison":[{"key":"NineSecondSniper","trades":56,"profit_mean":0.00034667359030710586,"profit_mean_pct":0.03,"profit_total_abs":1.8813258000000008,"profit_total":0.0018813258000000008,"profit_total_pct":0.19,"duration_avg":"1:54:00","wins":38,"draws":0,"losses":18,"winrate":0.6785714285714286,"cagr":0.04679793521086206,"expectancy":0.03359510357142842,"expectancy_ratio":0.026347195633864784,"sortino":15.497992326237911,"sharpe":2.5926473022386003,"calmar":22.992731055051244,"sqn":0.2696,"profit_factor":1.081969053083135,"max_drawdown_account":0.010421461419123612,"max_drawdown_abs":"10.551"}]}