{"strategy":{"FutureHighFreqV1":{"trades":[{"pair":"SOL/USDT:USDT","stake_amount":98.6566,"max_stake_amount":98.6566,"amount":0.98,"open_date":"2024-01-17 19:49:00+00:00","close_date":"2024-01-17 20:40:00+00:00","open_rate":100.67,"close_rate":101.38284,"fee_open":0.0002,"fee_close":0.0002,"trade_duration":51,"profit_ratio":0.006678205717468094,"profit_abs":0.65898084,"exit_reason":"trailing_stop_loss","initial_stop_loss_abs":99.86464,"initial_stop_loss_ratio":-0.008,"stop_loss_abs":101.38284,"stop_loss_ratio":-0.004,"min_rate":100.32,"max_rate":101.79,"is_open":false,"enter_tag":"","leverage":1.0,"is_short":false,"open_timestamp":1705520940000,"close_timestamp":1705524000000,"orders":[{"amount":0.98,"safe_price":100.67,"ft_order_side":"buy","order_filled_timestamp":1705520940000,"ft_is_entry":true,"ft_order_tag":"","cost":98.67633131999999},{"amount":0.98,"safe_price":101.38284,"ft_order_side":"sell","order_filled_timestamp":1705524000000,"ft_is_entry":false,"ft_order_tag":"trailing_stop_loss","cost":99.37505423664}],"funding_fees":0.0,"weekday":2}],"locks":[],"best_pair":{"key":"SOL/USDT:USDT","trades":1,"profit_mean":0.006678205717468094,"profit_mean_pct":0.67,"profit_total_abs":0.65898084,"profit_total":0.00065898084,"profit_total_pct":0.07,"duration_avg":"0:51:00","wins":1,"draws":0,"losses":0,"winrate":1.0,"cagr":0.0040837189642144445,"expectancy":0.65898084,"expectancy_ratio":100.0,"sortino":-100,"sharpe":-100,"calmar":-100,"sqn":-100.0,"profit_factor":0.0,"max_drawdown_account":0.0,"max_drawdown_abs":0.0},"worst_pair":{"key":"BTC/USDT:USDT","trades":0,"profit_mean":0.0,"profit_mean_pct":0.0,"profit_total_abs":0.0,"profit_total":0.0,"profit_total_pct":0.0,"duration_avg":"0:00","wins":0,"draws":0,"losses":0,"winrate":0.0,"cagr":0.0,"expectancy":0.0,"expectancy_ratio":100.0,"sortino":0,"sharpe":0,"calmar":0,"sqn":0.0,"profit_factor":0.0,"max_drawdown_account":0.0,"max_drawdown_abs":0.0},"results_per_pair":[{"key":"SOL/USDT:USDT","trades":1,"profit_mean":0.006678205717468094,"profit_mean_pct":0.67,"profit_total_abs":0.65898084,"profit_total":0.00065898084,"profit_total_pct":0.07,"duration_avg":"0:51:00","wins":1,"draws":0,"losses":0,"winrate":1.0,"cagr":0.0040837189642144445,"expectancy":0.65898084,"expectancy_ratio":100.0,"sortino":-100,"sharpe":-100,"calmar":-100,"sqn":-100.0,"profit_factor":0.0,"max_drawdown_account":0.0,"max_drawdown_abs":0.0},{"key":"BTC/USDT:USDT","trades":0,"profit_mean":0.0,"profit_mean_pct":0.0,"profit_total_abs":0.0,"profit_total":0.0,"profit_total_pct":0.0,"duration_avg":"0:00","wins":0,"draws":0,"losses":0,"winrate":0.0,"cagr":0.0,"expectancy":0.0,"expectancy_ratio":100.0,"sortino":0,"sharpe":0,"calmar":0,"sqn":0.0,"profit_factor":0.0,"max_drawdown_account":0.0,"max_drawdown_abs":0.0},{"key":"ETH/USDT:USDT","trades":0,"profit_mean":0.0,"profit_mean_pct":0.0,"profit_total_abs":0.0,"profit_total":0.0,"profit_total_pct":0.0,"duration_avg":"0:00","wins":0,"draws":0,"losses":0,"winrate":0.0,"cagr":0.0,"expectancy":0.0,"expectancy_ratio":100.0,"sortino":0,"sharpe":0,"calmar":0,"sqn":0.0,"profit_factor":0.0,"max_drawdown_account":0.0,"max_drawdown_abs":0.0},{"key":"XRP/USDT:USDT","trades":0,"profit_mean":0.0,"profit_mean_pct":0.0,"profit_total_abs":0.0,"profit_total":0.0,"profit_total_pct":0.0,"duration_avg":"0:00","wins":0,"draws":0,"losses":0,"winrate":0.0,"cagr":0.0,"expectancy":0.0,"expectancy_ratio":100.0,"sortino":0,"sharpe":0,"calmar":0,"sqn":0.0,"profit_factor":0.0,"max_drawdown_account":0.0,"max_drawdown_abs":0.0},{"key":"DOGE/USDT:USDT","trades":0,"profit_mean":0.0,"profit_mean_pct":0.0,"profit_total_abs":0.0,"profit_total":0.0,"profit_total_pct":0.0,"duration_avg":"0:00","wins":0,"draws":0,"losses":0,"winrate":0.0,"cagr":0.0,"expectancy":0.0,"expectancy_ratio":100.0,"sortino":0,"sharpe":0,"calmar":0,"sqn":0.0,"profit_factor":0.0,"max_drawdown_account":0.0,"max_drawdown_abs":0.0},{"key":"LTC/USDT:USDT","trades":0,"profit_mean":0.0,"profit_mean_pct":0.0,"profit_total_abs":0.0,"profit_total":0.0,"profit_total_pct":0.0,"duration_avg":"0:00","wins":0,"draws":0,"losses":0,"winrate":0.0,"cagr":0.0,"expectancy":0.0,"expectancy_ratio":100.0,"sortino":0,"sharpe":0,"calmar":0,"sqn":0.0,"profit_factor":0.0,"max_drawdown_account":0.0,"max_drawdown_abs":0.0},{"key":"LINK/USDT:USDT","trades":0,"profit_mean":0.0,"profit_mean_pct":0.0,"profit_total_abs":0.0,"profit_total":0.0,"profit_total_pct":0.0,"duration_avg":"0:00","wins":0,"draws":0,"losses":0,"winrate":0.0,"cagr":0.0,"expectancy":0.0,"expectancy_ratio":100.0,"sortino":0,"sharpe":0,"calmar":0,"sqn":0.0,"profit_factor":0.0,"max_drawdown_account":0.0,"max_drawdown_abs":0.0},{"key":"UNI/USDT:USDT","trades":0,"profit_mean":0.0,"profit_mean_pct":0.0,"profit_total_abs":0.0,"profit_total":0.0,"profit_total_pct":0.0,"duration_avg":"0:00","wins":0,"draws":0,"losses":0,"winrate":0.0,"cagr":0.0,"expectancy":0.0,"expectancy_ratio":100.0,"sortino":0,"sharpe":0,"calmar":0,"sqn":0.0,"profit_factor":0.0,"max_drawdown_account":0.0,"max_drawdown_abs":0.0},{"key":"TOTAL","trades":1,"profit_mean":0.006678205717468094,"profit_mean_pct":0.67,"profit_total_abs":0.65898084,"profit_total":0.00065898084,"profit_total_pct":0.07,"duration_avg":"0:51:00","wins":1,"draws":0,"losses":0,"winrate":1.0,"cagr":0.0040837189642144445,"expectancy":0.65898084,"expectancy_ratio":100.0,"sortino":-100,"sharpe":-100,"calmar":-100,"sqn":-100.0,"profit_factor":0.0,"max_drawdown_account":0.0,"max_drawdown_abs":0.0}],"results_per_enter_tag":[{"key":"","trades":1,"profit_mean":0.006678205717468094,"profit_mean_pct":0.67,"profit_total_abs":0.65898084,"profit_total":0.00065898084,"profit_total_pct":0.07,"duration_avg":"0:51:00","wins":1,"draws":0,"losses":0,"winrate":1.0,"cagr":0.0040837189642144445,"expectancy":0.65898084,"expectancy_ratio":100.0,"sortino":-100,"sharpe":-100,"calmar":-100,"sqn":-100.0,"profit_factor":0.0,"max_drawdown_account":0.0,"max_drawdown_abs":0.0},{"key":"TOTAL","trades":1,"profit_mean":0.006678205717468094,"profit_mean_pct":0.67,"profit_total_abs":0.65898084,"profit_total":0.00065898084,"profit_total_pct":0.07,"duration_avg":"0:51:00","wins":1,"draws":0,"losses":0,"winrate":1.0,"cagr":0.0040837189642144445,"expectancy":0.65898084,"expectancy_ratio":100.0,"sortino":-100,"sharpe":-100,"calmar":-100,"sqn":-100.0,"profit_factor":0.0,"max_drawdown_account":0.0,"max_drawdown_abs":0.0}],"exit_reason_summary":[{"key":"trailing_stop_loss","trades":1,"profit_mean":0.006678205717468094,"profit_mean_pct":0.67,"profit_total_abs":0.65898084,"profit_total":0.00065898084,"profit_total_pct":0.07,"duration_avg":"0:51:00","wins":1,"draws":0,"losses":0,"winrate":1.0,"cagr":0.0040837189642144445,"expectancy":0.65898084,"expectancy_ratio":100.0,"sortino":-100,"sharpe":-100,"calmar":-100,"sqn":-100.0,"profit_factor":0.0,"max_drawdown_account":0.0,"max_drawdown_abs":0.0},{"key":"TOTAL","trades":1,"profit_mean":0.006678205717468094,"profit_mean_pct":0.67,"profit_total_abs":0.65898084,"profit_total":0.00065898084,"profit_total_pct":0.07,"duration_avg":"0:51:00","wins":1,"draws":0,"losses":0,"winrate":1.0,"cagr":0.0040837189642144445,"expectancy":0.65898084,"expectancy_ratio":100.0,"sortino":-100,"sharpe":-100,"calmar":-100,"sqn":-100.0,"profit_factor":0.0,"max_drawdown_account":0.0,"max_drawdown_abs":0.0}],"mix_tag_stats":[{"key":["","trailing_stop_loss"],"trades":1,"profit_mean":0.006678205717468094,"profit_mean_pct":0.67,"profit_total_abs":0.65898084,"profit_total":0.00065898084,"profit_total_pct":0.07,"duration_avg":"0:51:00","wins":1,"draws":0,"losses":0,"winrate":1.0,"cagr":0.0040837189642144445,"expectancy":0.65898084,"expectancy_ratio":100.0,"sortino":-100,"sharpe":-100,"calmar":-100,"sqn":-100.0,"profit_factor":0.0,"max_drawdown_account":0.0,"max_drawdown_abs":0.0},{"key":"TOTAL","trades":1,"profit_mean":0.006678205717468094,"profit_mean_pct":0.67,"profit_total_abs":0.65898084,"profit_total":0.00065898084,"profit_total_pct":0.07,"duration_avg":"0:51:00","wins":1,"draws":0,"losses":0,"winrate":1.0,"cagr":0.0040837189642144445,"expectancy":0.65898084,"expectancy_ratio":100.0,"sortino":-100,"sharpe":-100,"calmar":-100,"sqn":-100.0,"profit_factor":0.0,"max_drawdown_account":0.0,"max_drawdown_abs":0.0}],"left_open_trades":[{"key":"TOTAL","trades":0,"profit_mean":0.0,"profit_mean_pct":0.0,"profit_total_abs":0.0,"profit_total":0.0,"profit_total_pct":0.0,"duration_avg":"0:00","wins":0,"draws":0,"losses":0,"winrate":0.0,"cagr":0.0,"expectancy":0.0,"expectancy_ratio":100.0,"sortino":0,"sharpe":0,"calmar":0,"sqn":0.0,"profit_factor":0.0,"max_drawdown_account":0.0,"max_drawdown_abs":0.0}],"total_trades":1,"trade_count_long":1,"trade_count_short":0,"total_volume":198.05138555663999,"avg_stake_amount":98.6566,"profit_mean":0.006678205717468094,"profit_median":0.006678205717468094,"profit_total":0.00065898084,"profit_total_long":0.00065898084,"profit_total_short":0.0,"profit_total_abs":0.65898084,"profit_total_long_abs":0.65898084,"profit_total_short_abs":0.0,"cagr":0.0040837189642144445,"expectancy":0.65898084,"expectancy_ratio":100.0,"sortino":-100,"sharpe":-100,"calmar":-100,"sqn":-100.0,"profit_factor":0.0,"backtest_start":"2024-01-01 03:20:00","backtest_start_ts":1704079200000,"backtest_end":"2024-03-01 00:00:00","backtest_end_ts":1709251200000,"backtest_days":59,"backtest_run_start_ts":1768476808,"backtest_run_end_ts":1768476812,"trades_per_day":0.02,"market_change":0.28910683609128573,"pairlist":["BTC/USDT:USDT","ETH/USDT:USDT","SOL/USDT:USDT","XRP/USDT:USDT","DOGE/USDT:USDT","LTC/USDT:USDT","LINK/USDT:USDT","UNI/USDT:USDT"],"stake_amount":"unlimited","stake_currency":"USDT","stake_currency_decimals":3,"starting_balance":1000,"dry_run_wallet":1000,"final_balance":1000.65898084,"rejected_signals":0,"timedout_entry_orders":0,"timedout_exit_orders":0,"canceled_trade_entries":0,"canceled_entry_orders":0,"replaced_entry_orders":0,"max_open_trades":8,"max_open_trades_setting":10,"timeframe":"1m","timeframe_detail":"","timerange":"20240101-20240301","enable_protections":false,"strategy_name":"FutureHighFreqV1","freqaimodel":null,"freqai_identifier":null,"stoploss":-0.008,"trailing_stop":true,"trailing_stop_positive":0.004,"trailing_stop_positive_offset":0.006,"trailing_only_offset_is_reached":true,"use_custom_stoploss":false,"minimal_roi":{"0":0.02,"60":0.01,"180":0.005,"360":0},"use_exit_signal":true,"exit_profit_only":false,"exit_profit_offset":0.0,"ignore_roi_if_entry_signal":false,"trading_mode":"futures","margin_mode":"isolated","periodic_breakdown":{"day":[{"date":"17/01/2024","date_ts":1705449600000,"profit_abs":0.65898084,"wins":1,"draws":0,"losses":0,"trades":1,"profit_factor":0.0}],"week":[{"date":"22/01/2024","date_ts":1705881600000,"profit_abs":0.65898084,"wins":1,"draws":0,"losses":0,"trades":1,"profit_factor":0.0}],"month":[{"date":"31/01/2024","date_ts":1706659200000,"profit_abs":0.65898084,"wins":1,"draws":0,"losses":0,"trades":1,"profit_factor":0.0}],"year":[{"date":"31/12/2024","date_ts":1735603200000,"profit_abs":0.65898084,"wins":1,"draws":0,"losses":0,"trades":1,"profit_factor":0.0}],"weekday":[{"date":"Wednesday","date_ts":2,"profit_abs":0.65898084,"wins":1,"draws":0,"losses":0,"trades":1,"profit_factor":0.0}]},"backtest_best_day":0.006678205717468094,"backtest_worst_day":0.006678205717468094,"backtest_best_day_abs":0.65898084,"backtest_worst_day_abs":0.65898084,"winning_days":1,"draw_days":0,"losing_days":0,"daily_profit":[["2024-01-17",0.65898084]],"wins":1,"losses":0,"draws":0,"winrate":1.0,"holding_avg":"0:51:00","holding_avg_s":3060.0,"winner_holding_min":"0d 00:51","winner_holding_min_s":3060.0,"winner_holding_max":"0d 00:51","winner_holding_max_s":3060.0,"winner_holding_avg":"0d 00:51","winner_holding_avg_s":3060.0,"loser_holding_min":"0d 00:00","loser_holding_min_s":0.0,"loser_holding_max":"0d 00:00","loser_holding_max_s":0.0,"loser_holding_avg":"0d 00:00","loser_holding_avg_s":0.0,"max_consecutive_wins":1,"max_consecutive_losses":0,"max_drawdown_account":0.0,"max_relative_drawdown":0.0,"max_drawdown_abs":0.0,"drawdown_start":"2024-01-17 20:40:00","drawdown_start_ts":1705524000000.0,"drawdown_end":"2024-01-17 20:40:00","drawdown_end_ts":1705524000000.0,"drawdown_duration":"0 days 00:00:00","drawdown_duration_s":0.0,"max_drawdown_low":0.0,"max_drawdown_high":0.0,"csum_min":1000.65898084,"csum_max":1000.65898084}},"strategy_comparison":[{"key":"FutureHighFreqV1","trades":1,"profit_mean":0.006678205717468094,"profit_mean_pct":0.67,"profit_total_abs":0.65898084,"profit_total":0.00065898084,"profit_total_pct":0.07,"duration_avg":"0:51:00","wins":1,"draws":0,"losses":0,"winrate":1.0,"cagr":0.0040837189642144445,"expectancy":0.65898084,"expectancy_ratio":100.0,"sortino":-100,"sharpe":-100,"calmar":-100,"sqn":-100.0,"profit_factor":0.0,"max_drawdown_account":0.0,"max_drawdown_abs":"0"}]}