{"strategy":{"FutureUltraMomentum":{"trades":[{"pair":"SOL/USDT:USDT","stake_amount":98.604,"max_stake_amount":98.604,"amount":0.99,"open_date":"2024-01-03 12:49:00+00:00","close_date":"2024-01-03 13:05:00+00:00","open_rate":99.6,"close_rate":98.604,"fee_open":0.0002,"fee_close":0.0002,"trade_duration":16,"profit_ratio":-0.010395920795557735,"profit_abs":-1.02528439,"exit_reason":"stop_loss","initial_stop_loss_abs":98.604,"initial_stop_loss_ratio":-0.01,"stop_loss_abs":98.604,"stop_loss_ratio":-0.01,"min_rate":98.31,"max_rate":101.17,"is_open":false,"enter_tag":"","leverage":1.0,"is_short":false,"open_timestamp":1704286140000,"close_timestamp":1704287100000,"orders":[{"amount":0.99,"safe_price":99.6,"ft_order_side":"buy","order_filled_timestamp":1704286140000,"ft_is_entry":true,"ft_order_tag":"","cost":98.6237208},{"amount":0.99,"safe_price":98.604,"ft_order_side":"sell","order_filled_timestamp":1704287100000,"ft_is_entry":false,"ft_order_tag":"stop_loss","cost":97.637483592}],"funding_fees":0.0,"weekday":2},{"pair":"SOL/USDT:USDT","stake_amount":98.6684,"max_stake_amount":98.6684,"amount":0.97,"open_date":"2024-01-03 16:01:00+00:00","close_date":"2024-01-03 16:06:00+00:00","open_rate":101.72,"close_rate":100.7028,"fee_open":0.0002,"fee_close":0.0002,"trade_duration":5,"profit_ratio":-0.010395920783411453,"profit_abs":-1.02595402,"exit_reason":"stop_loss","initial_stop_loss_abs":100.7028,"initial_stop_loss_ratio":-0.01,"stop_loss_abs":100.7028,"stop_loss_ratio":-0.01,"min_rate":100.6,"max_rate":103.24,"is_open":false,"enter_tag":"","leverage":1.0,"is_short":false,"open_timestamp":1704297660000,"close_timestamp":1704297960000,"orders":[{"amount":0.97,"safe_price":101.72,"ft_order_side":"buy","order_filled_timestamp":1704297660000,"ft_is_entry":true,"ft_order_tag":"","cost":98.68813367999999},{"amount":0.97,"safe_price":100.7028,"ft_order_side":"sell","order_filled_timestamp":1704297960000,"ft_is_entry":false,"ft_order_tag":"stop_loss","cost":97.7012523432}],"funding_fees":0.0,"weekday":2},{"pair":"DOGE/USDT:USDT","stake_amount":98.2155,"max_stake_amount":98.2155,"amount":1230.0,"open_date":"2024-01-09 17:28:00+00:00","close_date":"2024-01-09 17:30:00+00:00","open_rate":0.07985,"close_rate":0.08227792558511703,"fee_open":0.0002,"fee_close":0.0002,"trade_duration":2,"profit_ratio":0.029994001199760045,"profit_abs":2.946465,"exit_reason":"roi","initial_stop_loss_abs":0.07906,"initial_stop_loss_ratio":-0.01,"stop_loss_abs":0.07906,"stop_loss_ratio":-0.01,"min_rate":0.07983,"max_rate":0.08279,"is_open":false,"enter_tag":"","leverage":1.0,"is_short":false,"open_timestamp":1704821280000,"close_timestamp":1704821400000,"orders":[{"amount":1230.0,"safe_price":0.07985,"ft_order_side":"buy","order_filled_timestamp":1704821280000,"ft_is_entry":true,"ft_order_tag":"","cost":98.2351431},{"amount":1230.0,"safe_price":0.08227792558511703,"ft_order_side":"sell","order_filled_timestamp":1704821400000,"ft_is_entry":false,"ft_order_tag":"roi","cost":101.22208883938788}],"funding_fees":0.0,"weekday":1},{"pair":"ETH/USDT:USDT","stake_amount":98.23758,"max_stake_amount":98.23758,"amount":0.042,"open_date":"2024-01-09 21:44:00+00:00","close_date":"2024-01-09 21:55:00+00:00","open_rate":2338.99,"close_rate":2315.6000999999997,"fee_open":0.0002,"fee_close":0.0002,"trade_duration":11,"profit_ratio":-0.010395920847997318,"profit_abs":-1.02147436,"exit_reason":"stop_loss","initial_stop_loss_abs":2315.6000999999997,"initial_stop_loss_ratio":-0.01,"stop_loss_abs":2315.6000999999997,"stop_loss_ratio":-0.01,"min_rate":2308.0,"max_rate":2376.39,"is_open":false,"enter_tag":"","leverage":1.0,"is_short":false,"open_timestamp":1704836640000,"close_timestamp":1704837300000,"orders":[{"amount":0.042,"safe_price":2338.99,"ft_order_side":"buy","order_filled_timestamp":1704836640000,"ft_is_entry":true,"ft_order_tag":"","cost":98.25722751599999},{"amount":0.042,"safe_price":2315.6000999999997,"ft_order_side":"sell","order_filled_timestamp":1704837300000,"ft_is_entry":false,"ft_order_tag":"stop_loss","cost":97.27465524083999}],"funding_fees":0.0,"weekday":1},{"pair":"XRP/USDT:USDT","stake_amount":98.8512,"max_stake_amount":98.8512,"amount":168.0,"open_date":"2024-01-10 21:13:00+00:00","close_date":"2024-01-10 21:15:00+00:00","open_rate":0.5884,"close_rate":0.5826,"fee_open":0.0002,"fee_close":0.0002,"trade_duration":2,"profit_ratio":-0.010253217881236804,"profit_abs":-1.0137456,"exit_reason":"stop_loss","initial_stop_loss_abs":0.5826,"initial_stop_loss_ratio":-0.01,"stop_loss_abs":0.5826,"stop_loss_ratio":-0.01,"min_rate":0.5826,"max_rate":0.5896,"is_open":false,"enter_tag":"","leverage":1.0,"is_short":false,"open_timestamp":1704921180000,"close_timestamp":1704921300000,"orders":[{"amount":168.0,"safe_price":0.5884,"ft_order_side":"buy","order_filled_timestamp":1704921180000,"ft_is_entry":true,"ft_order_tag":"","cost":98.87097024},{"amount":168.0,"safe_price":0.5826,"ft_order_side":"sell","order_filled_timestamp":1704921300000,"ft_is_entry":false,"ft_order_tag":"stop_loss","cost":97.89637536000001}],"funding_fees":0.0,"weekday":2}],"locks":[],"best_pair":{"key":"DOGE/USDT:USDT","trades":1,"profit_mean":0.029994001199760045,"profit_mean_pct":3.0,"profit_total_abs":2.946465,"profit_total":0.0029464649999999997,"profit_total_pct":0.29,"duration_avg":"0:02:00","wins":1,"draws":0,"losses":0,"winrate":1.0,"cagr":0.0377244536862118,"expectancy":2.946465,"expectancy_ratio":100.0,"sortino":-100,"sharpe":-100,"calmar":-100,"sqn":-100.0,"profit_factor":0.0,"max_drawdown_account":0.0,"max_drawdown_abs":0.0},"worst_pair":{"key":"SOL/USDT:USDT","trades":2,"profit_mean":-0.010395920789484595,"profit_mean_pct":-1.04,"profit_total_abs":-2.05123841,"profit_total":-0.00205123841,"profit_total_pct":-0.21,"duration_avg":"0:10:00","wins":0,"draws":0,"losses":2,"winrate":0.0,"cagr":-0.025512732717400732,"expectancy":-1.025619205,"expectancy_ratio":-1.0,"sortino":-4036.0790902694653,"sharpe":-4036.0790902694653,"calmar":-65.87921784325114,"sqn":-3063.2415,"profit_factor":0.0,"max_drawdown_account":0.002051238409999996,"max_drawdown_abs":2.05123841},"results_per_pair":[{"key":"DOGE/USDT:USDT","trades":1,"profit_mean":0.029994001199760045,"profit_mean_pct":3.0,"profit_total_abs":2.946465,"profit_total":0.0029464649999999997,"profit_total_pct":0.29,"duration_avg":"0:02:00","wins":1,"draws":0,"losses":0,"winrate":1.0,"cagr":0.0377244536862118,"expectancy":2.946465,"expectancy_ratio":100.0,"sortino":-100,"sharpe":-100,"calmar":-100,"sqn":-100.0,"profit_factor":0.0,"max_drawdown_account":0.0,"max_drawdown_abs":0.0},{"key":"BTC/USDT:USDT","trades":0,"profit_mean":0.0,"profit_mean_pct":0.0,"profit_total_abs":0.0,"profit_total":0.0,"profit_total_pct":0.0,"duration_avg":"0:00","wins":0,"draws":0,"losses":0,"winrate":0.0,"cagr":0.0,"expectancy":0.0,"expectancy_ratio":100.0,"sortino":0,"sharpe":0,"calmar":0,"sqn":0.0,"profit_factor":0.0,"max_drawdown_account":0.0,"max_drawdown_abs":0.0},{"key":"LTC/USDT:USDT","trades":0,"profit_mean":0.0,"profit_mean_pct":0.0,"profit_total_abs":0.0,"profit_total":0.0,"profit_total_pct":0.0,"duration_avg":"0:00","wins":0,"draws":0,"losses":0,"winrate":0.0,"cagr":0.0,"expectancy":0.0,"expectancy_ratio":100.0,"sortino":0,"sharpe":0,"calmar":0,"sqn":0.0,"profit_factor":0.0,"max_drawdown_account":0.0,"max_drawdown_abs":0.0},{"key":"LINK/USDT:USDT","trades":0,"profit_mean":0.0,"profit_mean_pct":0.0,"profit_total_abs":0.0,"profit_total":0.0,"profit_total_pct":0.0,"duration_avg":"0:00","wins":0,"draws":0,"losses":0,"winrate":0.0,"cagr":0.0,"expectancy":0.0,"expectancy_ratio":100.0,"sortino":0,"sharpe":0,"calmar":0,"sqn":0.0,"profit_factor":0.0,"max_drawdown_account":0.0,"max_drawdown_abs":0.0},{"key":"UNI/USDT:USDT","trades":0,"profit_mean":0.0,"profit_mean_pct":0.0,"profit_total_abs":0.0,"profit_total":0.0,"profit_total_pct":0.0,"duration_avg":"0:00","wins":0,"draws":0,"losses":0,"winrate":0.0,"cagr":0.0,"expectancy":0.0,"expectancy_ratio":100.0,"sortino":0,"sharpe":0,"calmar":0,"sqn":0.0,"profit_factor":0.0,"max_drawdown_account":0.0,"max_drawdown_abs":0.0},{"key":"XRP/USDT:USDT","trades":1,"profit_mean":-0.010253217881236804,"profit_mean_pct":-1.03,"profit_total_abs":-1.0137456,"profit_total":-0.0010137456000000001,"profit_total_pct":-0.1,"duration_avg":"0:02:00","wins":0,"draws":0,"losses":1,"winrate":0.0,"cagr":-0.012684547813535785,"expectancy":-1.0137456,"expectancy_ratio":-1.0,"sortino":-100,"sharpe":-100,"calmar":-65.8792178432515,"sqn":-100.0,"profit_factor":0.0,"max_drawdown_account":0.001013745599999993,"max_drawdown_abs":1.0137456},{"key":"ETH/USDT:USDT","trades":1,"profit_mean":-0.010395920847997318,"profit_mean_pct":-1.04,"profit_total_abs":-1.02147436,"profit_total":-0.00102147436,"profit_total_pct":-0.1,"duration_avg":"0:11:00","wins":0,"draws":0,"losses":1,"winrate":0.0,"cagr":-0.012780682838844593,"expectancy":-1.02147436,"expectancy_ratio":-1.0,"sortino":-100,"sharpe":-100,"calmar":-65.87921784325383,"sqn":-100.0,"profit_factor":0.0,"max_drawdown_account":0.0010214743599999566,"max_drawdown_abs":1.02147436},{"key":"SOL/USDT:USDT","trades":2,"profit_mean":-0.010395920789484595,"profit_mean_pct":-1.04,"profit_total_abs":-2.05123841,"profit_total":-0.00205123841,"profit_total_pct":-0.21,"duration_avg":"0:10:00","wins":0,"draws":0,"losses":2,"winrate":0.0,"cagr":-0.025512732717400732,"expectancy":-1.025619205,"expectancy_ratio":-1.0,"sortino":-4036.0790902694653,"sharpe":-4036.0790902694653,"calmar":-65.87921784325114,"sqn":-3063.2415,"profit_factor":0.0,"max_drawdown_account":0.002051238409999996,"max_drawdown_abs":2.05123841},{"key":"TOTAL","trades":5,"profit_mean":-0.0022893958216886534,"profit_mean_pct":-0.23,"profit_total_abs":-1.13999337,"profit_total":-0.00113999337,"profit_total_pct":-0.11,"duration_avg":"0:07:00","wins":1,"draws":0,"losses":4,"winrate":0.2,"cagr":-0.014253815667341185,"expectancy":-0.22799867400000007,"expectancy_ratio":-0.22317484076070493,"sortino":-154.72695919611238,"sharpe":-0.4731608129451702,"calmar":-36.6129413314233,"sqn":-0.2873,"profit_factor":0.7210314490491188,"max_drawdown_account":0.002051238409999996,"max_drawdown_abs":2.05123841}],"results_per_enter_tag":[{"key":"","trades":5,"profit_mean":-0.0022893958216886534,"profit_mean_pct":-0.23,"profit_total_abs":-1.13999337,"profit_total":-0.00113999337,"profit_total_pct":-0.11,"duration_avg":"0:07:00","wins":1,"draws":0,"losses":4,"winrate":0.2,"cagr":-0.014253815667341185,"expectancy":-0.22799867400000007,"expectancy_ratio":-0.22317484076070493,"sortino":-154.72695919611238,"sharpe":-0.4731608129451702,"calmar":-36.6129413314233,"sqn":-0.2873,"profit_factor":0.7210314490491188,"max_drawdown_account":0.002051238409999996,"max_drawdown_abs":2.05123841},{"key":"TOTAL","trades":5,"profit_mean":-0.0022893958216886534,"profit_mean_pct":-0.23,"profit_total_abs":-1.13999337,"profit_total":-0.00113999337,"profit_total_pct":-0.11,"duration_avg":"0:07:00","wins":1,"draws":0,"losses":4,"winrate":0.2,"cagr":-0.014253815667341185,"expectancy":-0.22799867400000007,"expectancy_ratio":-0.22317484076070493,"sortino":-154.72695919611238,"sharpe":-0.4731608129451702,"calmar":-36.6129413314233,"sqn":-0.2873,"profit_factor":0.7210314490491188,"max_drawdown_account":0.002051238409999996,"max_drawdown_abs":2.05123841}],"exit_reason_summary":[{"key":"roi","trades":1,"profit_mean":0.029994001199760045,"profit_mean_pct":3.0,"profit_total_abs":2.946465,"profit_total":0.0029464649999999997,"profit_total_pct":0.29,"duration_avg":"0:02:00","wins":1,"draws":0,"losses":0,"winrate":1.0,"cagr":0.0377244536862118,"expectancy":2.946465,"expectancy_ratio":100.0,"sortino":-100,"sharpe":-100,"calmar":-100,"sqn":-100.0,"profit_factor":0.0,"max_drawdown_account":0.0,"max_drawdown_abs":0.0},{"key":"stop_loss","trades":4,"profit_mean":-0.010360245077050828,"profit_mean_pct":-1.04,"profit_total_abs":-4.08645837,"profit_total":-0.00408645837,"profit_total_pct":-0.41,"duration_avg":"0:08:00","wins":0,"draws":0,"losses":4,"winrate":0.0,"cagr":-0.05023280956771159,"expectancy":-1.0216145925,"expectancy_ratio":-1.0,"sortino":-554.6394339746045,"sharpe":-554.6394339746045,"calmar":-65.8792178432519,"sqn":-364.5549,"profit_factor":0.0,"max_drawdown_account":0.004086458369999946,"max_drawdown_abs":4.08645837},{"key":"TOTAL","trades":5,"profit_mean":-0.0022893958216886534,"profit_mean_pct":-0.23,"profit_total_abs":-1.13999337,"profit_total":-0.00113999337,"profit_total_pct":-0.11,"duration_avg":"0:07:00","wins":1,"draws":0,"losses":4,"winrate":0.2,"cagr":-0.014253815667341185,"expectancy":-0.22799867400000007,"expectancy_ratio":-0.22317484076070493,"sortino":-154.72695919611238,"sharpe":-0.4731608129451702,"calmar":-36.6129413314233,"sqn":-0.2873,"profit_factor":0.7210314490491188,"max_drawdown_account":0.002051238409999996,"max_drawdown_abs":2.05123841}],"mix_tag_stats":[{"key":["","roi"],"trades":1,"profit_mean":0.029994001199760045,"profit_mean_pct":3.0,"profit_total_abs":2.946465,"profit_total":0.0029464649999999997,"profit_total_pct":0.29,"duration_avg":"0:02:00","wins":1,"draws":0,"losses":0,"winrate":1.0,"cagr":0.0377244536862118,"expectancy":2.946465,"expectancy_ratio":100.0,"sortino":-100,"sharpe":-100,"calmar":-100,"sqn":-100.0,"profit_factor":0.0,"max_drawdown_account":0.0,"max_drawdown_abs":0.0},{"key":["","stop_loss"],"trades":4,"profit_mean":-0.010360245077050828,"profit_mean_pct":-1.04,"profit_total_abs":-4.08645837,"profit_total":-0.00408645837,"profit_total_pct":-0.41,"duration_avg":"0:08:00","wins":0,"draws":0,"losses":4,"winrate":0.0,"cagr":-0.05023280956771159,"expectancy":-1.0216145925,"expectancy_ratio":-1.0,"sortino":-554.6394339746045,"sharpe":-554.6394339746045,"calmar":-65.8792178432519,"sqn":-364.5549,"profit_factor":0.0,"max_drawdown_account":0.004086458369999946,"max_drawdown_abs":4.08645837},{"key":"TOTAL","trades":5,"profit_mean":-0.0022893958216886534,"profit_mean_pct":-0.23,"profit_total_abs":-1.13999337,"profit_total":-0.00113999337,"profit_total_pct":-0.11,"duration_avg":"0:07:00","wins":1,"draws":0,"losses":4,"winrate":0.2,"cagr":-0.014253815667341185,"expectancy":-0.22799867400000007,"expectancy_ratio":-0.22317484076070493,"sortino":-154.72695919611238,"sharpe":-0.4731608129451702,"calmar":-36.6129413314233,"sqn":-0.2873,"profit_factor":0.7210314490491188,"max_drawdown_account":0.002051238409999996,"max_drawdown_abs":2.05123841}],"left_open_trades":[{"key":"TOTAL","trades":0,"profit_mean":0.0,"profit_mean_pct":0.0,"profit_total_abs":0.0,"profit_total":0.0,"profit_total_pct":0.0,"duration_avg":"0:00","wins":0,"draws":0,"losses":0,"winrate":0.0,"cagr":0.0,"expectancy":0.0,"expectancy_ratio":100.0,"sortino":0,"sharpe":0,"calmar":0,"sqn":0.0,"profit_factor":0.0,"max_drawdown_account":0.0,"max_drawdown_abs":0.0}],"total_trades":5,"trade_count_long":5,"trade_count_short":0,"total_volume":984.4070507114279,"avg_stake_amount":98.515336,"profit_mean":-0.0022893958216886534,"profit_median":-0.010395920783411453,"profit_total":-0.00113999337,"profit_total_long":-0.00113999337,"profit_total_short":0.0,"profit_total_abs":-1.13999337,"profit_total_long_abs":-1.13999337,"profit_total_short_abs":0.0,"cagr":-0.014253815667341185,"expectancy":-0.22799867400000007,"expectancy_ratio":-0.22317484076070493,"sortino":-154.72695919611238,"sharpe":-0.4731608129451702,"calmar":-36.6129413314233,"sqn":-0.2873,"profit_factor":0.7210314490491188,"backtest_start":"2024-01-01 03:20:00","backtest_start_ts":1704079200000,"backtest_end":"2024-01-31 00:00:00","backtest_end_ts":1706659200000,"backtest_days":29,"backtest_run_start_ts":1768523858,"backtest_run_end_ts":1768523860,"trades_per_day":0.17,"market_change":-0.05356929195036539,"pairlist":["BTC/USDT:USDT","ETH/USDT:USDT","SOL/USDT:USDT","XRP/USDT:USDT","DOGE/USDT:USDT","LTC/USDT:USDT","LINK/USDT:USDT","UNI/USDT:USDT"],"stake_amount":"unlimited","stake_currency":"USDT","stake_currency_decimals":3,"starting_balance":1000,"dry_run_wallet":1000,"final_balance":998.86000663,"rejected_signals":0,"timedout_entry_orders":0,"timedout_exit_orders":0,"canceled_trade_entries":0,"canceled_entry_orders":0,"replaced_entry_orders":0,"max_open_trades":8,"max_open_trades_setting":10,"timeframe":"1m","timeframe_detail":"","timerange":"20240101-20240131","enable_protections":false,"strategy_name":"FutureUltraMomentum","freqaimodel":null,"freqai_identifier":null,"stoploss":-0.01,"trailing_stop":false,"trailing_stop_positive":null,"trailing_stop_positive_offset":0.0,"trailing_only_offset_is_reached":false,"use_custom_stoploss":false,"minimal_roi":{"0":0.03,"60":0.02,"180":0.015,"360":0.01},"use_exit_signal":true,"exit_profit_only":false,"exit_profit_offset":0.0,"ignore_roi_if_entry_signal":false,"trading_mode":"futures","margin_mode":"isolated","periodic_breakdown":{"day":[{"date":"03/01/2024","date_ts":1704240000000,"profit_abs":-2.05123841,"wins":0,"draws":0,"losses":2,"trades":2,"profit_factor":0.0},{"date":"04/01/2024","date_ts":1704326400000,"profit_abs":0.0,"wins":0,"draws":0,"losses":0,"trades":0,"profit_factor":0.0},{"date":"05/01/2024","date_ts":1704412800000,"profit_abs":0.0,"wins":0,"draws":0,"losses":0,"trades":0,"profit_factor":0.0},{"date":"06/01/2024","date_ts":1704499200000,"profit_abs":0.0,"wins":0,"draws":0,"losses":0,"trades":0,"profit_factor":0.0},{"date":"07/01/2024","date_ts":1704585600000,"profit_abs":0.0,"wins":0,"draws":0,"losses":0,"trades":0,"profit_factor":0.0},{"date":"08/01/2024","date_ts":1704672000000,"profit_abs":0.0,"wins":0,"draws":0,"losses":0,"trades":0,"profit_factor":0.0},{"date":"09/01/2024","date_ts":1704758400000,"profit_abs":1.92499064,"wins":1,"draws":0,"losses":1,"trades":2,"profit_factor":2.88452174},{"date":"10/01/2024","date_ts":1704844800000,"profit_abs":-1.0137456,"wins":0,"draws":0,"losses":1,"trades":1,"profit_factor":0.0}],"week":[{"date":"08/01/2024","date_ts":1704672000000,"profit_abs":-2.05123841,"wins":0,"draws":0,"losses":2,"trades":2,"profit_factor":0.0},{"date":"15/01/2024","date_ts":1705276800000,"profit_abs":0.91124504,"wins":1,"draws":0,"losses":2,"trades":3,"profit_factor":1.44773787}],"month":[{"date":"31/01/2024","date_ts":1706659200000,"profit_abs":-1.13999337,"wins":1,"draws":0,"losses":4,"trades":5,"profit_factor":0.72103145}],"year":[{"date":"31/12/2024","date_ts":1735603200000,"profit_abs":-1.13999337,"wins":1,"draws":0,"losses":4,"trades":5,"profit_factor":0.72103145}],"weekday":[{"date":"Tuesday","date_ts":1,"profit_abs":1.92499064,"wins":1,"draws":0,"losses":1,"trades":2,"profit_factor":2.88452174},{"date":"Wednesday","date_ts":2,"profit_abs":-3.06498401,"wins":0,"draws":0,"losses":3,"trades":3,"profit_factor":0.0}]},"backtest_best_day":0.019598080351762727,"backtest_worst_day":-0.02079184157896919,"backtest_best_day_abs":1.92499064,"backtest_worst_day_abs":-2.05123841,"winning_days":1,"draw_days":5,"losing_days":2,"daily_profit":[["2024-01-03",-2.05123841],["2024-01-04",0.0],["2024-01-05",0.0],["2024-01-06",0.0],["2024-01-07",0.0],["2024-01-08",0.0],["2024-01-09",1.92499064],["2024-01-10",-1.0137456]],"wins":1,"losses":4,"draws":0,"winrate":0.2,"holding_avg":"0:07:00","holding_avg_s":420.0,"winner_holding_min":"0d 00:02","winner_holding_min_s":120.0,"winner_holding_max":"0d 00:02","winner_holding_max_s":120.0,"winner_holding_avg":"0d 00:02","winner_holding_avg_s":120.0,"loser_holding_min":"0d 00:02","loser_holding_min_s":120.0,"loser_holding_max":"0d 00:16","loser_holding_max_s":960.0,"loser_holding_avg":"0d 00:08","loser_holding_avg_s":480.0,"max_consecutive_wins":1,"max_consecutive_losses":2,"max_drawdown_account":0.002051238409999996,"max_relative_drawdown":0.002051238409999996,"max_drawdown_abs":2.05123841,"drawdown_start":"2024-01-03 13:05:00","drawdown_start_ts":1704287100000.0,"drawdown_end":"2024-01-03 16:06:00","drawdown_end_ts":1704297960000.0,"drawdown_duration":"0 days 03:01:00","drawdown_duration_s":10860.0,"max_drawdown_low":-2.05123841,"max_drawdown_high":0.0,"csum_min":997.94876159,"csum_max":1000.89522659}},"strategy_comparison":[{"key":"FutureUltraMomentum","trades":5,"profit_mean":-0.0022893958216886534,"profit_mean_pct":-0.23,"profit_total_abs":-1.13999337,"profit_total":-0.00113999337,"profit_total_pct":-0.11,"duration_avg":"0:07:00","wins":1,"draws":0,"losses":4,"winrate":0.2,"cagr":-0.014253815667341185,"expectancy":-0.22799867400000007,"expectancy_ratio":-0.22317484076070493,"sortino":-154.72695919611238,"sharpe":-0.4731608129451702,"calmar":-36.6129413314233,"sqn":-0.2873,"profit_factor":0.7210314490491188,"max_drawdown_account":0.002051238409999996,"max_drawdown_abs":"2.051"}]}